video_id,author,comment,like_count,published,comment_clean,comment_normalized
At9u_bDYIe0,@DelfitaBatam,Memangm. Mafia pajak mafia bea cukai mafia polisi dan mafia di kantor kantor baik dipemerinttahan maupun daerah dan kelurahan tak bisadiberantas karena. Mereka saling melindungi satu sama sudah menjadi kebiasaan walaupun pergantian pejabat oleh sebab itu saya mendukung sekali gebrakan Pak Menkeu sekarang yg sebelum nya tak pernah ada gerakannya malah memberikan tambahan gaji dan memperkaya pada pejabat mereka,0,2025-11-19T05:44:39Z,Memangm Mafia pajak mafia bea cukai mafia polisi dan mafia di kantor kantor baik dipemerinttahan maupun daerah dan kelurahan tak bisadiberantas karena Mereka saling melindungi satu sama sudah menjadi kebiasaan walaupun pergantian pejabat oleh sebab itu saya mendukung sekali gebrakan Pak Menkeu sekarang yg sebelum nya tak pernah ada gerakannya malah memberikan tambahan gaji dan memperkaya pada pejabat mereka,memangm mafia pajak mafia bea cukai mafia polisi mafia kantor kantor baik dipemerinttahan maupun daerah kelurahan tak bisadiberanta sale melindungi satu sama menjadi kebiasaan walaupun pergantian pejabat mendukung sekali gebrakan pak menkeu sekarang nya tak pernah gerakannya malah memberikan tambahan gaji memperkaya pejabat
At9u_bDYIe0,@AKIRATAMPAN,"Pak Purbaya antek"" wiwi dan wowo jd aku ngga percaya dgn ketiga org ini 👌",0,2025-11-19T02:48:12Z,Pak Purbaya antek wiwi dan wowo jd aku ngga percaya dgn ketiga org ini,pak purbaya antek wiwi wowo ngga percaya ketiga org
At9u_bDYIe0,@madeceraka3537,"Masyakat harus bersatu mendorong DPR untuk secepatnya UU perampasan Aset dan hukuman Mati bagi  pejabat yang terbukti kropsi,supaya aparat penegak hukum ada dasar untuk mengambil tidakan secara hukum,untuk BPK Mentri keuwangan kejar trus bagi pejabat yang kropsi,masyarakat sangat mendukungnya.",0,2025-11-19T01:58:47Z,Masyakat harus bersatu mendorong DPR untuk secepatnya UU perampasan Aset dan hukuman Mati bagi pejabat yang terbukti kropsi supaya aparat penegak hukum ada dasar untuk mengambil tidakan secara hukum untuk BPK Mentri keuwangan kejar trus bagi pejabat yang kropsi masyarakat sangat mendukungnya,masyakat haru bersatu mendorong dpr secepatnya perampasan aset hukuman mati bagi pejabat terbukti kropsi aparat penegak hukum dasar mengambil tidakan secara hukum bpk mentri keuwangan kejar tru bagi pejabat kropsi masyarakat sangat mendukungnya
At9u_bDYIe0,@wahyuamri8487,"Ternyata banyak sekali jabatan di Negeri ini dipegang oleh orang-orang jahat dan sangat biadab, pantas saja Negara ini sangat sulit untuk maju walaupun sumber daya alam nya sangat melimpah ruah 😢❤🇮🇩",0,2025-11-18T12:07:04Z,Ternyata banyak sekali jabatan di Negeri ini dipegang oleh orang orang jahat dan sangat biadab pantas saja Negara ini sangat sulit untuk maju walaupun sumber daya alam nya sangat melimpah ruah,ternyata banyak sekali jabatan negeri dipegang orang orang jahat sangat biadab panta negara sangat sulit maju walaupun sumber daya alam nya sangat melimpah ruah
At9u_bDYIe0,@AbdulSalam-qy6yc,Ayo kita dukung purbaya sepuhnya kalau prabawo masih omon kita sikat juga krn masih bela tukang kayu,0,2025-11-18T10:10:50Z,Ayo kita dukung purbaya sepuhnya kalau prabawo masih omon kita sikat juga krn masih bela tukang kayu,ayo dukung purbaya sepuhnya kalau prabawo masih omon sikat krn masih bela tukang kayu
At9u_bDYIe0,@radensoetjahjo8853,"*_Mungkin di MUSNAHKAN tdk mungkin, tp kalau di tekan SEMAKSIMAL mungkin msh bisa dan ada harapan, asal ada kemauan u/ membrantasnya dari para penegak HUKUM._*",0,2025-11-18T09:16:27Z,_Mungkin di MUSNAHKAN tdk mungkin tp kalau di tekan SEMAKSIMAL mungkin msh bisa dan ada harapan asal ada kemauan u membrantasnya dari para penegak HUKUM _,_mungkin musnahkan mungkin kalau tekan semaksim mungkin msh bisa harapan asal kemauan membrantasnya para penegak hukum
At9u_bDYIe0,@DiniNasution-j2y,"Printing by proyek bisa di lakukan
Tapi harus di ukur dan di awasi 
Jangan di lepas 
Gitu aja kok pusing....? 
Gampang.",0,2025-11-18T07:17:04Z,Printing by proyek bisa di lakukan Tapi harus di ukur dan di awasi Jangan di lepas Gitu aja kok pusing Gampang,print proyek bisa lakukan haru ukur awasi jangan lepa gitu aja kok puse gampang
At9u_bDYIe0,@kualakaya331,"Ya Allah ridoilah dan beri bantuan mu ya Allah sdr Prabowo,/Purbaya untuk memberantas mafia,penghianat bangsa amin",0,2025-11-18T04:42:05Z,Ya Allah ridoilah dan beri bantuan mu ya Allah sdr Prabowo Purbaya untuk memberantas mafia penghianat bangsa amin,allah ridoilah beri bantuan allah sdr prabowo purbaya memberanta mafia penghianat bangsa amin
At9u_bDYIe0,@RafliSatya,Bravo pak purbaya dan pak presidenku ❤❤❤ tuntaskan mafia mafia yang merugikn masyarakat,0,2025-11-18T00:47:09Z,Bravo pak purbaya dan pak presidenku tuntaskan mafia mafia yang merugikn masyarakat,bravo pak purbaya pak presidenku tuntaskan mafia mafia merugikn masyarakat
At9u_bDYIe0,@HermanRA-u8s,SEBAGAI RAKYAT JELATA.. SANGAT SETUJU PRESIDEN  MENUGASKAN KOPASUS UNTUK PERANG DENGAN PARA KORUPTOR & MAFIA YG TELAH MENGHANCURK AN NEGARA...... INDONISIA MAYORITAS RAKYAT NYA PETANI MAFIA PERTANIAN YG PALING MUDAH RAWAN PETANI PANEN IMPOR DAR I NEGARA LAIN.. PETANI RU GI NEGARA MISKIN..MIRIS NYA ERA PRABOWO MASIH TERJADI SINGKONG MELIM PAH NEGARA IMPOR TAPIO KA DARI NEGARA LAIN...... LAMPUNG SENTRA UTAMA NASIONAL TERPURUK SINGKONG PETANI TDK BE RHARGA SAAT JUAL MURA H DIPOTONG SEENAKNYA  45-60% APARAT HUKUM DIAM TDK PEDULI,0,2025-11-17T23:01:10Z,SEBAGAI RAKYAT JELATA SANGAT SETUJU PRESIDEN MENUGASKAN KOPASUS UNTUK PERANG DENGAN PARA KORUPTOR MAFIA YG TELAH MENGHANCURK AN NEGARA INDONISIA MAYORITAS RAKYAT NYA PETANI MAFIA PERTANIAN YG PALING MUDAH RAWAN PETANI PANEN IMPOR DAR I NEGARA LAIN PETANI RU GI NEGARA MISKIN MIRIS NYA ERA PRABOWO MASIH TERJADI SINGKONG MELIM PAH NEGARA IMPOR TAPIO KA DARI NEGARA LAIN LAMPUNG SENTRA UTAMA NASIONAL TERPURUK SINGKONG PETANI TDK BE RHARGA SAAT JUAL MURA H DIPOTONG SEENAKNYA 45 60 APARAT HUKUM DIAM TDK PEDULI,sebagai rakyat jelata sangat setuju presiden menugaskan kopasu perang para koruptor mafia menghancurk negara indonisia mayorita rakyat nya petani mafia pertanian pale mudah rawan petani panen impor dar negara lain petani negara miskin miri nya era prabowo masih terjadi singkong melim pah negara impor tapio negara lain lampung sentra utama nasion terpuruk singkong petani rharga saat jual mura dipotong seenaknya aparat hukum diam peduli
At9u_bDYIe0,@drmuriachannel5704,Terima kasih... diskusi penuh ilmu berintegritas. Pejabat2 yg membutakan diri demi uang haram tidak manfaat bagi orang tua mu. Istri anak. Rakyat dan negara.,0,2025-11-17T11:56:04Z,Terima kasih diskusi penuh ilmu berintegritas Pejabat2 yg membutakan diri demi uang haram tidak manfaat bagi orang tua mu Istri anak Rakyat dan negara,terima kasih diskusi penuh ilmu berintegrita pejabat membutakan diri demi uang haram tidak manfaat bagi orang tua istri anak rakyat negara
At9u_bDYIe0,@Nusantoro-b2n,"*BENARKAH 11.000 TRILYUN ADA DIKANTONG JKW DIDAPAT DARI MANA???*BISA DILACAK APA CUMA ISSU HOAKS ?,,,ADA PEMBIARAN???.MENTANG2 BERKUASA????,*",1,2025-11-17T08:43:48Z,BENARKAH 11 000 TRILYUN ADA DIKANTONG JKW DIDAPAT DARI MANA BISA DILACAK APA CUMA ISSU HOAKS ADA PEMBIARAN MENTANG2 BERKUASA,benarkah trilyun dikantong jkw didapat bisa dilacak apa cuma issu hoak pembiaran mentang berkuasa
At9u_bDYIe0,@Ramudin-t8f,"👎👅 MAFIA DI SELURUH INDONESIA ITU PASTI JAMAN JOKODOK/ JOKOWEEE , PERUSAHAAN DARI LUAR NEGRI JAMINAN DARI JOKODOK",0,2025-11-16T23:07:03Z,MAFIA DI SELURUH INDONESIA ITU PASTI JAMAN JOKODOK JOKOWEEE PERUSAHAAN DARI LUAR NEGRI JAMINAN DARI JOKODOK,mafia seluruh indonesia pasti jaman jokodok jokowee perusahaan luar negri jaminan jokodok
At9u_bDYIe0,@hunterrevew94,RAKYAT INDONESIA DUKUNG BAPAK REDENOMINASI❤❤❤,0,2025-11-16T18:46:02Z,RAKYAT INDONESIA DUKUNG BAPAK REDENOMINASI,rakyat indonesia dukung bapak redenominasi
At9u_bDYIe0,@Jumari-p8w,"Jadi bangkrutnya negara ini, karena maling2 , pak Presiden Prabowo sdh saatnya menyingkirkan di lingkungan pemerintah pejabat2 yg ingin memperkaya diri sendiri",0,2025-11-16T13:51:45Z,Jadi bangkrutnya negara ini karena maling2 pak Presiden Prabowo sdh saatnya menyingkirkan di lingkungan pemerintah pejabat2 yg ingin memperkaya diri sendiri,jadi bangkrutnya negara male pak presiden prabowo saatnya menyingkirkan lingkungan pemerintah pejabat ingin memperkaya diri sendiri
At9u_bDYIe0,@Suwardi123-u9c,Luar biasa kinrja purbaya dulu srimulyani katanya plg baik kalo dibandingkan dg p purbaya ga ada apa2nya,0,2025-11-16T12:06:19Z,Luar biasa kinrja purbaya dulu srimulyani katanya plg baik kalo dibandingkan dg p purbaya ga ada apa2nya,luar biasa kinrja purbaya dulu srimulyani katanya plg baik kalo dibandingkan purbaya apanya
At9u_bDYIe0,@wongalus999,Sikat para tikus bea cukai semua,0,2025-11-16T11:16:53Z,Sikat para tikus bea cukai semua,sikat para tiku bea cukai semua
At9u_bDYIe0,@traderwarkop8321,UUD perampasan asset semoga segera di sah kan.. Aamiin 🤲🤲🤲,0,2025-11-16T03:38:42Z,UUD perampasan asset semoga segera di sah kan Aamiin,uud perampasan asset semoga segera sah kan aamiin
At9u_bDYIe0,@rochmahbuyono7632,"Semua bs , rakyat mendukung BPK presiden didlm  memerangi mafia  ilegal semua .",0,2025-11-16T01:42:35Z,Semua bs rakyat mendukung BPK presiden didlm memerangi mafia ilegal semua,semua rakyat mendukung bpk presiden didlm memerangi mafia ileg semua
At9u_bDYIe0,@autixfatimahbintabun3476,Pak purbaya rakyat mendukung mu .,0,2025-11-15T20:32:53Z,Pak purbaya rakyat mendukung mu,pak purbaya rakyat mendukung
At9u_bDYIe0,@SukarliSuhaemah,LENYAPKAN SEMUA PEMISKIN RAKYAT JGNPANDANG BULU.,0,2025-11-15T14:58:50Z,LENYAPKAN SEMUA PEMISKIN RAKYAT JGNPANDANG BULU,lenyapkan semua pemiskin rakyat jgnpandang bulu
At9u_bDYIe0,@fauziaharizal5554,Ayo tangkap para bajingan yg membuat negara kita rugi,0,2025-11-15T13:19:06Z,Ayo tangkap para bajingan yg membuat negara kita rugi,ayo tangkap para bajingan membuat negara rugi
At9u_bDYIe0,@dahlanasda354,"Tumben metro dulu aku juluki metro TiVu, mhn maaf aku gak nonton TV terutama isu pilpres pileg. Blm sembuh 3x pilpres. Ini mulai sepertinya bela RI,  mafianya gimana?",0,2025-11-15T11:51:18Z,Tumben metro dulu aku juluki metro TiVu mhn maaf aku gak nonton TV terutama isu pilpres pileg Blm sembuh 3x pilpres Ini mulai sepertinya bela RI mafianya gimana,tumben metro dulu juluki metro tivu mhn maaf gak nonton terutama isu pilpr pileg blm sembuh pilpr mulai sepertinya bela mafianya gimana
At9u_bDYIe0,@yusmidiCurup,Mantap kejar teus,0,2025-11-15T09:37:35Z,Mantap kejar teus,mantap kejar teu
At9u_bDYIe0,@marwanhm105,Pak Purbaya dihajar atas Penipuan brg bekas dan menghindari kena Pajak yg besar Bravo.,0,2025-11-15T07:15:37Z,Pak Purbaya dihajar atas Penipuan brg bekas dan menghindari kena Pajak yg besar Bravo,pak purbaya dihajar ata penipuan brg beka menghindari kena pajak besar bravo
At9u_bDYIe0,@RahmadaniDani-xc1nb,Yang/Nikel/Expor/Ke/Cina/Yaitu/Barang/Nikel/Yg/Expor/Ilegal/Jaman/Jokowe!Yoe!,0,2025-11-15T05:04:40Z,Yang Nikel Expor Ke Cina Yaitu Barang Nikel Yg Expor Ilegal Jaman Jokowe Yoe,nikel expor cina barang nikel expor ileg jaman jokow yoe
At9u_bDYIe0,@ya_udahlah,Kotak Pandora telah terbuka.siapapun kelak presiden nya rakyat sudah tau dan akan menepalkan pejabat pejabat korup maling,0,2025-11-15T04:54:36Z,Kotak Pandora telah terbuka siapapun kelak presiden nya rakyat sudah tau dan akan menepalkan pejabat pejabat korup maling,kotak pandora terbuka siapapun kelak presiden nya rakyat tau menepalkan pejabat pejabat korup male
At9u_bDYIe0,@ya_udahlah,Masya Allah kita punya koboi dar der dor buat menjaga perbendaharaan negara.Selamat pak Pur semoga anda sehat selalu,0,2025-11-15T04:51:43Z,Masya Allah kita punya koboi dar der dor buat menjaga perbendaharaan negara Selamat pak Pur semoga anda sehat selalu,masya allah punya koboi dar der dor buat menjaga perbendaharaan negara selamat pak pur semoga anda sehat selalu
At9u_bDYIe0,@rudisuparman1045,"Usut sampai tuntas tanah negara dijual ke negara untuk jalur WHOOOSH KCIC,,,,,,😊😊😊😊😊😊",0,2025-11-15T02:33:47Z,Usut sampai tuntas tanah negara dijual ke negara untuk jalur WHOOOSH KCIC,usut tunta tanah negara dijual negara jalur whooosh kcic
At9u_bDYIe0,@rudisuparman1045,"Pak PURBAYA CARI UANG,yang GEMUK MAFIA WHOOOSH,,,,wah,wah,wah 😊😊😊😊😊😊😊😊😊",0,2025-11-15T02:15:25Z,Pak PURBAYA CARI UANG yang GEMUK MAFIA WHOOOSH wah wah wah,pak purbaya cari uang gemuk mafia whooosh wah wah wah
At9u_bDYIe0,@rudisuparman1045,"Di jabar ada KDM,di keuangan ada Pak PUrbaya, hasil nya akan cepat terasa bagi Rakyat,,,❤❤❤❤❤❤❤❤❤",0,2025-11-15T02:11:48Z,Di jabar ada KDM di keuangan ada Pak PUrbaya hasil nya akan cepat terasa bagi Rakyat,jabar kdm keuangan pak purbaya hasil nya cepat terasa bagi rakyat
At9u_bDYIe0,@rudisuparman1045,"Pak PURBAYA,,awasi terus PELINDO,,dan BEA CUKAI di situlah sumber kas negara numpuk,,jangan habis dimakan TIKUS,,,❤",0,2025-11-15T02:00:22Z,Pak PURBAYA awasi terus PELINDO dan BEA CUKAI di situlah sumber kas negara numpuk jangan habis dimakan TIKUS,pak purbaya awasi teru pelindo bea cukai situlah sumber ka negara numpuk jangan habi dimakan tiku
At9u_bDYIe0,@singgihjunardi6071,"Mana yang lebih berbobot,Menkeu atau wapres?🤣😂😅",0,2025-11-14T18:47:55Z,Mana yang lebih berbobot Menkeu atau wapres,lebih berbobot menkeu wapr
At9u_bDYIe0,@untungsantoso9559,"Berarti selama ini Mentri srimulyani hanya sebagai kalkulator negara saja yah , ini saya baru tau kalau Mentri keuangan bukan cuma ngitung jumlah uang negara yang masuk dan yang keluar",0,2025-11-14T16:28:58Z,Berarti selama ini Mentri srimulyani hanya sebagai kalkulator negara saja yah ini saya baru tau kalau Mentri keuangan bukan cuma ngitung jumlah uang negara yang masuk dan yang keluar,berarti mentri srimulyani hanya sebagai kalkul negara yah baru tau kalau mentri keuangan bukan cuma ngitung jumlah uang negara masuk keluar
At9u_bDYIe0,@AmengMuhib,"Kenapa mentri2 keuangan kemaren2 pada diem aja , apakah dia melindungi...?",0,2025-11-14T03:17:08Z,Kenapa mentri2 keuangan kemaren2 pada diem aja apakah dia melindungi,kenapa mentri keuangan kemaren diem aja apakah melindungi
At9u_bDYIe0,@AmengMuhib,Sùgguh2 sangat biadab para pelaķnya.inî pasti para malingnya udh dari dulu.,0,2025-11-14T03:04:23Z,Sgguh2 sangat biadab para pelanya in pasti para malingnya udh dari dulu,sgguh sangat biadab para pelanya pasti para malingnya udh dulu
At9u_bDYIe0,@MHosen-n6u,Smg BPK H Prabowo Subianto dan BPK Purbaya sklg dlm lindungan Allah SWT Amin YRA,0,2025-11-13T23:32:21Z,Smg BPK H Prabowo Subianto dan BPK Purbaya sklg dlm lindungan Allah SWT Amin YRA,smg bpk prabowo subianto bpk purbaya sklg dlm lindungan allah swt amin yra
At9u_bDYIe0,@MHosen-n6u,Ya terutama hukum di Indonesia harus tegas jangan tajam kebawah tumpul keatas itulah yg perlu ditegakkan jgn pilih kasih baru negara kita Indonesia bebas dari segala macam cara yg terjadi di negara kita Indonesia bebas dari koruptor dan intimidasi pd rakyat Indonesia smg para pejabat penegak hukum sadar dg adaxa reformasi kepolisian smg kedepan lebih baik dari sebelumnya Amin YRA,0,2025-11-13T23:21:03Z,Ya terutama hukum di Indonesia harus tegas jangan tajam kebawah tumpul keatas itulah yg perlu ditegakkan jgn pilih kasih baru negara kita Indonesia bebas dari segala macam cara yg terjadi di negara kita Indonesia bebas dari koruptor dan intimidasi pd rakyat Indonesia smg para pejabat penegak hukum sadar dg adaxa reformasi kepolisian smg kedepan lebih baik dari sebelumnya Amin YRA,terutama hukum indonesia haru tega jangan tajam kebawah tumpul keata itulah perlu ditegakkan jgn pilih kasih baru negara indonesia beba segala macam cara terjadi negara indonesia beba koruptor intimidasi rakyat indonesia smg para pejabat penegak hukum sadar adaxa reformasi kepolisian smg kedepan lebih baik sebelumnya amin yra
At9u_bDYIe0,@edybilangin0705,Bismillah... pasti bisa 🙏🏻,0,2025-11-13T21:19:25Z,Bismillah pasti bisa,bismillah pasti bisa
At9u_bDYIe0,@YuyunNur-n4j,Issue2 yg seperti inilah yg harusnya di up terus. Bukan Issue2 yg tak penting,0,2025-11-13T14:27:42Z,Issue2 yg seperti inilah yg harusnya di up terus Bukan Issue2 yg tak penting,issu seperti inilah harusnya teru bukan issu tak pent
At9u_bDYIe0,@cementel3000,"Naahh..Naah.. bersikap tegas untuk rakyat itu penting dan wajib. 
Now.. berapa juta jiwa bahkan belasan juta jiwa rakyat bisa sejahtera menciptakan pekerjaan formal  atau lainya dengan uang negara yg di gelapkan itu. Rakyat akan lebih mapan,  produktif dan maju merata. Dunia akan lebih menghormati Indonesia Sebagai negara benar2 besar.",0,2025-11-13T10:30:50Z,Naahh Naah bersikap tegas untuk rakyat itu penting dan wajib Now berapa juta jiwa bahkan belasan juta jiwa rakyat bisa sejahtera menciptakan pekerjaan formal atau lainya dengan uang negara yg di gelapkan itu Rakyat akan lebih mapan produktif dan maju merata Dunia akan lebih menghormati Indonesia Sebagai negara benar2 besar,naahh naah bersikap tega rakyat pent wajib now berapa juta jiwa bahkan belasan juta jiwa rakyat bisa sejahtera menciptakan pekerjaan formal lainya uang negara gelapkan rakyat lebih mapan produktif maju merata dunia lebih menghormati indonesia sebagai negara benar besar
At9u_bDYIe0,@astrida.lestari1017,"Bisa tapi pasti ada aja akalnya mereka untuk menjegal.. 
Semoga niat baik Pemerintah dilindungi Tuhan..",0,2025-11-13T06:42:17Z,Bisa tapi pasti ada aja akalnya mereka untuk menjegal Semoga niat baik Pemerintah dilindungi Tuhan,bisa pasti aja akalnya menjeg semoga niat baik pemerintah dilindungi tuhan
At9u_bDYIe0,@SahrinKelana,UUD 1945 PASAL 33 KAN SUDAH TERPENUHI,0,2025-11-13T03:29:00Z,UUD 1945 PASAL 33 KAN SUDAH TERPENUHI,uud pasal kan terpenuhi
At9u_bDYIe0,@mbachtiarcirebon8508,"*Parah bea cukai antek*
 *ERA JOKOWI SRI MULYANI*
*PENIPUAN FAKTUR IMPORTIR BARANG DIMURAHKAN UNTUK PENJUALAN DAN DIMAHALKAN BILA PEMBELINYA ANGGARAN APBN*",0,2025-11-12T23:38:23Z,Parah bea cukai antek ERA JOKOWI SRI MULYANI PENIPUAN FAKTUR IMPORTIR BARANG DIMURAHKAN UNTUK PENJUALAN DAN DIMAHALKAN BILA PEMBELINYA ANGGARAN APBN,parah bea cukai antek era jokowi sri mulyani penipuan faktur importir barang dimurahkan penjualan dimahalkan pembelinya anggaran apbn
At9u_bDYIe0,@EntinSuhartini-on5tm,Purbaya malaikat indonesia allah kirim dari langit kesunyiaan!,1,2025-11-12T23:19:44Z,Purbaya malaikat indonesia allah kirim dari langit kesunyiaan,purbaya malaikat indonesia allah kirim langit kesunyiaan
At9u_bDYIe0,@EmiLaka-s5g,Bisa kalau Rakyat dan Pemerintah bersatu. Tuhan lindung,0,2025-11-12T23:05:16Z,Bisa kalau Rakyat dan Pemerintah bersatu Tuhan lindung,bisa kalau rakyat pemerintah bersatu tuhan lindung
At9u_bDYIe0,@khoirihafidz1686,"Sejak th 1995 udah ada 
Import baju bekas.",0,2025-11-12T17:08:19Z,Sejak th 1995 udah ada Import baju bekas,udah import baju beka
At9u_bDYIe0,@kateno7307,hgu di berikan ke perusahaan rakyatmu makan apa pak,0,2025-11-12T06:47:11Z,hgu di berikan ke perusahaan rakyatmu makan apa pak,hgu berikan perusahaan rakyatmu makan apa pak
At9u_bDYIe0,@bumas4937,Menyala p Purbaya....baarokallah jabatannya dunia akherat,0,2025-11-12T05:47:19Z,Menyala p Purbaya baarokallah jabatannya dunia akherat,menyala purbaya baarokallah jabatannya dunia akherat
At9u_bDYIe0,@abdulkhair1696,Allahumma sholli Ala Sayyidina Muhammad waala Ali Sayyidina Muhammad,0,2025-11-12T01:02:56Z,Allahumma sholli Ala Sayyidina Muhammad waala Ali Sayyidina Muhammad,allahumma sholli ala sayyidina muhammad waala ali sayyidina muhammad
At9u_bDYIe0,@EdiHariyanto-c8r,Paling cerdas cuman .hukuman mati saja sederhana toh kita export tahanan hukuman mati ke negri tirai bambu saja toh belakang hari keuntungan NKRI melesat seperti rudal IRAN pemusnah Isriwil bro.,0,2025-11-11T10:41:24Z,Paling cerdas cuman hukuman mati saja sederhana toh kita export tahanan hukuman mati ke negri tirai bambu saja toh belakang hari keuntungan NKRI melesat seperti rudal IRAN pemusnah Isriwil bro,pale cerda cuman hukuman mati sederhana toh export tahanan hukuman mati negri tirai bambu toh belakang hari keuntungan nkri melesat seperti rudal iran pemusnah isriwil bro
At9u_bDYIe0,@Djauhari0957,"Gila 👿👿👎👎😾 pembiaran, sekarang waktunya Pak. Presiden RI yg berani sikat 😮😮",0,2025-11-11T08:55:26Z,Gila pembiaran sekarang waktunya Pak Presiden RI yg berani sikat,gila pembiaran sekarang waktunya pak presiden berani sikat
At9u_bDYIe0,@Djauhari0957,"Sikaaatt wowwww Rp. 10.000 T... . Duit mestinya hak rakyat
Mantap pak. Menkeu ❤❤",0,2025-11-11T08:53:23Z,Sikaaatt wo Rp 10 000 T Duit mestinya hak rakyat Mantap pak Menkeu,sikaaatt duit mestinya hak rakyat mantap pak menkeu
At9u_bDYIe0,@fitra7645,Pemerintah prabowo subianto gibran good punya mentri purbaya yudhi sadewa very good semoga Ada purbaya yudhi sadewa 100 indonesia makin jaya,0,2025-11-11T08:26:30Z,Pemerintah prabowo subianto gibran good punya mentri purbaya yudhi sadewa very good semoga Ada purbaya yudhi sadewa 100 indonesia makin jaya,pemerintah prabowo subianto gibran good punya mentri purbaya yudhi sadewa veri good semoga purbaya yudhi sadewa indonesia makin jaya
At9u_bDYIe0,@fitra7645,"Mantap menkeu purbaya yudhi sadewa good bless you pak,gas poll pak dukung 👍👍👍👍👍",0,2025-11-11T08:23:17Z,Mantap menkeu purbaya yudhi sadewa good bless you pak gas poll pak dukung,mantap menkeu purbaya yudhi sadewa good bless pak ga poll pak dukung
At9u_bDYIe0,@parmanlumbansiantar5580,"Negara maju,rakyat makmur terletak pd presiden, berani ,jujur,transparan,tegas, rakyat akan dukung prabowo.",0,2025-11-11T05:28:06Z,Negara maju rakyat makmur terletak pd presiden berani jujur transparan tegas rakyat akan dukung prabowo,negara maju rakyat makmur terletak presiden berani jujur transparan tega rakyat dukung prabowo
At9u_bDYIe0,@RimisnarBa,"Semoga Pak Purbaya Yudhi Sadewa Sehat Wal Afiat Panjang Umur dan Selalu Dalam Lindungan Allah SWT, Aamiin Yaa Robbal Aalamiin 🤲🤲🤲",0,2025-11-10T23:47:17Z,Semoga Pak Purbaya Yudhi Sadewa Sehat Wal Afiat Panjang Umur dan Selalu Dalam Lindungan Allah SWT Aamiin Yaa Robbal Aalamiin,semoga pak purbaya yudhi sadewa sehat wal afiat panjang umur selalu lindungan allah swt aamiin yaa robbal aalamiin
At9u_bDYIe0,@JourneyandMoments,"Bpk mentri keuangan RI harus hati hati mengurus uang rakyat 
Uang adalah dara dan nyanya negara ini.pak purbaya adalah orang yang mencari dan mengumpul uang dari masyarakat maka uruslah rakyat ini lebih baik dan bahagia bahagia,selamat bekerja dengan baik rakyat ada di belakang dan mendukung mu🎉😂",0,2025-11-09T22:52:49Z,Bpk mentri keuangan RI harus hati hati mengurus uang rakyat Uang adalah dara dan nyanya negara ini pak purbaya adalah orang yang mencari dan mengumpul uang dari masyarakat maka uruslah rakyat ini lebih baik dan bahagia bahagia selamat bekerja dengan baik rakyat ada di belakang dan mendukung mu,bpk mentri keuangan haru hati hati menguru uang rakyat uang dara nyanya negara pak purbaya orang mencari mengumpul uang masyarakat maka uruslah rakyat lebih baik bahagia bahagia selamat bekerja baik rakyat belakang mendukung
At9u_bDYIe0,@mauritsjt8322,"Hajar pa Presiden dan pa Menkeu Purbaya...!! #Bersihkan Indonesia sekarang, supaya lebih cepat maju !!!",0,2025-11-09T15:03:19Z,Hajar pa Presiden dan pa Menkeu Purbaya Indonesia sekarang supaya lebih cepat maju,hajar presiden menkeu purbaya indonesia sekarang lebih cepat maju
At9u_bDYIe0,@saiful3056,Terlalu banyak pengkhianat negara yg menduduki jabatan akhirnya rakyat tetap miskin,0,2025-11-09T04:08:17Z,Terlalu banyak pengkhianat negara yg menduduki jabatan akhirnya rakyat tetap miskin,terlalu banyak pengkhianat negara menduduki jabatan akhirnya rakyat tetap miskin
At9u_bDYIe0,@planetponsel1760,"Menteri gila jabatan, yg nangkap itu kan polri",0,2025-11-08T14:03:29Z,Menteri gila jabatan yg nangkap itu kan polri,menteri gila jabatan nangkap kan polri
At9u_bDYIe0,@GumantiBatubara,"Sy Ahmad Gumanti Batubara, sejak dasar Pak.Jokowi mau jadi Peresiden tdk pernah memilih beliau, agar semua faham! Dan sy terpisah sampe sekarang dari anak2 sy 5 orang 2laki 3 prempuan. Mungkin juga gara2 politik kotor dan busuk mrk by.Agbar media.",0,2025-11-08T11:34:28Z,Sy Ahmad Gumanti Batubara sejak dasar Pak Jokowi mau jadi Peresiden tdk pernah memilih beliau agar semua faham Dan sy terpisah sampe sekarang dari anak2 sy 5 orang 2laki 3 prempuan Mungkin juga gara2 politik kotor dan busuk mrk by Agbar media,ahmad gumanti batubara dasar pak jokowi mau jadi peresiden pernah memilih beliau semua faham terpisah samp sekarang anak orang laki prempuan mungkin gara politik kotor busuk mrk agbar media
At9u_bDYIe0,@Haryanto-u9r,"Wa.... h, mafia koruptor jingkrak"" Lagi kalau Bapak Purbaya mundur, kayaknya presiden kita ini salah perhitungan dan menghidupkan lagi koruptor.",0,2025-11-08T08:57:11Z,Wa h mafia koruptor jingkrak Lagi kalau Bapak Purbaya mundur kayaknya presiden kita ini salah perhitungan dan menghidupkan lagi koruptor,mafia koruptor jingkrak kalau bapak purbaya mundur kayaknya presiden salah perhitungan menghidupkan koruptor
At9u_bDYIe0,@TatitPrabowo-y5l,Penangkapan besar-besaran mana berani presiden ujung-ujungnya disogok,1,2025-11-08T02:04:05Z,Penangkapan besar besaran mana berani presiden ujung ujungnya disogok,penangkapan besar besaran berani presiden ujung ujungnya disogok
At9u_bDYIe0,@ananjkt5720,"Pak Purbaya Yes, Prabowo No, Presiden omon-omon No Presiden boneka No Presiden pengecut No😂😂",1,2025-11-07T22:58:26Z,Pak Purbaya Yes Prabowo No Presiden omon omon No Presiden boneka No Presiden pengecut No,pak purbaya ye prabowo presiden omon omon presiden boneka presiden pengecut
At9u_bDYIe0,@Sunarwan-xd1nv,"Demo hrusnya semi perang menuju ke oknom jangan di gedung mereka akan ngumpet ,spt sharoni ga ada juntung britanya sampe Skrang kepastiannya ?",0,2025-11-07T15:55:18Z,Demo hrusnya semi perang menuju ke oknom jangan di gedung mereka akan ngumpet spt sharoni ga ada juntung britanya sampe Skrang kepastiannya,demo hrusnya semi perang menuju oknom jangan gedung ngumpet spt sharoni juntung britanya samp skrang kepastiannya
At9u_bDYIe0,@Sunarwan-xd1nv,"Sgera habisi para penjahat negara koruptor ,mafia sgala bentuk judi ,narkoba dsb nya ,seluruh rakyat hnya bisa berdoa ,karena takbpunya kapasitas ,walo ada yg pinterbdn brani melangkah ,",0,2025-11-07T15:52:45Z,Sgera habisi para penjahat negara koruptor mafia sgala bentuk judi narkoba dsb nya seluruh rakyat hnya bisa berdoa karena takbpunya kapasitas walo ada yg pinterbdn brani melangkah,sgera habisi para penjahat negara koruptor mafia sgala bentuk judi narkoba nya seluruh rakyat hnya bisa berdoa takbpunya kapasita walo pinterbdn brani melangkah
At9u_bDYIe0,@PalupiBae,Bravo pak purbaya dn pak presiden prabowo,0,2025-11-07T14:22:18Z,Bravo pak purbaya dn pak presiden prabowo,bravo pak purbaya pak presiden prabowo
At9u_bDYIe0,@NonaBelel,Uda ada bukti kerja Purbaya?? Yang mana?? Hanya omon omon..sama seperti Prabowo!!,0,2025-11-07T07:56:11Z,Uda ada bukti kerja Purbaya Yang mana Hanya omon omon sama seperti Prabowo,uda bukti kerja purbaya hanya omon omon sama seperti prabowo
At9u_bDYIe0,@brillianadam4457,"Srimul dan termul mana bisa kayak begini 😂..... 
Emang babbikk kalian",0,2025-11-07T07:30:06Z,Srimul dan termul mana bisa kayak begini Emang babbikk kalian,srimul termul bisa kayak begini emang babbikk kalian
At9u_bDYIe0,@HamadiMadi-y8r,"Pak Mentri Purbaya, kok Pak cuma jadi Mentri keuangan sdh bagus kerjanya tiba - tiba Pak Mentri dngarnya tdk lagi di pakai Pak Persiden Prabowo....!",0,2025-11-07T06:49:45Z,Pak Mentri Purbaya kok Pak cuma jadi Mentri keuangan sdh bagus kerjanya tiba tiba Pak Mentri dngarnya tdk lagi di pakai Pak Persiden Prabowo,pak mentri purbaya kok pak cuma jadi mentri keuangan bagu kerjanya tiba tiba pak mentri dngarnya pakai pak persiden prabowo
At9u_bDYIe0,@Musinah123-q5s,"Kami doakan semoga presiden prabowo dgn waspres Gibran jga dgn Bpk purbaya Sadewa dlam lidungan Alloh subhana huwataala   jg semoga selamat jg sukses membratas korupsi di seluruh Indonesia semoga di kabulkan Alloh ,Amiin,",0,2025-11-07T04:11:43Z,Kami doakan semoga presiden prabowo dgn waspres Gibran jga dgn Bpk purbaya Sadewa dlam lidungan Alloh subhana huwataala jg semoga selamat jg sukses membratas korupsi di seluruh Indonesia semoga di kabulkan Alloh Amiin,kami doakan semoga presiden prabowo waspr gibran jga bpk purbaya sadewa dlam lidungan alloh subhana huwataala semoga selamat suks membrata korupsi seluruh indonesia semoga kabulkan alloh amiin
At9u_bDYIe0,@zabriabubakar5982,BADUT lama diganti sama BADUT baru 😂😂😂😂😂😂😂🎉🎉🎉,1,2025-11-07T03:14:18Z,BADUT lama diganti sama BADUT baru,badut lama diganti sama badut baru
At9u_bDYIe0,@suhendardrs107,Sikaaat mafia penghianat,0,2025-11-07T01:06:01Z,Sikaaat mafia penghianat,sikaaat mafia penghianat
At9u_bDYIe0,@Sulistyaningsih-pi5np,Mohon orang2 pintar bantu pak Purbaya...dlm penegaan negara,0,2025-11-06T23:26:00Z,Mohon orang2 pintar bantu pak Purbaya dlm penegaan negara,mohon orang pintar bantu pak purbaya dlm penegaan negara
At9u_bDYIe0,@MarbunBanjarnahor-v2l,Gimana BPK Purbaya kereta cepat korupsi lambat selesainya .,0,2025-11-06T19:50:34Z,Gimana BPK Purbaya kereta cepat korupsi lambat selesainya,gimana bpk purbaya kereta cepat korupsi lambat selesainya
At9u_bDYIe0,@suryafocus3242,Kapan nih rakyat Indonesia nepalkan para koruptor,0,2025-11-06T18:30:49Z,Kapan nih rakyat Indonesia nepalkan para koruptor,kapan nih rakyat indonesia nepalkan para koruptor
At9u_bDYIe0,@bllynz7133,Mantab pak pur... biar bekingan2 atau rentetan2nya... yg slundupkan bongkar smua❤❤❤,0,2025-11-06T16:32:02Z,Mantab pak pur biar bekingan2 atau rentetan2nya yg slundupkan bongkar smua,mantab pak pur biar bekingan rentetannya slundupkan bongkar smua
At9u_bDYIe0,@nurachmadtjiptoprajitno3482,Utuk memnerantss korupsi tunggu presifen baru yg benar2 bersih dan mentri2 baru yg juga  bersih Krn klu skr tdk berani krn kena sandera  . MENGAOA? KRN PUNYA KASUS JUGA !!,0,2025-11-06T16:09:30Z,Utuk memnerantss korupsi tunggu presifen baru yg benar2 bersih dan mentri2 baru yg juga bersih Krn klu skr tdk berani krn kena sandera MENGAOA KRN PUNYA KASUS JUGA,utuk memnerantss korupsi tunggu presifen baru benar bersih mentri baru bersih krn klu skr berani krn kena sandera mengaoa krn punya kasu
At9u_bDYIe0,@DjahrudinMzdiFacebookDarmakusu,Intuk menuju masyarakat yg adil dan Makmur : barang2 Import baju bekas ga usah dilarang  karena rakyat kecil masih membutuhkan itu !,0,2025-11-06T14:37:33Z,Intuk menuju masyarakat yg adil dan Makmur barang2 Import baju bekas ga usah dilarang karena rakyat kecil masih membutuhkan itu,intuk menuju masyarakat adil makmur barang import baju beka usah dilarang rakyat kecil masih membutuhkan
At9u_bDYIe0,@abdulmunif2534,Sudahlah dimatikan saja maling2 itu sambil mengurangi kepadstan penduduk indonesia.,0,2025-11-06T14:06:43Z,Sudahlah dimatikan saja maling2 itu sambil mengurangi kepadstan penduduk indonesia,sudahlah dimatikan male mengurangi kepadstan penduduk indonesia
At9u_bDYIe0,@aguszaenal3793,"Basmi semua pak ,agar negara ini  sehat ,rakyat sejahtera",0,2025-11-06T13:53:41Z,Basmi semua pak agar negara ini sehat rakyat sejahtera,basmi semua pak negara sehat rakyat sejahtera
At9u_bDYIe0,@HendoraHendri,GILA ... 10. 000 triliun  kerugian ... Hukum berat atau hukum mati lebih baik ...  Bikin Sakit hati,0,2025-11-06T13:40:12Z,GILA 10 000 triliun kerugian Hukum berat atau hukum mati lebih baik Bikin Sakit hati,gila triliun kerugian hukum berat hukum mati lebih baik bikin sakit hati
At9u_bDYIe0,@rifindjainuri291,Hilangnya moral dan Ahlak menghilangkan akal sehat,0,2025-11-06T13:10:39Z,Hilangnya moral dan Ahlak menghilangkan akal sehat,hilangnya moral ahlak menghilangkan akal sehat
At9u_bDYIe0,@gustidarmudin1314,"Mohon Maaf Pak Presiden Prabowo n pk Purbaya mohon dianalisa lagi pernyataan Bapak utk Menggambil Alig Pembiayaan Woos, kalau masih menggunakan APBN itukan Uang Rakyat Juga kalau dari hasil rampasan uang korupsi itu kan juga uang rakyat, kami do'a kan bp Panjang Umur, kalau bp sudah tdak ada siapa lagi yg tulu yg mau membela rakyat kata Gusdur jangan sampai membuat Gusdur kecewa dialam Barzah Pak.😇😇😂😂😪🥲",0,2025-11-06T12:48:58Z,Mohon Maaf Pak Presiden Prabowo n pk Purbaya mohon dianalisa lagi pernyataan Bapak utk Menggambil Alig Pembiayaan Woos kalau masih menggunakan APBN itukan Uang Rakyat Juga kalau dari hasil rampasan uang korupsi itu kan juga uang rakyat kami do a kan bp Panjang Umur kalau bp sudah tdak ada siapa lagi yg tulu yg mau membela rakyat kata Gusdur jangan sampai membuat Gusdur kecewa dialam Barzah Pak,mohon maaf pak presiden prabowo purbaya mohon dianalisa pernyataan bapak menggambil alig pembiayaan woo kalau masih menggunakan apbn itukan uang rakyat kalau hasil rampasan uang korupsi kan uang rakyat kami kan panjang umur kalau tdak siapa tulu mau membela rakyat kata gusdur jangan membuat gusdur kecewa dialam barzah pak
At9u_bDYIe0,@SuhartoHarto-z7e,MAAF BPK. PRESIDEN BENARKAH INGIN ME RESHUPLE PURBAYA. APA KIRA2 BPK. PRESIDEN DH ADA PENGGANTI PURBAYA YG LE BIH BERANI DR PURBAYA ??? PIKIRKAN MANA YG BNR DN MANA  YG MSH ABAL2. BAHASA INI BAHASA ORANG DESA MAAF.,0,2025-11-06T12:40:11Z,MAAF BPK PRESIDEN BENARKAH INGIN ME RESHUPLE PURBAYA APA KIRA2 BPK PRESIDEN DH ADA PENGGANTI PURBAYA YG LE BIH BERANI DR PURBAYA PIKIRKAN MANA YG BNR DN MANA YG MSH ABAL2 BAHASA INI BAHASA ORANG DESA MAAF,maaf bpk presiden benarkah ingin reshupl purbaya apa kira bpk presiden pengganti purbaya bih berani purbaya pikirkan bnr msh abal bahasa bahasa orang desa maaf
At9u_bDYIe0,@saursimanungkalit3661,"Ganti semua anggota DPR YANG TERLIBAT DAN TIDDAK BERFUNGSI SEBAGAI PENGAWASAN TERUTAMA BIDANG PERDAGANGAN DAN INDUSTRI TERUTAMA DENGAN SINGAPURA. SEBENARNYA, SIAPA PEMILIK KILANG DI SINGAPURA, JUGA INDOSAT DAN REGULASI UDARA. PERHATIAN KHUSU UNTUK SINGAPURA DAN MALAYSIA.",0,2025-11-06T09:10:58Z,Ganti semua anggota DPR YANG TERLIBAT DAN TIDDAK BERFUNGSI SEBAGAI PENGAWASAN TERUTAMA BIDANG PERDAGANGAN DAN INDUSTRI TERUTAMA DENGAN SINGAPURA SEBENARNYA SIAPA PEMILIK KILANG DI SINGAPURA JUGA INDOSAT DAN REGULASI UDARA PERHATIAN KHUSU UNTUK SINGAPURA DAN MALAYSIA,ganti semua anggota dpr terlibat tiddak berfungsi sebagai pengawasan terutama bidang perdagangan industri terutama singapura sebenarnya siapa pemilik kilang singapura indosat regulasi udara perhatian khusu singapura malaysia
At9u_bDYIe0,@saursimanungkalit3661,"Benar pak Ichsan, penggunaan AI dengan orang yang benar, sarat mutlak.buat undang undang baru yang bisa memecat setiap ANS yang terlibat dan dengan pemiskinan.",0,2025-11-06T09:05:14Z,Benar pak Ichsan penggunaan AI dengan orang yang benar sarat mutlak buat undang undang baru yang bisa memecat setiap ANS yang terlibat dan dengan pemiskinan,benar pak ichsan penggunaan orang benar sarat mutlak buat undang undang baru bisa memecat setiap an terlibat pemiskinan
At9u_bDYIe0,@BintangRustandi,Utah  s bahongiblis jokowi moga maga cepet  s tangkap atlas kebijakannua,0,2025-11-06T08:47:37Z,Utah s bahongiblis jokowi moga maga cepet s tangkap atlas kebijakannua,utah bahong jokowi moga maga cepet tangkap atla kebijakannua
At9u_bDYIe0,@VictorLondongallo,"Di negeri ini,negeri surga para mafia2 di semua lini sdh di kuasai para bandit2 mafia, baik di sektor sepak bola,pajak,bumn, perbsnkanyg tentunya berkolaborasi dgn oknum baik di aparat penegak hukum,dan oknumnya di tiap2 lembaga yg terkait,oleh karenanya rakyat menaruh hrpn kepada yth presiden bp Prabowo Subianto & menteri keuangan bp Purbaya Yudhi  Sadewa beserta jajarannya yg masih punya integrasi tinggi terhadap bangsa dan negara Indonesia",0,2025-11-06T07:58:04Z,Di negeri ini negeri surga para mafia2 di semua lini sdh di kuasai para bandit2 mafia baik di sektor sepak bola pajak bumn perbsnkanyg tentunya berkolaborasi dgn oknum baik di aparat penegak hukum dan oknumnya di tiap2 lembaga yg terkait oleh karenanya rakyat menaruh hrpn kepada yth presiden bp Prabowo Subianto menteri keuangan bp Purbaya Yudhi Sadewa beserta jajarannya yg masih punya integrasi tinggi terhadap bangsa dan negara Indonesia,negeri negeri surga para mafia semua lini kuasai para bandit mafia baik sektor sepak bola pajak bumn perbsnkanyg tentunya berkolaborasi oknum baik aparat penegak hukum oknumnya tiap lembaga terkait karenanya rakyat menaruh hrpn kepada yth presiden prabowo subianto menteri keuangan purbaya yudhi sadewa beserta jajarannya masih punya integrasi tinggi terhadap bangsa negara indonesia
At9u_bDYIe0,@EdiNur-sz8ps,"Bisa di .iskin pak , mereka bukan pemain baru ,tapi sudah kaya lama ,  punya modus dzn trik yang sangat lihai",0,2025-11-06T06:08:39Z,Bisa di iskin pak mereka bukan pemain baru tapi sudah kaya lama punya modus dzn trik yang sangat lihai,bisa iskin pak bukan pemain baru kaya lama punya modu dzn trik sangat lihai
At9u_bDYIe0,@youabc9017,Itu kalau Mentri turun ke lapangan pasti ada yang di temukan lain dari pada Mentri yang hanya duduk di kantor ber Ace.teruskan perjunganmu bersama Rakyat.,0,2025-11-06T04:13:06Z,Itu kalau Mentri turun ke lapangan pasti ada yang di temukan lain dari pada Mentri yang hanya duduk di kantor ber Ace teruskan perjunganmu bersama Rakyat,kalau mentri turun lapangan pasti temukan lain mentri hanya duduk kantor ber ace teruskan perjunganmu bersama rakyat
At9u_bDYIe0,@arazakelly8262,Kalau aku sih lebih baik Pa Purbaya saja yang jadi Presiden ganti Prabowo Pa Prabowo udah ketahuan kurang akalnya,0,2025-11-06T02:19:59Z,Kalau aku sih lebih baik Pa Purbaya saja yang jadi Presiden ganti Prabowo Pa Prabowo udah ketahuan kurang akalnya,kalau sih lebih baik purbaya jadi presiden ganti prabowo prabowo udah ketahuan kurang akalnya
At9u_bDYIe0,@Senggoro-h9n5y,Segala bentuk kejahatan di Negeri ini semakin menjadi jadi karena peluang yang dirangsang oleh kondisi internal dari Aparat. Jadi bersih bersih  mereka tksh,0,2025-11-06T00:26:17Z,Segala bentuk kejahatan di Negeri ini semakin menjadi jadi karena peluang yang dirangsang oleh kondisi internal dari Aparat Jadi bersih bersih mereka tksh,segala bentuk kejahatan negeri semakin menjadi jadi peluang dirangsang kondisi intern aparat jadi bersih bersih tksh
At9u_bDYIe0,@rusdiaffandi8046,Menyedihkan....justru Prabowo sekarang yang berbalik arah....miris.,0,2025-11-05T21:42:06Z,Menyedihkan justru Prabowo sekarang yang berbalik arah miris,menyedihkan justru prabowo sekarang berbalik arah miri
At9u_bDYIe0,@KafiUsis,"Bahlil parah,pecaaAAAAT",0,2025-11-05T18:40:49Z,Bahlil parah pecaaAAAAT,bahlil parah pecaaaaaat
At9u_bDYIe0,@EndroSuhartoyo,Korupsi sudah mengakar dari dahulu cuma atau hanya dibiarkan saja sama pemerintah mungkin saja banyak sekali oknum2 bermuka dua,0,2025-11-05T17:02:49Z,Korupsi sudah mengakar dari dahulu cuma atau hanya dibiarkan saja sama pemerintah mungkin saja banyak sekali oknum2 bermuka dua,korupsi mengakar dahulu cuma hanya dibiarkan sama pemerintah mungkin banyak sekali oknum bermuka dua
At9u_bDYIe0,@lurahdaud7455,Tolong sekalian Gapoktan seluruh indra mayu belum pernah di bagikan sama petani dari semenjak ada Gapoktan tolong sekalian di usut,0,2025-11-05T17:01:02Z,Tolong sekalian Gapoktan seluruh indra mayu belum pernah di bagikan sama petani dari semenjak ada Gapoktan tolong sekalian di usut,tolong sekalian gapoktan seluruh indra mayu belum pernah bagikan sama petani semenjak gapoktan tolong sekalian usut
At9u_bDYIe0,@monmaxwitnaojulgri6032,Kalo problem inti masalah di human capital alias SDM maka bisa dgn mudah diganti robot atau AI dan camera CCTV gak perlu lagi ada campur tangan manusia biar data realnya gak bs lagi diobok2 atau dimanipulasi 😅😂,1,2025-11-05T16:58:07Z,Kalo problem inti masalah di human capital alias SDM maka bisa dgn mudah diganti robot atau AI dan camera CCTV gak perlu lagi ada campur tangan manusia biar data realnya gak bs lagi diobok2 atau dimanipulasi,kalo problem inti masalah human capit alia sdm maka bisa mudah diganti robot camera cctv gak perlu campur tangan manusia biar data realnya gak diobok dimanipulasi
At9u_bDYIe0,@Tasripsamangka-rl5rv,"Cuman abis di omon omon 😂😂😂 ,,,sampe habis masa jabatan korupsi jalan terus ,,,, 😂😂😂 begitu dan seterusnya ,,,,sampai sampai  presiden yg akan datang  begitu terus ceritanya bersambung ,,,, 😂😂😂😂😂",0,2025-11-05T15:51:33Z,Cuman abis di omon omon sampe habis masa jabatan korupsi jalan terus begitu dan seterusnya sampai sampai presiden yg akan datang begitu terus ceritanya bersambung,cuman abi omon omon samp habi masa jabatan korupsi jalan teru begitu seterusnya presiden datang begitu teru ceritanya bersambung
At9u_bDYIe0,@Risusu1,"Barang barang dari China yg tidak bayar chukai ayo semua di bongkar paling banyak di beacukai ,pak purbaya",0,2025-11-05T15:37:15Z,Barang barang dari China yg tidak bayar chukai ayo semua di bongkar paling banyak di beacukai pak purbaya,barang barang china tidak bayar chukai ayo semua bongkar pale banyak beacukai pak purbaya
At9u_bDYIe0,@DeraculMihawk-b8j,"Kadrun2 perusak peradaban. Sudah terjadi dari abad ke 6.. smuanya mengalami kemunduran, Indonesia sedang berproses ke dalam kebinasaan sejak kadrun berkuasa di Majapahit dan memulai peperangan, dan membinasakan majapahit.. Indonesia OTW sebentar lagi.",0,2025-11-05T15:03:09Z,Kadrun2 perusak peradaban Sudah terjadi dari abad ke 6 smuanya mengalami kemunduran Indonesia sedang berproses ke dalam kebinasaan sejak kadrun berkuasa di Majapahit dan memulai peperangan dan membinasakan majapahit Indonesia OTW sebentar lagi,kadrun perusak peradaban terjadi abad smuanya mengalami kemunduran indonesia sedang berpros kebinasaan kadrun berkuasa majapahit memulai peperangan membinasakan majapahit indonesia otw sebentar
At9u_bDYIe0,@Sutrisno62-b5i,Koruptor blanja barang bend,0,2025-11-05T14:03:17Z,Koruptor blanja barang bend,koruptor blanja barang bend
At9u_bDYIe0,@EllySulis-i6i,Ayook wahai pejabat yg jujur bantu Purbaya perbaiki negri ini. Saat kalian muncul gk usa takut persiden mendukung kalian.,0,2025-11-05T10:07:47Z,Ayook wahai pejabat yg jujur bantu Purbaya perbaiki negri ini Saat kalian muncul gk usa takut persiden mendukung kalian,ayook wahai pejabat jujur bantu purbaya perbaiki negri saat kalian muncul usa takut persiden mendukung kalian
At9u_bDYIe0,@muhamadhamid1960,Bisa bayar utang dong,0,2025-11-05T09:19:09Z,Bisa bayar utang dong,bisa bayar utang dong
At9u_bDYIe0,@UparSibarani,"Tambang seenaknya saja beroperasi, Rakyat gali tanah urug dituntut harus punya sertifikat GALIAN ""C'. BIAYA buat 2rts JT rph. Durasi 2thn???",0,2025-11-05T09:13:09Z,Tambang seenaknya saja beroperasi Rakyat gali tanah urug dituntut harus punya sertifikat GALIAN C BIAYA buat 2rts JT rph Durasi 2thn,tambang seenaknya beroperasi rakyat gali tanah urug dituntut haru punya sertifikat galian biaya buat rt rph durasi thn
At9u_bDYIe0,@tatangpermana6101,Jangan keroyo menteri Purbaya .....bela purbaya ....asset masyarakat Indonesia,0,2025-11-05T04:42:59Z,Jangan keroyo menteri Purbaya bela purbaya asset masyarakat Indonesia,jangan keroyo menteri purbaya bela purbaya asset masyarakat indonesia
At9u_bDYIe0,@tatangpermana6101,Menteri purbaya  asset masyarakat/rakyat dan negara Indonesia ....save purbaya,0,2025-11-05T04:41:10Z,Menteri purbaya asset masyarakat rakyat dan negara Indonesia save purbaya,menteri purbaya asset masyarakat rakyat negara indonesia save purbaya
At9u_bDYIe0,@tatangpermana6101,Presiden Prabowo Subianto jgn pasang badan  dalam kasus whooosh ....tegakan hukum  se adil adil nya ......jgn copott taring  menteri purbaya,0,2025-11-05T04:40:01Z,Presiden Prabowo Subianto jgn pasang badan dalam kasus whooosh tegakan hukum se adil adil nya jgn copott taring menteri purbaya,presiden prabowo subianto jgn pasang badan kasu whooosh tegakan hukum adil adil nya jgn copott tare menteri purbaya
At9u_bDYIe0,@budipranoto7489,"SARAN saja HAL yg BERANI dari PRESIDEN hendaknya juga diLAKUKAN dgn REFORMASI di BIDANG PENEGAKAN HUKUMnya dgn MENGGANTI/MEMPESIUNKAN semua TINGKAT JABATAN PENTING di KEPOLISIAN, KEHIKIMAN, BPK dan KEJAKSAAN. Ganti yg FRESH dari AKADEMInya masing2 dgn TANDA TANGSN KONTRAK KERJA yg jelas, tegas dan profesional.",0,2025-11-05T03:46:49Z,SARAN saja HAL yg BERANI dari PRESIDEN hendaknya juga diLAKUKAN dgn REFORMASI di BIDANG PENEGAKAN HUKUMnya dgn MENGGANTI MEMPESIUNKAN semua TINGKAT JABATAN PENTING di KEPOLISIAN KEHIKIMAN BPK dan KEJAKSAAN Ganti yg FRESH dari AKADEMInya masing2 dgn TANDA TANGSN KONTRAK KERJA yg jelas tegas dan profesional,saran hal berani presiden hendaknya dilakukan reformasi bidang penegakan hukumnya mengganti mempesiunkan semua tingkat jabatan pent kepolisian kehikiman bpk kejaksaan ganti fresh akademinya mase tanda tangsn kontrak kerja jela tega profesion
At9u_bDYIe0,@GitoGitojoyo,"Sang presiden , tolong  cari bp seperti ini 9lagi pak  terus seperti p,Amran  hrs ditambah 9 lagi  pak prabowo , pak jaksa agung ,9 lagi pak , indonesia siap maju pesat 1th lagi past ada hasilnya ndak usah 5th. Menunggu , siap 🙏",0,2025-11-05T02:45:17Z,Sang presiden tolong cari bp seperti ini 9lagi pak terus seperti p Amran hrs ditambah 9 lagi pak prabowo pak jaksa agung 9 lagi pak indonesia siap maju pesat 1th lagi past ada hasilnya ndak usah 5th Menunggu siap,sang presiden tolong cari seperti pak teru seperti amran hr ditambah pak prabowo pak jaksa agung pak indonesia siap maju pesat past hasilnya ndak usah menunggu siap
At9u_bDYIe0,@LaluNursaid-l4f5n,Mudahan target Purbaya eko tumbuh 8%,0,2025-11-05T01:47:17Z,Mudahan target Purbaya eko tumbuh 8,mudahan target purbaya eko tumbuh
At9u_bDYIe0,@elisolihat2904,"Terus bongkar Pa Menkeu ini penting untuk Rakyat dan negara , semoga di mudahkan",0,2025-11-05T00:31:17Z,Terus bongkar Pa Menkeu ini penting untuk Rakyat dan negara semoga di mudahkan,teru bongkar menkeu pent rakyat negara semoga mudahkan
At9u_bDYIe0,@WandiJamil-s7b,"Presiden harus punya keberanian untuk mengamputasi anggota tubuh nya.untuk menjalani hidup sehat , anggota tubuh myang hilang bisa di ganti dengan imitasi yang menyerupai aslinya.
Dibanding dengan tubuh utuh akan tetapi merasakan sakit dan tidak bisa berkarya untuk kesejahteraan bangsa.l",0,2025-11-04T23:57:01Z,Presiden harus punya keberanian untuk mengamputasi anggota tubuh nya untuk menjalani hidup sehat anggota tubuh myang hilang bisa di ganti dengan imitasi yang menyerupai aslinya Dibanding dengan tubuh utuh akan tetapi merasakan sakit dan tidak bisa berkarya untuk kesejahteraan bangsa l,presiden haru punya keberanian mengamputasi anggota tubuh nya menjalani hidup sehat anggota tubuh myang hilang bisa ganti imitasi menyerupai aslinya diband tubuh utuh tetapi merasakan sakit tidak bisa berkarya kesejahteraan bangsa
At9u_bDYIe0,@abrohamabroham2190,Omon omon doang...,0,2025-11-04T23:30:14Z,Omon omon doang,omon omon doang
At9u_bDYIe0,@albais2475,"Mental pegawai sudah Rusak dan lindungi Menkeu lama  , sekarang Menkeu  memekak Hukum lurus dan baik  Rakyat Indonesia dukung bersama.",0,2025-11-04T23:07:56Z,Mental pegawai sudah Rusak dan lindungi Menkeu lama sekarang Menkeu memekak Hukum lurus dan baik Rakyat Indonesia dukung bersama,mental pegawai rusak lindungi menkeu lama sekarang menkeu memekak hukum luru baik rakyat indonesia dukung bersama
At9u_bDYIe0,@vincensiusmarbun3750,Bahasanya jelas.mudah dimengerti,0,2025-11-04T13:59:26Z,Bahasanya jelas mudah dimengerti,bahasanya jela mudah dimengerti
At9u_bDYIe0,@dinnuriduasatu6302,"Bismillah 
Allah melindungi beliau Bapak Purbaya Yudhi Sadewa dari orang orang jahat di NKRI ini .
Dinnuri yakin insya Allah rakyat Indonesia banyak yang berdo'a untuk beliau bapak Purbaya Yudhi Sadewa, tetap semangat membongkar kebohongan dan Tidak kejujuran Yang dipelihara semenjak saya tau 1985 sampai sekarang ini.
Allahumma Sholli'alla Sayidina Muhammad Waallaaliihi sayyidina Muhammad",1,2025-11-04T12:58:08Z,Bismillah Allah melindungi beliau Bapak Purbaya Yudhi Sadewa dari orang orang jahat di NKRI ini Dinnuri yakin insya Allah rakyat Indonesia banyak yang berdo a untuk beliau bapak Purbaya Yudhi Sadewa tetap semangat membongkar kebohongan dan Tidak kejujuran Yang dipelihara semenjak saya tau 1985 sampai sekarang ini Allahumma Sholli alla Sayidina Muhammad Waallaaliihi sayyidina Muhammad,bismillah allah melindungi beliau bapak purbaya yudhi sadewa orang orang jahat nkri dinnuri yakin insya allah rakyat indonesia banyak berdo beliau bapak purbaya yudhi sadewa tetap semangat membongkar kebohongan tidak kejujuran dipelihara semenjak tau sekarang allahumma sholli alla sayidina muhammad waallaaliihi sayyidina muhammad
At9u_bDYIe0,@KusKuswara-w6t,"Purabaya  pemberani  melawan arus yang  sangat dahsyat  yak sudah menjadi budaya  koruptor   R I  ini,",0,2025-11-04T09:53:52Z,Purabaya pemberani melawan arus yang sangat dahsyat yak sudah menjadi budaya koruptor R I ini,purabaya pemberani melawan aru sangat dahsyat yak menjadi budaya koruptor
At9u_bDYIe0,@AhmadiJgy,"Pak prabowo realisasikan memilih Menteri yg punya moral terbaik s/d jajaran dirjen anak2 bangsa terbaik yg punya kemampuan mewujudkan pembangunan ekonomi bangsa, perbaiki Sistem menyeluruh dijajaran. Kementerian sampai ke daerah, dng menempatkan pengawasan scr efektive. Spy sasaran n tujuan dpt diwujudkan dng baik, kebocoran dpt ditekan. Termasuk yg menjadi pemikiran dlm diskusi ini ❤",0,2025-11-04T06:04:03Z,Pak prabowo realisasikan memilih Menteri yg punya moral terbaik s d jajaran dirjen anak2 bangsa terbaik yg punya kemampuan mewujudkan pembangunan ekonomi bangsa perbaiki Sistem menyeluruh dijajaran Kementerian sampai ke daerah dng menempatkan pengawasan scr efektive Spy sasaran n tujuan dpt diwujudkan dng baik kebocoran dpt ditekan Termasuk yg menjadi pemikiran dlm diskusi ini,pak prabowo realisasikan memilih menteri punya moral terbaik jajaran dirjen anak bangsa terbaik punya kemampuan mewujudkan pembangunan ekonomi bangsa perbaiki sistem menyeluruh dijajaran kementerian daerah dng menempatkan pengawasan scr efekt spi sasaran tujuan dpt diwujudkan dng baik kebocoran dpt ditekan termasuk menjadi pemikiran dlm diskusi
At9u_bDYIe0,@yuyunarumsari5756,"Bersatulah rakyat,yg cinta negri ini,dukung pk.purbaya berantas semya yg merugikan rakyat.",0,2025-11-04T03:35:32Z,Bersatulah rakyat yg cinta negri ini dukung pk purbaya berantas semya yg merugikan rakyat,bersatulah rakyat cinta negri dukung purbaya beranta semya merugikan rakyat
At9u_bDYIe0,@TravelPesona,Biasa nya tikus2 koruptor ketawa2 enak.  Sekarang semenjak Bpk purbaya menkeu. Tikus2 berdasi di buat gelisah siap2 bui menanti anda anak dan istri anda ketawa2 di luar dan istri anda bisa stres di luar,0,2025-11-04T03:04:58Z,Biasa nya tikus2 koruptor ketawa2 enak Sekarang semenjak Bpk purbaya menkeu Tikus2 berdasi di buat gelisah siap2 bui menanti anda anak dan istri anda ketawa2 di luar dan istri anda bisa stres di luar,biasa nya tiku koruptor ketawa enak sekarang semenjak bpk purbaya menkeu tiku berdasi buat gelisah siap bui menanti anda anak istri anda ketawa luar istri anda bisa stre luar
At9u_bDYIe0,@nilacahyani3358,To.liyat.rayat.idonesa.dan.juga.mediya.cobak.anda.seri.².tayakan.pejabat...yg..korup.di.tayakan.sesering.mukin...oke😅😅😅😅😅😅😅😅😅😅😅😅😅😅,0,2025-11-04T02:34:12Z,To liyat rayat idonesa dan juga mediya cobak anda seri tayakan pejabat yg korup di tayakan sesering mukin oke,liyat rayat idonesa mediya cobak anda seri tayakan pejabat korup tayakan seser mukin oke
At9u_bDYIe0,@aminamin6703,80 tahun usia kemerdekaan negara kemana sebenarnya arah perekonomian negara ini? Apakah sudah sesuai harapan para pendiri bangsa?,0,2025-11-04T01:53:20Z,80 tahun usia kemerdekaan negara kemana sebenarnya arah perekonomian negara ini Apakah sudah sesuai harapan para pendiri bangsa,tahun usia kemerdekaan negara kemana sebenarnya arah perekonomian negara apakah sesuai harapan para pendiri bangsa
At9u_bDYIe0,@Ar_Rayyan_Eyes,"Textile Indonesia belum mampu menyaingi qualitas, design, materials pakaian bekas, kalau pun mereka mampu pasti harganya selangit, yang perlu di berantas itu pakaian"" muslim , masa pakaian wanita pria muslim harus import dari china . Santai, jangan panik grebak-grebuk mengambil keputusan. Alon"" asal klakon. Di Amerika, Australia saja ada pakaian bekas.",0,2025-11-04T01:26:42Z,Textile Indonesia belum mampu menyaingi qualitas design materials pakaian bekas kalau pun mereka mampu pasti harganya selangit yang perlu di berantas itu pakaian muslim masa pakaian wanita pria muslim harus import dari china Santai jangan panik grebak grebuk mengambil keputusan Alon asal klakon Di Amerika Australia saja ada pakaian bekas,textil indonesia belum mampu menyaingi qualita design materi pakaian beka kalau pun mampu pasti harganya selangit perlu beranta pakaian muslim masa pakaian wanita pria muslim haru import china santai jangan panik grebak grebuk mengambil keputusan alon asal klakon amerika australia pakaian beka
At9u_bDYIe0,@shofwanhady1778,"Korupsi di sektor belanja parah, tapi tidak ada apa2nya dibanding korupsi di SEKTOR PENDAPATAN. Dari urusan ekspor impor sampai dengan toko2 yang bikin pembukuan ganda bekerjasama dengan oknum petugas pajak.",0,2025-11-04T01:12:40Z,Korupsi di sektor belanja parah tapi tidak ada apa2nya dibanding korupsi di SEKTOR PENDAPATAN Dari urusan ekspor impor sampai dengan toko2 yang bikin pembukuan ganda bekerjasama dengan oknum petugas pajak,korupsi sektor belanja parah tidak apanya diband korupsi sektor pendapatan urusan ekspor impor toko bikin pembukuan ganda bekerjasama oknum petuga pajak
At9u_bDYIe0,@ReniYunianingsih-n9c,Semoga Alloh selalu melindungi orang orang yang baik dan jujur demi kemakmuran dan kesejahteraan rakyat. Ya Alloh lindungi yng pejabat yang jujur untuk Indonesia lebih baik dan maju.,0,2025-11-04T00:00:24Z,Semoga Alloh selalu melindungi orang orang yang baik dan jujur demi kemakmuran dan kesejahteraan rakyat Ya Alloh lindungi yng pejabat yang jujur untuk Indonesia lebih baik dan maju,semoga alloh selalu melindungi orang orang baik jujur demi kemakmuran kesejahteraan rakyat alloh lindungi yng pejabat jujur indonesia lebih baik maju
At9u_bDYIe0,@upaylutfianahsubagio9059,"Kalo ada faktor human error dari bea cukai dan pajaknya kalo gitu, ganti kan saja dengan program magang yang sedang dilakukan, pelan pelan gantikan mereka yang nakal dengan pegawai magang tersebut. Memang kudu diganti tuh semua pejabat nakal para ASN yg biasa korupsi baik di kementerian maupun di pemerintahan daerah.",0,2025-11-03T22:19:34Z,Kalo ada faktor human error dari bea cukai dan pajaknya kalo gitu ganti kan saja dengan program magang yang sedang dilakukan pelan pelan gantikan mereka yang nakal dengan pegawai magang tersebut Memang kudu diganti tuh semua pejabat nakal para ASN yg biasa korupsi baik di kementerian maupun di pemerintahan daerah,kalo faktor human error bea cukai pajaknya kalo gitu ganti kan program magang sedang dilakukan pelan pelan gantikan nakal pegawai magang tersebut memang kudu diganti tuh semua pejabat nakal para asn biasa korupsi baik kementerian maupun pemerintahan daerah
At9u_bDYIe0,@HabibaHabibah-w3f,"Mulai ada freming2 buruk2 ttg.pak Pur.
Waspai dan jaga beliau...
😢😢",0,2025-11-03T22:07:02Z,Mulai ada freming2 buruk2 ttg pak Pur Waspai dan jaga beliau,mulai freme buruk ttg pak pur waspai jaga beliau
At9u_bDYIe0,@munindarkpri8092,Mantap....menuju... kemakmuran rakyat....❤❤❤❤❤,0,2025-11-03T21:24:16Z,Mantap menuju kemakmuran rakyat,mantap menuju kemakmuran rakyat
At9u_bDYIe0,@sofyansyuhada2294,Si ihsan ngapain di situ? Sok paling pinter. Otaknya udah ga dipake negara. Politik mulu.,0,2025-11-03T19:37:06Z,Si ihsan ngapain di situ Sok paling pinter Otaknya udah ga dipake negara Politik mulu,ihsan ngapain situ sok pale pinter otaknya udah dipak negara politik mulu
At9u_bDYIe0,@AtarFikri,Bongkar semua pak mafia mafia penggelapan uang rakyat dan negara,0,2025-11-03T17:02:53Z,Bongkar semua pak mafia mafia penggelapan uang rakyat dan negara,bongkar semua pak mafia mafia penggelapan uang rakyat negara
At9u_bDYIe0,@tobanaibaho,KPK..kepolisian yang seharusnya.. yang bertugas mengamankan kerugian negara..mandul justru justru tidak berfungsi.. sama sekali... Bubar kan saja.. KPK../kinerja nya tidak ada,0,2025-11-03T16:10:36Z,KPK kepolisian yang seharusnya yang bertugas mengamankan kerugian negara mandul justru justru tidak berfungsi sama sekali Bubar kan saja KPK kinerja nya tidak ada,kpk kepolisian seharusnya bertuga mengamankan kerugian negara mandul justru justru tidak berfungsi sama sekali bubar kan kpk kinerja nya tidak
At9u_bDYIe0,@GoogleAkun-i1l,"Gila beneeeeeer semenjak pemerintahan jokowi negara di rugikan sampe ribuan teiliun
Pengabdi jokowi gmn menurut kalian",0,2025-11-03T15:53:25Z,Gila beneeeeeer semenjak pemerintahan jokowi negara di rugikan sampe ribuan teiliun Pengabdi jokowi gmn menurut kalian,gila beneeeeeer semenjak pemerintahan jokowi negara rugikan samp ribuan teiliun pengabdi jokowi gmn menurut kalian
At9u_bDYIe0,@JokoSetiabudi-d8r,"Jangan hanya baju bekas,banyak mobil bekas dll masuk di Indonesia😅😮",0,2025-11-03T15:12:23Z,Jangan hanya baju bekas banyak mobil bekas dll masuk di Indonesia,jangan hanya baju beka banyak mobil beka masuk indonesia
At9u_bDYIe0,@sakiyo785,Tingkatkan upah para buruh dan petani agar mereka mampu membeli baju yang baru setiap 3 bulan sekali seperti Singapura sehingga mereka tidak lagi membeli pakaian bekas.. Kenapa rakyat beli barang bekas karena rakyat kurang mampu beli barang baru karena gak cukup duitnya beli yang baru.. Saya mendukung segala macam kejahatan mafia.. Tapi semestinya perbaiki dulu segala macam ketimpangan ekonomi rakyat yang sempai saat ini pemerintah belum bisa mensejahterakan hidup rakyatnya sendiri.. Salam buat kemajuan Rakyat semua..,0,2025-11-03T14:40:25Z,Tingkatkan upah para buruh dan petani agar mereka mampu membeli baju yang baru setiap 3 bulan sekali seperti Singapura sehingga mereka tidak lagi membeli pakaian bekas Kenapa rakyat beli barang bekas karena rakyat kurang mampu beli barang baru karena gak cukup duitnya beli yang baru Saya mendukung segala macam kejahatan mafia Tapi semestinya perbaiki dulu segala macam ketimpangan ekonomi rakyat yang sempai saat ini pemerintah belum bisa mensejahterakan hidup rakyatnya sendiri Salam buat kemajuan Rakyat semua,tingkatkan upah para buruh petani mampu memb baju baru setiap bulan sekali seperti singapura tidak memb pakaian beka kenapa rakyat beli barang beka rakyat kurang mampu beli barang baru gak cukup duitnya beli baru mendukung segala macam kejahatan mafia semestinya perbaiki dulu segala macam ketimpangan ekonomi rakyat sempai saat pemerintah belum bisa mensejahterakan hidup rakyatnya sendiri salam buat kemajuan rakyat semua
At9u_bDYIe0,@GazaAlAqsha,Alhamdulilh lanjut kn,0,2025-11-03T14:20:02Z,Alhamdulilh lanjut kn,alhamdulilh lanjut
At9u_bDYIe0,@Subagja-d2z,Kalau saya setuju nama mafia di ganti aja  namanya  ;  maling / garong . Biar masyarakat pada tau,0,2025-11-03T13:51:42Z,Kalau saya setuju nama mafia di ganti aja namanya maling garong Biar masyarakat pada tau,kalau setuju nama mafia ganti aja namanya male garong biar masyarakat tau
At9u_bDYIe0,@namuratechnik8246,"Hutang riba ke IMF,80 Tahun merdeka rakyat dipajaki sampai mati.
Rakyat dijadikan ,sapi perah.
Mafia pencuri nilai uang.",0,2025-11-03T13:49:25Z,Hutang riba ke IMF 80 Tahun merdeka rakyat dipajaki sampai mati Rakyat dijadikan sapi perah Mafia pencuri nilai uang,hutang riba imf tahun merdeka rakyat dipajaki mati rakyat dijadikan sapi perah mafia pencuri nilai uang
At9u_bDYIe0,@TatangSumirat-r6j,"Yg dimainkan bukan hanya export import, tapi juga pajak pendapatan, pph.
Utk mengelabui, penghindaran pajak banyak wajib banyak yg minta bantuan ordal pajak.",0,2025-11-03T13:46:04Z,Yg dimainkan bukan hanya export import tapi juga pajak pendapatan pph Utk mengelabui penghindaran pajak banyak wajib banyak yg minta bantuan ordal pajak,dimainkan bukan hanya export import pajak pendapatan pph mengelabui penghindaran pajak banyak wajib banyak minta bantuan ordal pajak
At9u_bDYIe0,@Caxmin,Gassss,0,2025-11-03T13:02:55Z,Gassss,gassss
At9u_bDYIe0,@toksengat8588,PRABOWO PURBAYA LWN MAFIA TOYOL LIHAT SAPA MENANG KALAH,0,2025-11-03T12:06:00Z,PRABOWO PURBAYA LWN MAFIA TOYOL LIHAT SAPA MENANG KALAH,prabowo purbaya lwn mafia toyol lihat sapa menang kalah
At9u_bDYIe0,@mutiahasyim7003,"Selamatkan Harta Milik Negara kita , tambang tambang di Sulawesi juga di Wilayah wilayah lain nya  en usir para ilegal pekerja asing lah demi kemak.uran Rakyat 
Indonesia....",0,2025-11-03T09:48:50Z,Selamatkan Harta Milik Negara kita tambang tambang di Sulawesi juga di Wilayah wilayah lain nya en usir para ilegal pekerja asing lah demi kemak uran Rakyat Indonesia,selamatkan harta milik negara tambang tambang sulawesi wilayah wilayah lain nya usir para ileg pekerja ase lah demi kemak uran rakyat indonesia
At9u_bDYIe0,@kelanadewabrata2138,"Knp tdk MUNGKIN pak FUAD ❓️

Selagi msh d dunia ya mungkin sj,  liat j cina, yg salah lsg eksekusi...dorr",1,2025-11-03T09:12:43Z,Knp tdk MUNGKIN pak FUAD Selagi msh d dunia ya mungkin sj liat j cina yg salah lsg eksekusi dorr,knp mungkin pak fuad selagi msh dunia mungkin liat cina salah lsg eksekusi dorr
At9u_bDYIe0,@BowoAmur-y7k,"Ini sayang ku cinta ku pembagian"" setelah  Perkalian"" dalam Administrasi  Perbankan"" Nasional, Multinasional Regional, dan Amerika Serikat dan Uni Europa 😎🙏Demikian&Terimakasih",0,2025-11-03T07:08:53Z,Ini sayang ku cinta ku pembagian setelah Perkalian dalam Administrasi Perbankan Nasional Multinasional Regional dan Amerika Serikat dan Uni Europa Demikian Terimakasih,sayang cinta pembagian perkalian administrasi perbankan nasion multinasion region amerika serikat uni europa demikian terimakasih
At9u_bDYIe0,@basukibasuki9342,Kasian para Pensiunan sampai sekarang blm cair menunggu 2 mkh,0,2025-11-03T06:39:46Z,Kasian para Pensiunan sampai sekarang blm cair menunggu 2 mkh,kasian para pensiunan sekarang blm cair menunggu mkh
At9u_bDYIe0,@YohanesSuwartana,Purbaya manusia paling gila lanjut terus rakyat ada di sampingmu sapu bersih koruptor/mafia besar😍🥰💪💪hancurkan mafia faktur import/penipiu,0,2025-11-03T06:36:50Z,Purbaya manusia paling gila lanjut terus rakyat ada di sampingmu sapu bersih koruptor mafia besarhancurkan mafia faktur import penipiu,purbaya manusia pale gila lanjut teru rakyat sampingmu sapu bersih koruptor mafia besarhancurkan mafia faktur import penipiu
At9u_bDYIe0,@oklah5928,"Ayo semua rakyat kecil kita bersatu untuk mendukung pemerintah dalam memberantas koruptor, ❤",12,2025-11-03T06:15:09Z,Ayo semua rakyat kecil kita bersatu untuk mendukung pemerintah dalam memberantas koruptor,ayo semua rakyat kecil bersatu mendukung pemerintah memberanta koruptor
At9u_bDYIe0,@mjmu1707,Sengaja..mahu bikin tipu,0,2025-11-03T05:35:48Z,Sengaja mahu bikin tipu,sengaja mahu bikin tipu
At9u_bDYIe0,@hendrikusminggu1525,"Dibidang keuangan Bapak Purbaya orang kedua di Indonesia, selain Bapak Presiden. Jangan ragu demi kemajuan Indonesia pertahankan kebenaran. Topi kaboy kebenaran menancap terus.",0,2025-11-03T04:27:03Z,Dibidang keuangan Bapak Purbaya orang kedua di Indonesia selain Bapak Presiden Jangan ragu demi kemajuan Indonesia pertahankan kebenaran Topi kaboy kebenaran menancap terus,dibidang keuangan bapak purbaya orang kedua indonesia selain bapak presiden jangan ragu demi kemajuan indonesia pertahankan kebenaran topi kaboy kebenaran menancap teru
At9u_bDYIe0,@mohammadmohtarom8401,"PEMBERANTASAN KORUPSI MASIH DIRAGUKAN, KALO MELIHAT NUNJUKKAN IJAZAH BEKAS PRESIDEN SAJA TIDAK BISA, PADAHAL SIDANG IJAZAH SUDAH BEBERAPA KALI TAPI SAMPAI SEKARANG BELUM BISA.
HUKUM DI GEMBOSI OLEH KORUPTOR DUNIA LICIK.",0,2025-11-03T03:59:02Z,PEMBERANTASAN KORUPSI MASIH DIRAGUKAN KALO MELIHAT NUNJUKKAN IJAZAH BEKAS PRESIDEN SAJA TIDAK BISA PADAHAL SIDANG IJAZAH SUDAH BEBERAPA KALI TAPI SAMPAI SEKARANG BELUM BISA HUKUM DI GEMBOSI OLEH KORUPTOR DUNIA LICIK,pemberantasan korupsi masih diragukan kalo melihat nunjukkan ijazah beka presiden tidak bisa padah sidang ijazah beberapa kali sekarang belum bisa hukum gembosi koruptor dunia licik
At9u_bDYIe0,@mohammadmohtarom8401,"HARUS SEGERA DISERET KEPENGADILAN KORUPTOR DUNIA LICIK RAKUS TAK PUNYA MALU.
DIA INGIN INDONESIA HANCUR. 
Indonesia hancur PKI muncul.",0,2025-11-03T03:40:21Z,HARUS SEGERA DISERET KEPENGADILAN KORUPTOR DUNIA LICIK RAKUS TAK PUNYA MALU DIA INGIN INDONESIA HANCUR Indonesia hancur PKI muncul,haru segera diseret kepengadilan koruptor dunia licik raku tak punya malu ingin indonesia hancur indonesia hancur pki muncul
At9u_bDYIe0,@Bombvlog,Yg kepanasan sama Purbaya pasti ada andil dlm korupsi,0,2025-11-03T03:10:01Z,Yg kepanasan sama Purbaya pasti ada andil dlm korupsi,kepanasan sama purbaya pasti andil dlm korupsi
At9u_bDYIe0,@Bombvlog,"Asal Presiden tdk merasa kalah elektabilitas, Purbaya akan menyala terus",0,2025-11-03T02:53:22Z,Asal Presiden tdk merasa kalah elektabilitas Purbaya akan menyala terus,asal presiden merasa kalah elektabilita purbaya menyala teru
At9u_bDYIe0,@YoungFa-x6q,"Luhut Binsar Panjaitan....???
Perlu di curigai....!!!
OCCRP gak salah... Jokowi terkorup rangking 3 dunia",0,2025-11-03T02:51:24Z,Luhut Binsar Panjaitan Perlu di curigai OCCRP gak salah Jokowi terkorup rangking 3 dunia,luhut binsar panjaitan perlu curigai occrp gak salah jokowi terkorup rangk dunia
At9u_bDYIe0,@kangjujur8972,"Jadi benar dong kata pak jokowi, ada daftar 11rb triliun uang panas 😂😂 pantesan saja didemo sana sini,,,",0,2025-11-03T02:51:05Z,Jadi benar dong kata pak jokowi ada daftar 11rb triliun uang panas pantesan saja didemo sana sini,jadi benar dong kata pak jokowi daftar triliun uang pana pantesan didemo sana sini
At9u_bDYIe0,@hasbysisdanil7450,Klw ingin tercapai NKRI menjadi negara bangsa maju besar disegani negara luar n rakyat sejahtera sampai Ahir jaman  segala bentuk korupsi manipulasi markup disegala bidang sektor n lembaga harus dihapus dihilangkan dgn aturan hukum yg tegas positip kembalikan aset koruptor n yg lainya manfaatkan utk Kep negara n rakyat   pengampunan nasional dr rakyat mungkin bisa diterima tetapi UUD perampasan aset penting dibahas n disahkan hny UU ini yg bisa menjadi pagar betis yg kuat utk menekan bahkan menghilangkan budaya korupsi markup manipulasi dsbgnya. Hayo tobat nasional pr pejabat para wakil rakyat pr ketua parpol pr oligarki. Nasibmu di ujung rakyat. Pdhl kamu diangkat rakyat tp menyengsarakan rakyat. ❤❤❤. Siapa yg gak setuju.,0,2025-11-03T02:34:11Z,Klw ingin tercapai NKRI menjadi negara bangsa maju besar disegani negara luar n rakyat sejahtera sampai Ahir jaman segala bentuk korupsi manipulasi markup disegala bidang sektor n lembaga harus dihapus dihilangkan dgn aturan hukum yg tegas positip kembalikan aset koruptor n yg lainya manfaatkan utk Kep negara n rakyat pengampunan nasional dr rakyat mungkin bisa diterima tetapi UUD perampasan aset penting dibahas n disahkan hny UU ini yg bisa menjadi pagar betis yg kuat utk menekan bahkan menghilangkan budaya korupsi markup manipulasi dsbgnya Hayo tobat nasional pr pejabat para wakil rakyat pr ketua parpol pr oligarki Nasibmu di ujung rakyat Pdhl kamu diangkat rakyat tp menyengsarakan rakyat Siapa yg gak setuju,klw ingin tercapai nkri menjadi negara bangsa maju besar disegani negara luar rakyat sejahtera ahir jaman segala bentuk korupsi manipulasi markup disegala bidang sektor lembaga haru dihapu dihilangkan aturan hukum tega positip kembalikan aset koruptor lainya manfaatkan kep negara rakyat pengampunan nasion rakyat mungkin bisa diterima tetapi uud perampasan aset pent dibaha disahkan hni bisa menjadi pagar beti kuat menekan bahkan menghilangkan budaya korupsi markup manipulasi dsbgnya hayo tobat nasion pejabat para wakil rakyat ketua parpol oligarki nasibmu ujung rakyat pdhl diangkat rakyat menyengsarakan rakyat siapa gak setuju
At9u_bDYIe0,@OppoA18-lk3cl,"Tak mungkin itu terjadi, karna indonesia tak luput dari koruptor hayalan gak usah banyak2",0,2025-11-03T02:29:31Z,Tak mungkin itu terjadi karna indonesia tak luput dari koruptor hayalan gak usah banyak2,tak mungkin terjadi karna indonesia tak luput koruptor hayalan gak usah banyak
At9u_bDYIe0,@JonoTarjono-w6c,Perabowopresiden omon omon t sesuai dngn janji janji ny disaat kampanye bukan mensejahtrakn pensiunan TPI mengsengsarakn  percuma kami  kluarga besar pensiunan dseluruh indonesia ini mndukung kamu  trnyata kamu bnyak omon omon,0,2025-11-03T01:27:41Z,Perabowopresiden omon omon t sesuai dngn janji janji ny disaat kampanye bukan mensejahtrakn pensiunan TPI mengsengsarakn percuma kami kluarga besar pensiunan dseluruh indonesia ini mndukung kamu trnyata kamu bnyak omon omon,perabowopresiden omon omon sesuai dngn janji janji disaat kampany bukan mensejahtrakn pensiunan tpi mengsengsarakn percuma kami kluarga besar pensiunan dseluruh indonesia mndukung trnyata bnyak omon omon
At9u_bDYIe0,@Dnnnnnn4,Yth. Pak Prabowo negara butuh 7 orang sekelas Yth. Pak Purbaya.,0,2025-11-03T01:20:43Z,Yth Pak Prabowo negara butuh 7 orang sekelas Yth Pak Purbaya,yth pak prabowo negara butuh orang sekela yth pak purbaya
At9u_bDYIe0,@dwiekarsih4411,Ya Allah lindungi mrk yg membela kebenaran ...hancur kan mrk yg zholim Aamiin y rahman,1,2025-11-03T00:47:04Z,Ya Allah lindungi mrk yg membela kebenaran hancur kan mrk yg zholim Aamiin y rahman,allah lindungi mrk membela kebenaran hancur kan mrk zholim aamiin rahman
At9u_bDYIe0,@bambangwidjanarko2317,Bea cukai koq gak kapok2 ?. Mungkin perlu dipertimbangkan memakaii sistem psi seperti jaman pak Harto dulu .,0,2025-11-03T00:33:48Z,Bea cukai koq gak kapok2 Mungkin perlu dipertimbangkan memakaii sistem psi seperti jaman pak Harto dulu,bea cukai koq gak kapok mungkin perlu dipertimbangkan memakaii sistem psi seperti jaman pak harto dulu
At9u_bDYIe0,@wahyun9045,"Pak Purbaya, Pak President, jangan banyak omong didepan, nanti bos mafianya keburu kabur duluan , juga uangnya sdh di pindahkan  dulu oleh ybs, misalnya sprt kejaksaan bilang bbrp minggu didepan  mau menangkap mafia minyak , akhirnya dia sdh kabur dulu. Jadi operasi lah dgn senyap, tangkap mafia   ya, ambil uangnya untuk negara dan umumkan kepublik.
Sama dengan koruptor,   Ari 2 bukti, , tangkap, rampas hartanya utk negara. Hukum.",0,2025-11-03T00:24:23Z,Pak Purbaya Pak President jangan banyak omong didepan nanti bos mafianya keburu kabur duluan juga uangnya sdh di pindahkan dulu oleh ybs misalnya sprt kejaksaan bilang bbrp minggu didepan mau menangkap mafia minyak akhirnya dia sdh kabur dulu Jadi operasi lah dgn senyap tangkap mafia ya ambil uangnya untuk negara dan umumkan kepublik Sama dengan koruptor Ari 2 bukti tangkap rampas hartanya utk negara Hukum,pak purbaya pak presid jangan banyak omong didepan nanti bo mafianya keburu kabur duluan uangnya pindahkan dulu yb misalnya sprt kejaksaan bilang bbrp minggu didepan mau menangkap mafia minyak akhirnya kabur dulu jadi operasi lah senyap tangkap mafia ambil uangnya negara umumkan kepublik sama koruptor ari bukti tangkap rampa hartanya negara hukum
At9u_bDYIe0,@jetbusdriver,Aku siap mati demi mendukung bapak prabowo dan bapak purbaya,0,2025-11-02T22:20:27Z,Aku siap mati demi mendukung bapak prabowo dan bapak purbaya,siap mati demi mendukung bapak prabowo bapak purbaya
At9u_bDYIe0,@MuhastrianasAnas,"Yang membuat kaya raya negara lain semua hasil bumi Indonesia dari tambang batu bara, nikel timah, aspal, boksit. Semua di jual ke luar negeri tidak melalui pajak karena mereka kerja sama juga dengan orang-orang biacukai dan pintar nya mengelabui pemerintah dan rakyat menaikkan dan pura-pura menjalankan tugasnya mencekik rakyat tetapi yang di atas kerja sama melegalkan semua bunuh semua itu mafia merugikan negara.",0,2025-11-02T20:46:14Z,Yang membuat kaya raya negara lain semua hasil bumi Indonesia dari tambang batu bara nikel timah aspal boksit Semua di jual ke luar negeri tidak melalui pajak karena mereka kerja sama juga dengan orang orang biacukai dan pintar nya mengelabui pemerintah dan rakyat menaikkan dan pura pura menjalankan tugasnya mencekik rakyat tetapi yang di atas kerja sama melegalkan semua bunuh semua itu mafia merugikan negara,membuat kaya raya negara lain semua hasil bumi indonesia tambang batu bara nikel timah aspal boksit semua jual luar negeri tidak melalui pajak kerja sama orang orang biacukai pintar nya mengelabui pemerintah rakyat menaikkan pura pura menjalankan tugasnya mencekik rakyat tetapi ata kerja sama melegalkan semua bunuh semua mafia merugikan negara
At9u_bDYIe0,@MuhastrianasAnas,Kalau mafia tambang tidak jauh itu. Ada juga di dekat pemerintah. Jadi mentri.,0,2025-11-02T20:34:58Z,Kalau mafia tambang tidak jauh itu Ada juga di dekat pemerintah Jadi mentri,kalau mafia tambang tidak jauh dekat pemerintah jadi mentri
At9u_bDYIe0,@KosasihAhmad-c8p,"MARI SEMUE KOMPAK BERTOBAT SEMUE DEMI ALLOH SUBHANAHU WATAALLAH MAHA KASIH SAYANG DAN WAJIB BERANI KOMPAK SEMUE MEMBELA BANGSA RAKYAT INDONESIA MAKMUR EMAS DAN WAJIB BERANI KOMPAK SEMUE MEMBELA KEJUJURAN KEADILAN CERDAS KUAT DAN WAJIB BERANI KOMPAK MEMBELA BANGSA RAKYAT INDONESIA MAKMUR EMAS MAJU SEGALA BIDANG DAN WAJIB BERANI KOMPAK SEMUE MEMBELA KEJUJURAN KEADILAN CERDAS KUAT DAN WAJIB BERANI KOMPAK SEMUE MEMBELA BANGSA RAKYAT INDONESIA MAKMUR EMAS DAN DAPAT RIDHO NYA AAMIIN TAKBIRRR ALLOHU AKBARRR INSYAALLOH ALHAMDULILLAH ALLOHUMMA SOLI ALA MUHAMMAD WAALA ALIH MUHAMMAD 
DAN WAJIB BERANI KOMPAK SEMUE MEMBELA KEJUJURAN KEADILAN CERDAS KUAT IMAN DAN TAQWA DAN WAJIB BERANI KOMPAK SEMUE MEMBELA BANGSA RAKYAT INDONESIA MAKMUR EMAS DAN DAPAT RIDHO NYA AAMIIN AMANAH SIDIQ FATHONAH TABLIGH DAN DAPAT RIDHO NYA AAMIIN TAKBIRRR ALLOHU AKBARRR INSYAALLOH ALHAMDULILLAH ALLOHUMMA SOLI ALA MUHAMMAD WAALA ALIH MUHAMMAD 
DAN CINTA DAMAI SEJAHTERA SELALU DIDUNIA DAN DI AKHIRAT KELAK BERKAH SELALU AAMIIN TAKBIRRR ALLOHU AKBARRR INSYAALLOH ALHAMDULILLAH ALLOHUMMA SOLI ALA MUHAMMAD WAALA ALIH MUHAMMAD 

HORMAT KAMI 
SELURUH BANGSA RAKYAT INDONESIA MAKMUR EMAS DAN DAPAT RIDHO NYA AAMIIN TAKBIRRR ALLOHU AKBARRR INSYAALLOH ALHAMDULILLAH ALLOHUMMA SOLI ALA MUHAMMAD WAALA ALIH MUHAMMAD",1,2025-11-02T17:58:49Z,MARI SEMUE KOMPAK BERTOBAT SEMUE DEMI ALLOH SUBHANAHU WATAALLAH MAHA KASIH SAYANG DAN WAJIB BERANI KOMPAK SEMUE MEMBELA BANGSA RAKYAT INDONESIA MAKMUR EMAS DAN WAJIB BERANI KOMPAK SEMUE MEMBELA KEJUJURAN KEADILAN CERDAS KUAT DAN WAJIB BERANI KOMPAK MEMBELA BANGSA RAKYAT INDONESIA MAKMUR EMAS MAJU SEGALA BIDANG DAN WAJIB BERANI KOMPAK SEMUE MEMBELA KEJUJURAN KEADILAN CERDAS KUAT DAN WAJIB BERANI KOMPAK SEMUE MEMBELA BANGSA RAKYAT INDONESIA MAKMUR EMAS DAN DAPAT RIDHO NYA AAMIIN TAKBIRRR ALLOHU AKBARRR INSYAALLOH ALHAMDULILLAH ALLOHUMMA SOLI ALA MUHAMMAD WAALA ALIH MUHAMMAD DAN WAJIB BERANI KOMPAK SEMUE MEMBELA KEJUJURAN KEADILAN CERDAS KUAT IMAN DAN TAQWA DAN WAJIB BERANI KOMPAK SEMUE MEMBELA BANGSA RAKYAT INDONESIA MAKMUR EMAS DAN DAPAT RIDHO NYA AAMIIN AMANAH SIDIQ FATHONAH TABLIGH DAN DAPAT RIDHO NYA AAMIIN TAKBIRRR ALLOHU AKBARRR INSYAALLOH ALHAMDULILLAH ALLOHUMMA SOLI ALA MUHAMMAD WAALA ALIH MUHAMMAD DAN CINTA DAMAI SEJAHTERA SELALU DIDUNIA DAN DI AKHIRAT KELAK BERKAH SELALU AAMIIN TAKBIRRR ALLOHU AKBARRR INSYAALLOH ALHAMDULILLAH ALLOHUMMA SOLI ALA MUHAMMAD WAALA ALIH MUHAMMAD HORMAT KAMI SELURUH BANGSA RAKYAT INDONESIA MAKMUR EMAS DAN DAPAT RIDHO NYA AAMIIN TAKBIRRR ALLOHU AKBARRR INSYAALLOH ALHAMDULILLAH ALLOHUMMA SOLI ALA MUHAMMAD WAALA ALIH MUHAMMAD,mari semu kompak bertobat semu demi alloh subhanahu wataallah maha kasih sayang wajib berani kompak semu membela bangsa rakyat indonesia makmur ema wajib berani kompak semu membela kejujuran keadilan cerda kuat wajib berani kompak membela bangsa rakyat indonesia makmur ema maju segala bidang wajib berani kompak semu membela kejujuran keadilan cerda kuat wajib berani kompak semu membela bangsa rakyat indonesia makmur ema dapat ridho nya aamiin takbirrr allohu akbarrr insyaalloh alhamdulillah allohumma soli ala muhammad waala alih muhammad wajib berani kompak semu membela kejujuran keadilan cerda kuat iman taqwa wajib berani kompak semu membela bangsa rakyat indonesia makmur ema dapat ridho nya aamiin amanah sidiq fathonah tabligh dapat ridho nya aamiin takbirrr allohu akbarrr insyaalloh alhamdulillah allohumma soli ala muhammad waala alih muhammad cinta damai sejahtera selalu didunia akhirat kelak berkah selalu aamiin takbirrr allohu akbarrr insyaalloh alhamdulillah allohumma soli ala muhammad waala alih muhammad hormat kami seluruh bangsa rakyat indonesia makmur ema dapat ridho nya aamiin takbirrr allohu akbarrr insyaalloh alhamdulillah allohumma soli ala muhammad waala alih muhammad
At9u_bDYIe0,@JamaludinBalkri,"Rakyat siap membela presiden Prabowo / Mentri keu Purbaya . ,( hidup Prabowo , hidup Purbaya ) sikat semua koruptor dan hartanya .",0,2025-11-02T17:37:45Z,Rakyat siap membela presiden Prabowo Mentri keu Purbaya hidup Prabowo hidup Purbaya sikat semua koruptor dan hartanya,rakyat siap membela presiden prabowo mentri keu purbaya hidup prabowo hidup purbaya sikat semua koruptor hartanya
At9u_bDYIe0,@Jk-pu6mj,Indonesia sudah kronis😊😊😊😊😊,0,2025-11-02T16:38:20Z,Indonesia sudah kronis,indonesia kroni
At9u_bDYIe0,@EriYuletra,"Demi RAKYAT sejahtera...kami akan menyeruduk mereka yang mamakan duit RAKYAT..
Lindungin pak Pur... ya Robb",0,2025-11-02T16:21:21Z,Demi RAKYAT sejahtera kami akan menyeruduk mereka yang mamakan duit RAKYAT Lindungin pak Pur ya Robb,demi rakyat sejahtera kami menyeruduk mamakan duit rakyat lindungin pak pur robb
At9u_bDYIe0,@ArdianosSauri,Parah jokowi 10 tahun cuman hancurin indonesia,0,2025-11-02T14:03:12Z,Parah jokowi 10 tahun cuman hancurin indonesia,parah jokowi tahun cuman hancurin indonesia
At9u_bDYIe0,@Tahyat11,"Yakinlah Allah kan melindungi Menkeu Pa Purbaya, selamat, sehat demi Rakyat Indonesia",2,2025-11-02T13:48:11Z,Yakinlah Allah kan melindungi Menkeu Pa Purbaya selamat sehat demi Rakyat Indonesia,yakinlah allah kan melindungi menkeu purbaya selamat sehat demi rakyat indonesia
At9u_bDYIe0,@alexiusgampar8513,"Ngeri Cok, gak heran klo Papua dan aceh minta merdeka, kelaparan dimana2, pengangguran melimpah ruah, angka kemiskinan terus melonjak. Masih banyak yg TDK mampu akses ke dunia pendidikan",0,2025-11-02T11:46:47Z,Ngeri Cok gak heran klo Papua dan aceh minta merdeka kelaparan dimana2 pengangguran melimpah ruah angka kemiskinan terus melonjak Masih banyak yg TDK mampu akses ke dunia pendidikan,ngeri cok gak heran klo papua aceh minta merdeka kelaparan dimana pengangguran melimpah ruah angka kemiskinan teru melonjak masih banyak mampu aks dunia pendidikan
At9u_bDYIe0,@Ssstro,Berarti mentri keuangan sri mulyani itu blooon teramat blooooon,0,2025-11-02T11:14:42Z,Berarti mentri keuangan sri mulyani itu blooon teramat blooooon,berarti mentri keuangan sri mulyani blooon teramat blooooon
At9u_bDYIe0,@user-hh7qo9ji9p,"❤ sikat pa Prabowo jangan omon omon , rakyat Indonesia mendukung bpa, bila perlu rakyat yg bergerak",0,2025-11-02T10:35:52Z,sikat pa Prabowo jangan omon omon rakyat Indonesia mendukung bpa bila perlu rakyat yg bergerak,sikat prabowo jangan omon omon rakyat indonesia mendukung bpa perlu rakyat bergerak
At9u_bDYIe0,@muajahidinbjm7853,Kuncinya petugas  bea cukai lpangan  dan petingginya  klau keduanya jujur  kaya neggara kita.   .80%   orang kita demen barang impor,0,2025-11-02T10:00:58Z,Kuncinya petugas bea cukai lpangan dan petingginya klau keduanya jujur kaya neggara kita 80 orang kita demen barang impor,kuncinya petuga bea cukai lpangan petingginya klau keduanya jujur kaya neggara orang demen barang impor
At9u_bDYIe0,@rsislamibnusinabukittinggi6775,Purbaya teman rakyat 🇮🇩🇮🇩🇮🇩🇮🇩🇮🇩🇮🇩🇮🇩🇮🇩🇮🇩🇮🇩❤❤❤❤❤❤❤❤❤❤❤❤❤,0,2025-11-02T07:32:11Z,Purbaya teman rakyat,purbaya teman rakyat
At9u_bDYIe0,@MagribilIrsyad,Barang dari rakyat 5 Rp di impor 10 Rp kenyataan diatas kertas keluar 15rp kertas di dalam 10rb yg untung tanpa keluar keringat itu org org yang pasti di ketahui penguasa,0,2025-11-02T07:24:08Z,Barang dari rakyat 5 Rp di impor 10 Rp kenyataan diatas kertas keluar 15rp kertas di dalam 10rb yg untung tanpa keluar keringat itu org org yang pasti di ketahui penguasa,barang rakyat impor kenyataan diata kerta keluar kerta untung tanpa keluar keringat org org pasti ketahui penguasa
At9u_bDYIe0,@DwiBudi-u2h,Ekonomi yg sudah amburadul atas mafia kehadiran Menkeu yg skrng membawa angin pencerahan kedepan nya .,0,2025-11-02T04:41:30Z,Ekonomi yg sudah amburadul atas mafia kehadiran Menkeu yg skrng membawa angin pencerahan kedepan nya,ekonomi amburadul ata mafia kehadiran menkeu skrng membawa angin pencerahan kedepan nya
At9u_bDYIe0,@MuhIdris-pm4cc,"Bukan cuman baju bekas, semua keadaan imfor ekspor",0,2025-11-02T04:39:29Z,Bukan cuman baju bekas semua keadaan imfor ekspor,bukan cuman baju beka semua keadaan imfor ekspor
At9u_bDYIe0,@MuhIdris-pm4cc,Sekarang ditangkap jangan hanya diancam. Supaya rakyat percaya kepada pemerintah,0,2025-11-02T04:21:33Z,Sekarang ditangkap jangan hanya diancam Supaya rakyat percaya kepada pemerintah,sekarang ditangkap jangan hanya diancam rakyat percaya kepada pemerintah
At9u_bDYIe0,@NabilaAzzahra-e6l,Bagus pak prabowo tangkap saja mafia,0,2025-11-02T02:28:43Z,Bagus pak prabowo tangkap saja mafia,bagu pak prabowo tangkap mafia
At9u_bDYIe0,@zainalaripinaripin2103,Suda bisa bikin jalan tol di semua pulau di indonesia,0,2025-11-01T18:57:12Z,Suda bisa bikin jalan tol di semua pulau di indonesia,suda bisa bikin jalan tol semua pulau indonesia
At9u_bDYIe0,@ekosumaryanto5029,"Herannya kenapa dari dulu kok dibiarkan ..... ?? Semua pada tutup mata , hal yg sudah jelas , semua pura pura tidak tahu , apa terlalu pinter di SDM",0,2025-11-01T18:06:01Z,Herannya kenapa dari dulu kok dibiarkan Semua pada tutup mata hal yg sudah jelas semua pura pura tidak tahu apa terlalu pinter di SDM,herannya kenapa dulu kok dibiarkan semua tutup mata hal jela semua pura pura tidak tahu apa terlalu pinter sdm
At9u_bDYIe0,@hijrahsaputra5123,"Aduh untuk menjadi Mentri,bukan sedikit duit yg harus di STOR,kalo gak boleh korupsi gimana mengemblikan uang yg sudah di keluarkan untuk jadi Mentri",1,2025-11-01T17:19:49Z,Aduh untuk menjadi Mentri bukan sedikit duit yg harus di STOR kalo gak boleh korupsi gimana mengemblikan uang yg sudah di keluarkan untuk jadi Mentri,aduh menjadi mentri bukan sedikit duit haru stor kalo gak boleh korupsi gimana mengemblikan uang keluarkan jadi mentri
At9u_bDYIe0,@hijrahsaputra5123,"Hhhhh Prabowo baru di Lantik aja sudah bicara ,jangan mengadili Jokowi karena mantan presiden hhhh",1,2025-11-01T17:07:57Z,Hhhhh Prabowo baru di Lantik aja sudah bicara jangan mengadili Jokowi karena mantan presiden hhhh,hhhhh prabowo baru lantik aja bicara jangan mengadili jokowi mantan presiden hhhh
At9u_bDYIe0,@YuliNarti-k4z,Pak Purbaya adalah pahlawan besar bagi rakyat Indonesia 👍🙏  Abrorry adams di Lampung,4,2025-11-01T15:45:04Z,Pak Purbaya adalah pahlawan besar bagi rakyat Indonesia Abrorry adams di Lampung,pak purbaya pahlawan besar bagi rakyat indonesia abrorri adam lampung
At9u_bDYIe0,@YuliNarti-k4z,"Pak Ikhsanudin Noorsy ekonom yang jenius  , saya sudah lama mengenal beliau , dan saya sangat berharap pak Noorsy di angkat menjadi menteri perekonomian . Saya Abrorry adams di Lampung",1,2025-11-01T15:42:41Z,Pak Ikhsanudin Noorsy ekonom yang jenius saya sudah lama mengenal beliau dan saya sangat berharap pak Noorsy di angkat menjadi menteri perekonomian Saya Abrorry adams di Lampung,pak ikhsanudin noorsi ekonom jeniu lama mengen beliau sangat berharap pak noorsi angkat menjadi menteri perekonomian abrorri adam lampung
At9u_bDYIe0,@luckysutardjo5573,"Sepertinya KPK bisa masuk utk penyelidikan, karena diduga para oknum tlh melakukan penggelapan pajak masuk yg seharusnya utk negara dan biar jadi efek jera bagi yg mau coba2 demi bersih2 bangsa ini kedepan 😭",1,2025-11-01T13:35:26Z,Sepertinya KPK bisa masuk utk penyelidikan karena diduga para oknum tlh melakukan penggelapan pajak masuk yg seharusnya utk negara dan biar jadi efek jera bagi yg mau coba2 demi bersih2 bangsa ini kedepan,sepertinya kpk bisa masuk penyelidikan diduga para oknum tlh melakukan penggelapan pajak masuk seharusnya negara biar jadi efek jera bagi mau coba demi bersih bangsa kedepan
At9u_bDYIe0,@SuDi-r8h,Sudah saatnya diberlakukan para mafia Expor Impor yang di lakukan penjabat atau siapun bajingan bajingan ini yaitu hukuman mati karna mereka itu penghianat negara.,0,2025-11-01T13:24:27Z,Sudah saatnya diberlakukan para mafia Expor Impor yang di lakukan penjabat atau siapun bajingan bajingan ini yaitu hukuman mati karna mereka itu penghianat negara,saatnya diberlakukan para mafia expor impor lakukan penjabat siapun bajingan bajingan hukuman mati karna penghianat negara
At9u_bDYIe0,@RahmiYarni,Ayo masyarakat Indonesia kita doakan dan dukung p menkeu,0,2025-11-01T13:19:54Z,Ayo masyarakat Indonesia kita doakan dan dukung p menkeu,ayo masyarakat indonesia doakan dukung menkeu
At9u_bDYIe0,@RahmiYarni,"Maju terus Pak Purbaya ,doa kami utkmu spy sehat dan kuat dlm menjalankan tugas.
Rakyat menumpangkan harapan kpd bpk agar Indonesia bersih dr korupsi dan rakyat sejahtera sesuai amanat UUD 1945.
❤❤❤",0,2025-11-01T13:19:07Z,Maju terus Pak Purbaya doa kami utkmu spy sehat dan kuat dlm menjalankan tugas Rakyat menumpangkan harapan kpd bpk agar Indonesia bersih dr korupsi dan rakyat sejahtera sesuai amanat UUD 1945,maju teru pak purbaya doa kami utkmu spi sehat kuat dlm menjalankan tuga rakyat menumpangkan harapan kpd bpk indonesia bersih korupsi rakyat sejahtera sesuai amanat uud
At9u_bDYIe0,@nirmalashapira,Cuma Paus Yang bisa bikin gitu,0,2025-11-01T13:18:33Z,Cuma Paus Yang bisa bikin gitu,cuma pau bisa bikin gitu
At9u_bDYIe0,@insanhasan637,Apakah kasus bensin oplosan ada hubungannya dengan over invoicing.. 😂😂 bener bener yeee,0,2025-11-01T12:39:39Z,Apakah kasus bensin oplosan ada hubungannya dengan over invoicing bener bener yeee,apakah kasu bensin oplosan hubungannya over invoic bener bener yeee
At9u_bDYIe0,@eddycaramanlis7530,"Mbok Sri ngapain aja kerja nya..ga ada gebrakan..
Tiap ngomong Defisit2 trus",0,2025-11-01T12:30:04Z,Mbok Sri ngapain aja kerja nya ga ada gebrakan Tiap ngomong Defisit2 trus,mbok sri ngapain aja kerja nya gebrakan tiap ngomong defisit tru
At9u_bDYIe0,@AriKuncoro-u7u,Perpres yg sudah ditandatangani Bapak Presiden  no.79 fh.2025 perlu diproses juga Pak Purbaya jangan dibiarkan kapan di implementasikan kepada pendukung NKRI ini ?  ASN / TNI /POLRI / dan PENSIUNAN  ini juga kelompok pendukung setia   dalam mendukung kinerja Bapak dalam mencapai pertumbuhan ekonomi yg diharapkan oleh pemerintah  sampai 6  persen sukur bisa lebih,0,2025-11-01T12:25:42Z,Perpres yg sudah ditandatangani Bapak Presiden no 79 fh 2025 perlu diproses juga Pak Purbaya jangan dibiarkan kapan di implementasikan kepada pendukung NKRI ini ASN TNI POLRI dan PENSIUNAN ini juga kelompok pendukung setia dalam mendukung kinerja Bapak dalam mencapai pertumbuhan ekonomi yg diharapkan oleh pemerintah sampai 6 persen sukur bisa lebih,perpr ditandatangani bapak presiden perlu dipros pak purbaya jangan dibiarkan kapan implementasikan kepada pendukung nkri asn tni polri pensiunan kelompok pendukung setia mendukung kinerja bapak mencapai pertumbuhan ekonomi diharapkan pemerintah persen sukur bisa lebih
At9u_bDYIe0,@ZaenalArifin-ef7qx,Pasti bisa. Kslau pejabat yg dicurigai di pecat semua,0,2025-11-01T12:18:53Z,Pasti bisa Kslau pejabat yg dicurigai di pecat semua,pasti bisa kslau pejabat dicurigai pecat semua
At9u_bDYIe0,@QoirulHuda-yb1mk,Sip,0,2025-11-01T12:00:44Z,Sip,sip
At9u_bDYIe0,@ImranImron-vf1fp,"Yg perlu di jaga / dikawal itu keluarga Purbaya bukan Gibran .
Kalau Gibran aman karena dia bagian keluarga mafia .",0,2025-11-01T11:39:29Z,Yg perlu di jaga dikawal itu keluarga Purbaya bukan Gibran Kalau Gibran aman karena dia bagian keluarga mafia,perlu jaga dikaw keluarga purbaya bukan gibran kalau gibran aman bagian keluarga mafia
At9u_bDYIe0,@ruhenryhen1826,ternyata luar biasa korupsi di Negara ini,0,2025-11-01T11:32:08Z,ternyata luar biasa korupsi di Negara ini,ternyata luar biasa korupsi negara
At9u_bDYIe0,@nuryono6939,Dari tahun 90 an bea cukai sudah korup,0,2025-11-01T10:19:25Z,Dari tahun 90 an bea cukai sudah korup,tahun bea cukai korup
At9u_bDYIe0,@AndiWibisono-n3v,Dulu pak Prabowo bilang kebocoran 11.000 triliun ditertawakan sekarang terbukti,0,2025-11-01T10:11:41Z,Dulu pak Prabowo bilang kebocoran 11 000 triliun ditertawakan sekarang terbukti,dulu pak prabowo bilang kebocoran triliun ditertawakan sekarang terbukti
At9u_bDYIe0,@anosutrisno6766,Prabowo Purbaya layak jadi PRESIDEN - WAPRES.. untuk menuju INDONESIA MAJU ADIL MAKMUR DAN SEJAHTERA.,0,2025-11-01T10:04:10Z,Prabowo Purbaya layak jadi PRESIDEN WAPRES untuk menuju INDONESIA MAJU ADIL MAKMUR DAN SEJAHTERA,prabowo purbaya layak jadi presiden wapr menuju indonesia maju adil makmur sejahtera
At9u_bDYIe0,@hasyimnur4598,semua masyarakat sangat berharap dn berdoa semoga negri ini bisa lepas dari cengkeraman koruptor dn mafia . .apanunggu negri ini bangkrut . .? ❤❤😢😮😢❤❤,0,2025-11-01T09:18:10Z,semua masyarakat sangat berharap dn berdoa semoga negri ini bisa lepas dari cengkeraman koruptor dn mafia apanunggu negri ini bangkrut,semua masyarakat sangat berharap berdoa semoga negri bisa lepa cengkeraman koruptor mafia apanunggu negri bangkrut
At9u_bDYIe0,@RealmeC-sw5qh,Omon2 aj BPK presiden ku jangan lemah jangan tebang pilih pak kalou sama penghianat negara.yg ngerampok dan ngerusak idiologi bangsa Indonesia hukum mati buat penghianat negara,0,2025-11-01T07:30:07Z,Omon2 aj BPK presiden ku jangan lemah jangan tebang pilih pak kalou sama penghianat negara yg ngerampok dan ngerusak idiologi bangsa Indonesia hukum mati buat penghianat negara,omon bpk presiden jangan lemah jangan tebang pilih pak kalou sama penghianat negara ngerampok ngerusak idiolog bangsa indonesia hukum mati buat penghianat negara
At9u_bDYIe0,@LondoneNikeArdilla,"Penjahat-penjahat berkedok pejabat pemerintah di Indonesia dan pihak-pihak luar negeri Indonesia yang berkaitan benar-benar harus di eksekusi mati, sebagian dipenjara dan menerima siksaan akibat kejahatan-kejahatan kemanusiaan yang mereka lakukan; kebohongan keluarga, kejahatan fitnah pelanggaran hukum kedaulatan wilayah hak milik, kejahatan kriminal, seperti orang-orang yang selama ini maling menguasai harta benda hak milik (modal banyak uang) dari Nike Ardilla (asli) Ibu kandung yang melahirkan saya (yang tulis pesan ini).
Nama lengkap asli (Andi Oktavian) 24-10-1993.
Nama samaran AndiLondoneNikeArdilla.

Aparat penegak hukum dan keamanan tentara militer perang yang berjiwa normal harus memerangi mereka; pelaku-pelaku pelanggaran hukum internasional (Hak Asasi Manusia) kejahatan kriminal.",0,2025-11-01T07:13:01Z,Penjahat penjahat berkedok pejabat pemerintah di Indonesia dan pihak pihak luar negeri Indonesia yang berkaitan benar benar harus di eksekusi mati sebagian dipenjara dan menerima siksaan akibat kejahatan kejahatan kemanusiaan yang mereka lakukan kebohongan keluarga kejahatan fitnah pelanggaran hukum kedaulatan wilayah hak milik kejahatan kriminal seperti orang orang yang selama ini maling menguasai harta benda hak milik modal banyak uang dari Nike Ardilla asli Ibu kandung yang melahirkan saya yang tulis pesan ini Nama lengkap asli Andi Oktavian 24 10 1993 Nama samaran AndiLondoneNikeArdilla Aparat penegak hukum dan keamanan tentara militer perang yang berjiwa normal harus memerangi mereka pelaku pelaku pelanggaran hukum internasional Hak Asasi Manusia kejahatan kriminal,penjahat penjahat berkedok pejabat pemerintah indonesia pihak pihak luar negeri indonesia berkaitan benar benar haru eksekusi mati sebagian dipenjara menerima siksaan akibat kejahatan kejahatan kemanusiaan lakukan kebohongan keluarga kejahatan fitnah pelanggaran hukum kedaulatan wilayah hak milik kejahatan krimin seperti orang orang male menguasai harta benda hak milik modal banyak uang nike ardilla asli ibu kandung melahirkan tuli pesan nama lengkap asli andi oktavian nama samaran andilondonenikeardilla aparat penegak hukum keamanan tentara milit perang berjiwa normal haru memerangi pelaku pelaku pelanggaran hukum internasion hak asasi manusia kejahatan krimin
At9u_bDYIe0,@terdepan-ih8vz,Miskin kn bener para pencuri ini....negara tak butuh orang orang ini,0,2025-11-01T06:52:46Z,Miskin kn bener para pencuri ini negara tak butuh orang orang ini,miskin bener para pencuri negara tak butuh orang orang
At9u_bDYIe0,@rahmatmauludin6702,Yg pasti wakil2 rakyat alias anggota DPR era 2014 - 2019 dan 2019 - 2024 mereka tdk bekerja dgn baik dgn tugasnya mengawasi eksekutif. bisa jadi sebaliknya anggota2 DPR terlibat bahkan memeras eksekutif yg melanggar hukum tutup mata petugas pajak dan bea cukai asal kebagian setoran....!,0,2025-11-01T06:46:51Z,Yg pasti wakil2 rakyat alias anggota DPR era 2014 2019 dan 2019 2024 mereka tdk bekerja dgn baik dgn tugasnya mengawasi eksekutif bisa jadi sebaliknya anggota2 DPR terlibat bahkan memeras eksekutif yg melanggar hukum tutup mata petugas pajak dan bea cukai asal kebagian setoran,pasti wakil rakyat alia anggota dpr era bekerja baik tugasnya mengawasi eksekutif bisa jadi sebaliknya anggota dpr terlibat bahkan memera eksekutif melanggar hukum tutup mata petuga pajak bea cukai asal kebagian setoran
At9u_bDYIe0,@karman67okgamanharapanmasa63,"Lebih baik lacak dulu para korupsi dari Jokowi dan para pejbtnya ,yg mn korupsi besar besaran yg mn uang disimpen di banget dan di cuci di artis artis seperti Rafi ,dan artis artis yg lain lacak dulu uang rakyt yg dikorup dimasa pemerintahan Jokowi ,pejbtnya sudh dipastikan korupsi bersama sama",0,2025-11-01T06:17:51Z,Lebih baik lacak dulu para korupsi dari Jokowi dan para pejbtnya yg mn korupsi besar besaran yg mn uang disimpen di banget dan di cuci di artis artis seperti Rafi dan artis artis yg lain lacak dulu uang rakyt yg dikorup dimasa pemerintahan Jokowi pejbtnya sudh dipastikan korupsi bersama sama,lebih baik lacak dulu para korupsi jokowi para pejbtnya korupsi besar besaran uang disimpen banget cuci arti arti seperti rafi arti arti lain lacak dulu uang rakyt dikorup dimasa pemerintahan jokowi pejbtnya sudh dipastikan korupsi bersama sama
At9u_bDYIe0,@fadeli8931,"Bravo Pa Pur, Menkeu yg berani, jujur. Bersama Pa Burhanudin, JA, sikat terus mafia tambang, koruptor, Rakyat bersama Pa Bowo ❤ Bapak bertiga..",0,2025-11-01T06:15:01Z,Bravo Pa Pur Menkeu yg berani jujur Bersama Pa Burhanudin JA sikat terus mafia tambang koruptor Rakyat bersama Pa Bowo Bapak bertiga,bravo pur menkeu berani jujur bersama burhanudin sikat teru mafia tambang koruptor rakyat bersama bowo bapak bertiga
At9u_bDYIe0,@paksaudi6782,10.000.T bisa melunasi hutang negara NKRI. Lanjut kan BPK menkeu RI bersama presiden RI BPK Prabowo SMG lancar & sukses dlm tugasnya.,0,2025-11-01T06:07:41Z,10 000 T bisa melunasi hutang negara NKRI Lanjut kan BPK menkeu RI bersama presiden RI BPK Prabowo SMG lancar sukses dlm tugasnya,bisa melunasi hutang negara nkri lanjut kan bpk menkeu bersama presiden bpk prabowo smg lancar suks dlm tugasnya
At9u_bDYIe0,@alirohman8847,"Di indonesia selama UU PERAMPASAN ASET & HUKUMAN MATI tidak disahkan maka MAFIA EKONOMI tetap MARAK , ini gara gara ketua DPR di pegang Banteng .",0,2025-11-01T05:38:57Z,Di indonesia selama UU PERAMPASAN ASET HUKUMAN MATI tidak disahkan maka MAFIA EKONOMI tetap MARAK ini gara gara ketua DPR di pegang Banteng,indonesia perampasan aset hukuman mati tidak disahkan maka mafia ekonomi tetap marak gara gara ketua dpr pegang banteng
At9u_bDYIe0,@Dewi-c2m,Wauuu bisa bayar utang  negara yeeeeeees sikat pak mestipun terancam  kita membela kenaran semoga berhasil harus berhasil walaupun taruhan myawa,0,2025-11-01T05:28:05Z,Wauuu bisa bayar utang negara yeeeeeees sikat pak mestipun terancam kita membela kenaran semoga berhasil harus berhasil walaupun taruhan myawa,wauuu bisa bayar utang negara yeeeeeee sikat pak mestipun terancam membela kenaran semoga berhasil haru berhasil walaupun taruhan myawa
At9u_bDYIe0,@billonis4621,"Hrs nya jgn menteri Purbaya doang yg action yg lainnya kmn,,bang Iksan boleh tuh msk kabinet bs xy Purbaya pinter ahli dn lurus yg berakal sht",0,2025-11-01T04:50:39Z,Hrs nya jgn menteri Purbaya doang yg action yg lainnya kmn bang Iksan boleh tuh msk kabinet bs xy Purbaya pinter ahli dn lurus yg berakal sht,hr nya jgn menteri purbaya doang action lainnya kmn bang iksan boleh tuh msk kabinet purbaya pinter ahli luru berak sht
At9u_bDYIe0,@MrMarincan,"Waduhhh... Seandainya hal ini bisa dibersihkan 10.000 Triliun, Utang Negara sudah Lunas... Negara sudah makmur tanpa Utang, Anak Cucu kita sudah tidak ikut menanggung Utang Negara... Inilah akibat jeleknya Oknum2 Pejabat Bea Cukai dan Perpajakan negara kita selama ini... Akibat nya Negara terpuruk Masyarakat makin susah... Tapi tidak ada Bahasa terlambat, Pak Prabowo dan Pak Purbaya adalah Pejuang Sejati untuk NKRI... Mari seluruh Rakyat Indonesia bantu utk membersihkan Mafia2 ini, demi Kejayaan NKRI dan Anak Cucu kita...💪",0,2025-11-01T03:52:22Z,Waduhhh Seandainya hal ini bisa dibersihkan 10 000 Triliun Utang Negara sudah Lunas Negara sudah makmur tanpa Utang Anak Cucu kita sudah tidak ikut menanggung Utang Negara Inilah akibat jeleknya Oknum2 Pejabat Bea Cukai dan Perpajakan negara kita selama ini Akibat nya Negara terpuruk Masyarakat makin susah Tapi tidak ada Bahasa terlambat Pak Prabowo dan Pak Purbaya adalah Pejuang Sejati untuk NKRI Mari seluruh Rakyat Indonesia bantu utk membersihkan Mafia2 ini demi Kejayaan NKRI dan Anak Cucu kita,waduhhh seandainya hal bisa dibersihkan triliun utang negara luna negara makmur tanpa utang anak cucu tidak ikut menanggung utang negara inilah akibat jeleknya oknum pejabat bea cukai perpajakan negara akibat nya negara terpuruk masyarakat makin susah tidak bahasa terlambat pak prabowo pak purbaya pejuang sejati nkri mari seluruh rakyat indonesia bantu membersihkan mafia demi kejayaan nkri anak cucu
At9u_bDYIe0,@adizproduction,27:10 kenapa diCut???? Ada Apa dengan Metro TV???,0,2025-11-01T03:19:06Z,27 10 kenapa diCut Ada Apa dengan Metro TV,kenapa dicut apa metro
At9u_bDYIe0,@ngadiminngadimin3916,"Proses.semua.mafia,,yg.menyalahi.prosedur..Pak.Purb...Usut.sampai.tuntas...",0,2025-11-01T01:54:01Z,Proses semua mafia yg menyalahi prosedur Pak Purb Usut sampai tuntas,prose semua mafia menyalahi prosedur pak purb usut tunta
At9u_bDYIe0,@sasongkonarimo8318,"Masyaallah.....
Selama ini  keejaan lembaga  negara  DPR...
apa yg di kerjakan??!!
sangat  keterlaluan sbg  wakil rakyat   tpi  membawa ke  jurang ekonomi .
   Mumpung  bpk msih menjabat buat   undang undang  export inpor,   tambang  galian jenis apapun.
❤PRABOWO❤",0,2025-10-31T23:42:58Z,Masyaallah Selama ini keejaan lembaga negara DPR apa yg di kerjakan sangat keterlaluan sbg wakil rakyat tpi membawa ke jurang ekonomi Mumpung bpk msih menjabat buat undang undang export inpor tambang galian jenis apapun PRABOWO,masyaallah keejaan lembaga negara dpr apa kerjakan sangat keterlaluan sbg wakil rakyat tpi membawa jurang ekonomi mumpung bpk msih menjabat buat undang undang export inpor tambang galian jeni apapun prabowo
At9u_bDYIe0,@sitiseptiantychannel4921,Tangkap semua mavia,0,2025-10-31T21:56:28Z,Tangkap semua mavia,tangkap semua mavia
At9u_bDYIe0,@ibnubadjeber4575,Ini akan salah satu sejarah pemerintahan di Indonesia jika temuan mafia terbongkar 🔥 luar biasa pak purbaya,0,2025-10-31T17:07:44Z,Ini akan salah satu sejarah pemerintahan di Indonesia jika temuan mafia terbongkar luar biasa pak purbaya,salah satu sejarah pemerintahan indonesia temuan mafia terbongkar luar biasa pak purbaya
At9u_bDYIe0,@fahriadrianprovices,Selalu senang klo ada narsum bang ichsanudin noorsy🎉,1,2025-10-31T16:43:38Z,Selalu senang klo ada narsum bang ichsanudin noorsy,selalu senang klo narsum bang ichsanudin noorsi
At9u_bDYIe0,@baladewa2baladewa537,Apa kerjanya sri mulyani kemarin .....,0,2025-10-31T16:20:21Z,Apa kerjanya sri mulyani kemarin,apa kerjanya sri mulyani kemarin
At9u_bDYIe0,@Yuliani3761-y8m,"Harap dicatat dan diingat bahwasanya Mafioso mafioso ini tak segan segan menyewa pembunuh bayaran apalagi  ini bicara terkait sindikat yang notabene mereka bukan penjahat kambuhan namun penjahat yang profesinya memang di sini ini, kemudian bersindikasi, termasuk dari hulu sampai hilirnya lengkap pembagian tugasnya. Dan mereka tak segan segan melakukan kejahatan tingkat I tatkala merasa ""organisasi"" nya terancam. Pemerintahan Indonesia  yang notabene pimpinannya adalah seorang sekelas Prabow DENGAN JAJARAN KEAMANANNYA, SUDAH SEHARUSNYA DAN SEPANTASNYA BERKEWAJIBAN MELINDUNGI APARATURNYA MELALUI SISTEM PERLINDUNGAN BERLAPIS DAN RAHASIA( BIN) AGAR TIDAK MENJADI SASARAN EMPUK PARA MAFIOSO INI. . MEREKA HIDUPNYA KERAS DAN NEKAT HARUS DIHADAPI DENGAN KETEGASAN  DAN KEWASPADAAN TINGKAT TINGGI.
TAKE CARE BAPAK PRESIDEN DAN PARA MENTERINYA YANG BEKERJA DENGAN BAIK DAN SUNGGUH SUNGGUH. 
TERIMAKASIH YAA. 
( TIDAK UNTUK MENTERI / APARATUR YANG LEHA LEHA DAN BERSANTAI RIA MENIKMATI GAJI, TIDAK).",0,2025-10-31T15:40:34Z,Harap dicatat dan diingat bahwasanya Mafioso mafioso ini tak segan segan menyewa pembunuh bayaran apalagi ini bicara terkait sindikat yang notabene mereka bukan penjahat kambuhan namun penjahat yang profesinya memang di sini ini kemudian bersindikasi termasuk dari hulu sampai hilirnya lengkap pembagian tugasnya Dan mereka tak segan segan melakukan kejahatan tingkat I tatkala merasa organisasi nya terancam Pemerintahan Indonesia yang notabene pimpinannya adalah seorang sekelas Prabow DENGAN JAJARAN KEAMANANNYA SUDAH SEHARUSNYA DAN SEPANTASNYA BERKEWAJIBAN MELINDUNGI APARATURNYA MELALUI SISTEM PERLINDUNGAN BERLAPIS DAN RAHASIA BIN AGAR TIDAK MENJADI SASARAN EMPUK PARA MAFIOSO INI MEREKA HIDUPNYA KERAS DAN NEKAT HARUS DIHADAPI DENGAN KETEGASAN DAN KEWASPADAAN TINGKAT TINGGI TAKE CARE BAPAK PRESIDEN DAN PARA MENTERINYA YANG BEKERJA DENGAN BAIK DAN SUNGGUH SUNGGUH TERIMAKASIH YAA TIDAK UNTUK MENTERI APARATUR YANG LEHA LEHA DAN BERSANTAI RIA MENIKMATI GAJI TIDAK,harap dicatat diingat bahwasanya mafioso mafioso tak segan segan menyewa pembunuh bayaran apalagi bicara terkait sindikat notaben bukan penjahat kambuhan penjahat profesinya memang sini kemudian bersindikasi termasuk hulu hilirnya lengkap pembagian tugasnya tak segan segan melakukan kejahatan tingkat tatkala merasa organisasi nya terancam pemerintahan indonesia notaben pimpinannya seorang sekela prabow jajaran keamanannya seharusnya sepantasnya berkewajiban melindungi aparaturnya melalui sistem perlindungan berlapi rahasia bin tidak menjadi sasaran empuk para mafioso hidupnya kera nekat haru dihadapi ketegasan kewaspadaan tingkat tinggi take care bapak presiden para menterinya bekerja baik sungguh sungguh terimakasih yaa tidak menteri aparatur leha leha bersantai ria menikmati gaji tidak
At9u_bDYIe0,@rezachoirilfahmipanggabean6529,"udah paling benar miskin kan para koruptor, bahkan hukum m@ti harus nya",0,2025-10-31T15:32:31Z,udah paling benar miskin kan para koruptor bahkan hukum m harus nya,udah pale benar miskin kan para koruptor bahkan hukum haru nya
At9u_bDYIe0,@sinagasahrul,"ternyata,syirik Mulyani,biadab terkutuk,laknat kau Mulyani sampai tujuh turunan,tangkap Mulyani dan lbp,,biadab itu dua2 nya,,",0,2025-10-31T15:24:18Z,ternyata syirik Mulyani biadab terkutuk laknat kau Mulyani sampai tujuh turunan tangkap Mulyani dan lbp biadab itu dua2 nya,ternyata syirik mulyani biadab terkutuk laknat kau mulyani tujuh turunan tangkap mulyani lbp biadab dua nya
At9u_bDYIe0,@bayustudio770,"PERANG LAWAN MAFIA TARUHANNYA NYAWA,KARENA IBLIS TDK RELA JIKA PKERKAANNYA ADA YG MELURUSKAN",0,2025-10-31T15:13:50Z,PERANG LAWAN MAFIA TARUHANNYA NYAWA KARENA IBLIS TDK RELA JIKA PKERKAANNYA ADA YG MELURUSKAN,perang lawan mafia taruhannya nyawa ibli rela pkerkaannya meluruskan
At9u_bDYIe0,@MichaelDino-ck8so,"LANGSUNG DI EKSEKUSI TIDAK ADA DISKUSI². SETIAP PERGANTIAN PEMERINTAH PRESIDEN, MAVIA&KORUPTOR TERUS BERTUMBUH PESAT. NEGARA TERUS RUGI, RAKYAT BERTAMBAH MISKIN.",0,2025-10-31T15:04:59Z,LANGSUNG DI EKSEKUSI TIDAK ADA DISKUSI SETIAP PERGANTIAN PEMERINTAH PRESIDEN MAVIA KORUPTOR TERUS BERTUMBUH PESAT NEGARA TERUS RUGI RAKYAT BERTAMBAH MISKIN,langsung eksekusi tidak diskusi setiap pergantian pemerintah presiden mavia koruptor teru bertumbuh pesat negara teru rugi rakyat bertambah miskin
At9u_bDYIe0,@Coy-t5c,"anak SD, SMP, sdh terbiasa melihat dan mendengar tentang ulah pejabat tentang korupsi,

berpotensi terprovokasi nantinya mereka setelah menjadi pejabat,

lalu kapan punah koruptor dari negara ini?
satu2nya harus berlakukan hukum mati tanpa jedah waktu,
selesai vonis langsung lakukan eksekusi.

jika tidak,
negara ini menjadi negara termiskin di planet ini",0,2025-10-31T14:40:20Z,anak SD SMP sdh terbiasa melihat dan mendengar tentang ulah pejabat tentang korupsi berpotensi terprovokasi nantinya mereka setelah menjadi pejabat lalu kapan punah koruptor dari negara ini satu2nya harus berlakukan hukum mati tanpa jedah waktu selesai vonis langsung lakukan eksekusi jika tidak negara ini menjadi negara termiskin di planet ini,anak smp terbiasa melihat mendengar tentang ulah pejabat tentang korupsi berpotensi terprovokasi nantinya menjadi pejabat lalu kapan punah koruptor negara satunya haru berlakukan hukum mati tanpa jedah waktu selesai voni langsung lakukan eksekusi tidak negara menjadi negara termiskin planet
At9u_bDYIe0,@ettykurniati6051,Ya Allah...lindungi dan  bantu pak Purbaya dalam melaksanakan tugasnya utk kebaikan bangsa dan negara Indonesia .,0,2025-10-31T14:30:37Z,Ya Allah lindungi dan bantu pak Purbaya dalam melaksanakan tugasnya utk kebaikan bangsa dan negara Indonesia,allah lindungi bantu pak purbaya melaksanakan tugasnya kebaikan bangsa negara indonesia
At9u_bDYIe0,@taibmuhammad6641,Harus dijaga ketat Pk Purbaya sama Paspamres atau apalah supaya Pk Purbaya aman. Semoga Pk Purbaya di lindungi Allah SWT untuk melaksanakan tugas untuk kesejahteraan rakyat amin...,0,2025-10-31T14:29:52Z,Harus dijaga ketat Pk Purbaya sama Paspamres atau apalah supaya Pk Purbaya aman Semoga Pk Purbaya di lindungi Allah SWT untuk melaksanakan tugas untuk kesejahteraan rakyat amin,haru dijaga ketat purbaya sama paspamr apalah purbaya aman semoga purbaya lindungi allah swt melaksanakan tuga kesejahteraan rakyat amin
At9u_bDYIe0,@BadrunXfo,"Hasil sitaan buat tutup utang negara trus makmurin rakyak, gitu jg harga2 pa ja jg pajak juga masih mahal.",0,2025-10-31T13:55:33Z,Hasil sitaan buat tutup utang negara trus makmurin rakyak gitu jg harga2 pa ja jg pajak juga masih mahal,hasil sitaan buat tutup utang negara tru makmurin rakyak gitu harga pajak masih mahal
At9u_bDYIe0,@MuhammadAndisDevianto,10.000 T ... Anjai.... Duit ini?,0,2025-10-31T13:41:29Z,10 000 T Anjai Duit ini,anjai duit
At9u_bDYIe0,@GunarsoDiwongso,Semua mafia lenyapkan jika ditunda mereka akan jadi lebih besar dan kuat akan sulit melenyapkan jika mereka semakin besar . Maka segera habisi mereka sebelum semakin terlambat,0,2025-10-31T12:58:50Z,Semua mafia lenyapkan jika ditunda mereka akan jadi lebih besar dan kuat akan sulit melenyapkan jika mereka semakin besar Maka segera habisi mereka sebelum semakin terlambat,semua mafia lenyapkan ditunda jadi lebih besar kuat sulit melenyapkan semakin besar maka segera habisi semakin terlambat
At9u_bDYIe0,@muhamadyamin-p4o,Mulyani mulyono.harus ditangkap,0,2025-10-31T12:54:33Z,Mulyani mulyono harus ditangkap,mulyani mulyono haru ditangkap
At9u_bDYIe0,@aku.1202,Uang negara buat bancakan...mau menghncur kn negara..pntas d hukum mati,0,2025-10-31T12:47:45Z,Uang negara buat bancakan mau menghncur kn negara pntas d hukum mati,uang negara buat bancakan mau menghncur negara pnta hukum mati
At9u_bDYIe0,@ArmanSius-xp8ks,"Biasanya kalau ada yang ingin berbuat kebaikan pasti ada yang ingin melenyapkan nya, semogapak purbaya dilindungi",0,2025-10-31T12:37:48Z,Biasanya kalau ada yang ingin berbuat kebaikan pasti ada yang ingin melenyapkan nya semogapak purbaya dilindungi,biasanya kalau ingin berbuat kebaikan pasti ingin melenyapkan nya semogapak purbaya dilindungi
At9u_bDYIe0,@AlexsKomplex,Mafia /koruptor tidak bisa di lenyapkan karna Banyak orang Dalam😂😂😂😂😂😂,0,2025-10-31T12:15:47Z,Mafia koruptor tidak bisa di lenyapkan karna Banyak orang Dalam,mafia koruptor tidak bisa lenyapkan karna banyak orang
At9u_bDYIe0,@Aicann369,"Kebanyakan di potong², gua jdi males nonton nya jugaa",0,2025-10-31T11:43:24Z,Kebanyakan di potong gua jdi males nonton nya jugaa,kebanyakan potong gua jdi male nonton nya jugaa
At9u_bDYIe0,@a.afandi2446,Karna masalh ini berhubungan dgn masa depan negara dgn cara apapun harus segera di dilakukanya dan harus dikawal perjalananya pak purbaya.,0,2025-10-31T10:03:36Z,Karna masalh ini berhubungan dgn masa depan negara dgn cara apapun harus segera di dilakukanya dan harus dikawal perjalananya pak purbaya,karna masalh berhubungan masa depan negara cara apapun haru segera dilakukanya haru dikaw perjalananya pak purbaya
At9u_bDYIe0,@MuhamadSarjan-d8j1h,Utamakan kepentingan Negara&Rakyat RI.👍👍🙏👍,0,2025-10-31T09:03:23Z,Utamakan kepentingan Negara Rakyat RI,utamakan kepentingan negara rakyat
At9u_bDYIe0,@mokasriau,bs kt lenyak kan klu bersama kt membela nkri,0,2025-10-31T07:50:35Z,bs kt lenyak kan klu bersama kt membela nkri,lenyak kan klu bersama membela nkri
At9u_bDYIe0,@mokasriau,mati kalian pejabat bangkai mafia korupsi yg ada kinerja nol andil bg negara nol cm mikir kantong pribadi hbs kalian km rakyat indonesia g terima kalian berlaku seperti itu mulu kpn perlu kalian dipenjarakan ke nusa kambangan sita aset kalian,0,2025-10-31T07:49:59Z,mati kalian pejabat bangkai mafia korupsi yg ada kinerja nol andil bg negara nol cm mikir kantong pribadi hbs kalian km rakyat indonesia g terima kalian berlaku seperti itu mulu kpn perlu kalian dipenjarakan ke nusa kambangan sita aset kalian,mati kalian pejabat bangkai mafia korupsi kinerja nol andil negara nol mikir kantong pribadi hb kalian rakyat indonesia terima kalian berlaku seperti mulu kpn perlu kalian dipenjarakan nusa kambangan sita aset kalian
At9u_bDYIe0,@mokasriau,menkeu purbaya  top pilihan presiden prabowo krj kinerja nkri merah putih yg tepat good job 💯👍,0,2025-10-31T07:46:14Z,menkeu purbaya top pilihan presiden prabowo krj kinerja nkri merah putih yg tepat good job,menkeu purbaya top pilihan presiden prabowo krj kinerja nkri merah putih tepat good job
At9u_bDYIe0,@ariefwidyohardjono5356,Pemerintah selalu berbuat baik pasti ada yg kepanasan. Conto Pertalet dicampur air merugikan rakyat banyak motor roda 2 dan lebih pada mogok mautah pertamina mengganti ongkos service punya rakyat yg berdampak Gatel jare cah SBY takut Pemerintah rakyat mendukungmu dari bajingan tolol,0,2025-10-31T07:36:23Z,Pemerintah selalu berbuat baik pasti ada yg kepanasan Conto Pertalet dicampur air merugikan rakyat banyak motor roda 2 dan lebih pada mogok mautah pertamina mengganti ongkos service punya rakyat yg berdampak Gatel jare cah SBY takut Pemerintah rakyat mendukungmu dari bajingan tolol,pemerintah selalu berbuat baik pasti kepanasan conto pertalet dicampur air merugikan rakyat banyak motor roda lebih mogok mautah pertamina mengganti ongko servic punya rakyat berdampak gatel jare cah sbi takut pemerintah rakyat mendukungmu bajingan tolol
At9u_bDYIe0,@Sioktriani,Lunas hutang negri ini pk,0,2025-10-31T07:25:52Z,Lunas hutang negri ini pk,luna hutang negri
At9u_bDYIe0,@kundhori4047,Pk purbaya manusia langka di indonesia ini semoga ada lagi dan di buka peluang orang yg jujur berani. Cerdas untuk bekerja yg penting bagi negri ini dan segera hukum di evaluasi pk presiden menerbitkan perpu korupsi hukum mati miskinkan,0,2025-10-31T06:07:57Z,Pk purbaya manusia langka di indonesia ini semoga ada lagi dan di buka peluang orang yg jujur berani Cerdas untuk bekerja yg penting bagi negri ini dan segera hukum di evaluasi pk presiden menerbitkan perpu korupsi hukum mati miskinkan,purbaya manusia langka indonesia semoga buka peluang orang jujur berani cerda bekerja pent bagi negri segera hukum evaluasi presiden menerbitkan perpu korupsi hukum mati miskinkan
At9u_bDYIe0,@wienenough4449,"Kalau semua dijalankan , hukum ditegakkan negri ini lunas hutang dan  makmur",20,2025-10-31T05:39:09Z,Kalau semua dijalankan hukum ditegakkan negri ini lunas hutang dan makmur,kalau semua dijalankan hukum ditegakkan negri luna hutang makmur
At9u_bDYIe0,@QinQin08,Memang harus diperbaiki integritas para pejabat pajak dan bea cukai nya biar berkurang bocor  pendapatan negara,0,2025-10-31T05:33:04Z,Memang harus diperbaiki integritas para pejabat pajak dan bea cukai nya biar berkurang bocor pendapatan negara,memang haru diperbaiki integrita para pejabat pajak bea cukai nya biar berkurang bocor pendapatan negara
At9u_bDYIe0,@Redmia2-cd1rf,Benarkah? Semoga bukan mimpi,0,2025-10-31T05:25:05Z,Benarkah Semoga bukan mimpi,benarkah semoga bukan mimpi
At9u_bDYIe0,@Fake-t4q,Tangkap semua mafia yang merugikan rakyat dan negara,19,2025-10-31T04:23:27Z,Tangkap semua mafia yang merugikan rakyat dan negara,tangkap semua mafia merugikan rakyat negara
At9u_bDYIe0,@zanfarm283,Ini sih masih kalah sama yg di saku jokowi,0,2025-10-31T03:53:24Z,Ini sih masih kalah sama yg di saku jokowi,sih masih kalah sama saku jokowi
At9u_bDYIe0,@burhanhany804,media seharusnya membela rakyat jangan berdiri di tengah dan suka menggoreng isu,0,2025-10-31T03:48:39Z,media seharusnya membela rakyat jangan berdiri di tengah dan suka menggoreng isu,media seharusnya membela rakyat jangan berdiri tengah suka menggoreng isu
At9u_bDYIe0,@FatmawatiSyam-j9e,DAN MERTUA KAKAK PEREMPUAN SAYA ITU MEMINTA KAKAK SAYA JADI ISTRI ANAKNYA,0,2025-10-31T03:42:18Z,DAN MERTUA KAKAK PEREMPUAN SAYA ITU MEMINTA KAKAK SAYA JADI ISTRI ANAKNYA,mertua kakak perempuan meminta kakak jadi istri anaknya
At9u_bDYIe0,@FatmawatiSyam-j9e,DAN MENANTU AYAH SAYA... SUAMI KAKAK PEREMPUAN SAYA YG TERTUA KEBETULAN DARI DINAS PUTL...,0,2025-10-31T03:40:08Z,DAN MENANTU AYAH SAYA SUAMI KAKAK PEREMPUAN SAYA YG TERTUA KEBETULAN DARI DINAS PUTL,menantu ayah suami kakak perempuan tertua kebetulan dina putl
At9u_bDYIe0,@FatmawatiSyam-j9e,KARNA PROYEK ITU MERUPAKAN LANGKAH AWAL UTK MENSEJAHTERAKAN RAKYAT YG SEMPAT HIDUP MISKIN DI ERA ORDE LAMA...,0,2025-10-31T03:29:56Z,KARNA PROYEK ITU MERUPAKAN LANGKAH AWAL UTK MENSEJAHTERAKAN RAKYAT YG SEMPAT HIDUP MISKIN DI ERA ORDE LAMA,karna proyek merupakan langkah awal mensejahterakan rakyat sempat hidup miskin era ord lama
At9u_bDYIe0,@FatmawatiSyam-j9e,PROYEK PEMBUKAAN PERSAWAHAN PASANG SURUT.. ADALAH PROYEK DARI PUSAT... DAN DEPARTEMEN TERKAIT ADALAH DEPARTEMEN PUTL... DEPARTEMEN KEHUTANAN... DEPARTEMEN PERTANIAN... DEPARTEMEN DALAM NEGERI... DEPARTEMEN TRANSMIGRASI.. DEPARTEMEN KEUANGAN... YG DIAWASI DAN DIKOMANDOI OLEH PRESIDEN NKRI... SIAPAPUN PRESIDENNYA,0,2025-10-31T03:28:40Z,PROYEK PEMBUKAAN PERSAWAHAN PASANG SURUT ADALAH PROYEK DARI PUSAT DAN DEPARTEMEN TERKAIT ADALAH DEPARTEMEN PUTL DEPARTEMEN KEHUTANAN DEPARTEMEN PERTANIAN DEPARTEMEN DALAM NEGERI DEPARTEMEN TRANSMIGRASI DEPARTEMEN KEUANGAN YG DIAWASI DAN DIKOMANDOI OLEH PRESIDEN NKRI SIAPAPUN PRESIDENNYA,proyek pembukaan persawahan pasang surut proyek pusat departemen terkait departemen putl departemen kehutanan departemen pertanian departemen negeri departemen transmigrasi departemen keuangan diawasi dikomandoi presiden nkri siapapun presidennya
At9u_bDYIe0,@FatmawatiSyam-j9e,MAKSUD SAYA DIRJEN PENGAIRAN DARI DEPARTEMEN PUTL.. WAKTU ITU DEPARTEMEN PU DGN PLN MASIH SATU DEPARTEMEN,0,2025-10-31T03:24:45Z,MAKSUD SAYA DIRJEN PENGAIRAN DARI DEPARTEMEN PUTL WAKTU ITU DEPARTEMEN PU DGN PLN MASIH SATU DEPARTEMEN,maksud dirjen pengairan departemen putl waktu departemen pln masih satu departemen
At9u_bDYIe0,@FatmawatiSyam-j9e,DIRJEN PENCAIRANNYA WAKTU ITU BAPAK AMIR HASAN KALAU SAYA NGGA SALAH,0,2025-10-31T03:23:39Z,DIRJEN PENCAIRANNYA WAKTU ITU BAPAK AMIR HASAN KALAU SAYA NGGA SALAH,dirjen pencairannya waktu bapak amir hasan kalau ngga salah
At9u_bDYIe0,@FatmawatiSyam-j9e,BAPAK PURBAYA YTH... SETAU SAYA RENCANA PEMBANGUNAN DI KEPULAUAN RIAU.. ALAH MEMBANGUN DAERAH OTORITA BATAM UTK MENJADI PELABUHAN BEBAS... TAHUN 1976 SAJA.. DAERAH ITU MASIH KOSONG... SAYA TAU KARNA SAYA TINGGAL DI PEKANBARU WAKTU ITU BEKERJA DI PEMBUKAAN PERSAWAHAN PASANG SURUT... DAN KANTOR KAMI WAKTU ITU DIDEKAT BANK INDONESIA  DI JLN SUDIRMAN,0,2025-10-31T03:20:48Z,BAPAK PURBAYA YTH SETAU SAYA RENCANA PEMBANGUNAN DI KEPULAUAN RIAU ALAH MEMBANGUN DAERAH OTORITA BATAM UTK MENJADI PELABUHAN BEBAS TAHUN 1976 SAJA DAERAH ITU MASIH KOSONG SAYA TAU KARNA SAYA TINGGAL DI PEKANBARU WAKTU ITU BEKERJA DI PEMBUKAAN PERSAWAHAN PASANG SURUT DAN KANTOR KAMI WAKTU ITU DIDEKAT BANK INDONESIA DI JLN SUDIRMAN,bapak purbaya yth setau rencana pembangunan kepulauan riau alah membangun daerah otorita batam menjadi pelabuhan beba tahun daerah masih kosong tau karna tinggal pekanbaru waktu bekerja pembukaan persawahan pasang surut kantor kami waktu didekat bank indonesia jln sudirman
At9u_bDYIe0,@RahayuW-yx4yb,"Purbaya ibarat dokter yang mengoperasi dan membedah "" Penyakit"" Di kemenkeu. Bukan hanya obati gejala ttp cari dan obati "" Akar masalah""",0,2025-10-31T03:18:22Z,Purbaya ibarat dokter yang mengoperasi dan membedah Penyakit Di kemenkeu Bukan hanya obati gejala ttp cari dan obati Akar masalah,purbaya ibarat dokter mengoperasi membedah penyakit kemenkeu bukan hanya obati gejala ttp cari obati akar masalah
At9u_bDYIe0,@upilkodok4854,Hukuman apa nih yg pantas buat mafia and para koruptor TAI ASU .....belum pernah ada yg membicarakan secara khusus nih di MEDIA MEDIA INDONESIA......,0,2025-10-31T03:12:30Z,Hukuman apa nih yg pantas buat mafia and para koruptor TAI ASU belum pernah ada yg membicarakan secara khusus nih di MEDIA MEDIA INDONESIA,hukuman apa nih panta buat mafia para koruptor tai asu belum pernah membicarakan secara khusu nih media media indonesia
At9u_bDYIe0,@AnnaAnna-f5s,"kenapa di kepemimpinan pak Jokowi koruptor seperti terlindungi,, buktinya di kepemimpinan pak Prabowo Subianto SDH banyak koruptor yg ketangkep,, aku sebagai rakyat jelata hanya bisa mengikuti alur cerita bangsa tanpa daya 😢",0,2025-10-31T03:12:10Z,kenapa di kepemimpinan pak Jokowi koruptor seperti terlindungi buktinya di kepemimpinan pak Prabowo Subianto SDH banyak koruptor yg ketangkep aku sebagai rakyat jelata hanya bisa mengikuti alur cerita bangsa tanpa daya,kenapa kepemimpinan pak jokowi koruptor seperti terlindungi buktinya kepemimpinan pak prabowo subianto banyak koruptor ketangkep sebagai rakyat jelata hanya bisa mengikuti alur cerita bangsa tanpa daya
At9u_bDYIe0,@RisnaWati-u2b,Semoga para mavia dan koruptor2 bisa secepatnya di berantas semua di kepemimpinan pak presiden prabowo gibran ..,0,2025-10-31T03:11:20Z,Semoga para mavia dan koruptor2 bisa secepatnya di berantas semua di kepemimpinan pak presiden prabowo gibran,semoga para mavia koruptor bisa secepatnya beranta semua kepemimpinan pak presiden prabowo gibran
At9u_bDYIe0,@AbdulGhofur-o9z4y,Pokoknya semua mafia mafia harus disikat,0,2025-10-31T02:54:32Z,Pokoknya semua mafia mafia harus disikat,pokoknya semua mafia mafia haru disikat
At9u_bDYIe0,@DarmantoMaman,Sangat menarik,0,2025-10-31T02:40:15Z,Sangat menarik,sangat menarik
At9u_bDYIe0,@rizhansyah1497,Sehat selalu pa pur,0,2025-10-31T02:29:30Z,Sehat selalu pa pur,sehat selalu pur
At9u_bDYIe0,@earthcitizen4405,"siapa tuh dibalik mafia faktur ya paling org beacukai dan ditjen  pajak. pengusaha kecil aja ga bayar pajak, rekeningnya di blokir.
Siapa tuh orang2 pemerintahan yang melakukan kejahatan tsb. hukum mati aja.",0,2025-10-31T01:55:24Z,siapa tuh dibalik mafia faktur ya paling org beacukai dan ditjen pajak pengusaha kecil aja ga bayar pajak rekeningnya di blokir Siapa tuh orang2 pemerintahan yang melakukan kejahatan tsb hukum mati aja,siapa tuh dibalik mafia faktur pale org beacukai ditjen pajak pengusaha kecil aja bayar pajak rekeningnya blokir siapa tuh orang pemerintahan melakukan kejahatan tsb hukum mati aja
At9u_bDYIe0,@kikydharmayanti626,"Banyak Oknum BC yg melancarkan barang yg bermasalah, barang yg seharusnya bisa keluar jd tertahan, cek sana sini, bahkan sdh bayar pajak saja masih tertahan...sementara barang yg ilegal dapat keluar dg cepat, ujung ujung nya Uang berbicara",0,2025-10-31T01:15:25Z,Banyak Oknum BC yg melancarkan barang yg bermasalah barang yg seharusnya bisa keluar jd tertahan cek sana sini bahkan sdh bayar pajak saja masih tertahan sementara barang yg ilegal dapat keluar dg cepat ujung ujung nya Uang berbicara,banyak oknum melancarkan barang bermasalah barang seharusnya bisa keluar tertahan cek sana sini bahkan bayar pajak masih tertahan barang ileg dapat keluar cepat ujung ujung nya uang berbicara
At9u_bDYIe0,@kikydharmayanti626,"dari jaman dulu import dipersulit, yg bener sesuai data, barang, dokumen, suka tambah bayar, notul, dll..yg benar suka disalahkan, yg salah dibenarkan..kadang barang yg benar sesuai prosedurnya msh suka di salahkan saat di BC",0,2025-10-31T01:06:35Z,dari jaman dulu import dipersulit yg bener sesuai data barang dokumen suka tambah bayar notul dll yg benar suka disalahkan yg salah dibenarkan kadang barang yg benar sesuai prosedurnya msh suka di salahkan saat di BC,jaman dulu import dipersulit bener sesuai data barang dokumen suka tambah bayar notul benar suka disalahkan salah dibenarkan kadang barang benar sesuai prosedurnya msh suka salahkan saat
At9u_bDYIe0,@akhmadrifai6829,"NILAI ITU BISA BAYAR HUTANG NEGARA LUNAS, WOW, INDONESIA AKAN JADI KAYA RAYA BUSA RAKYAT SEJAHTERA❤❤❤",0,2025-10-31T00:51:46Z,NILAI ITU BISA BAYAR HUTANG NEGARA LUNAS WOW INDONESIA AKAN JADI KAYA RAYA BUSA RAKYAT SEJAHTERA,nilai bisa bayar hutang negara luna wow indonesia jadi kaya raya busa rakyat sejahtera
At9u_bDYIe0,@ernypramono2498,"Semoga dalam setiap langkah pak Prabowo sebagai pemimpin teringgi bangsa Indonesia & pak Purbaya sebagai menku pilihan presiden selalu diberi kemudahan,kesehatan & juga KESELAMATAN DALAM LINDUNGAN GUSTI ALLAH.Amin.",0,2025-10-31T00:20:00Z,Semoga dalam setiap langkah pak Prabowo sebagai pemimpin teringgi bangsa Indonesia pak Purbaya sebagai menku pilihan presiden selalu diberi kemudahan kesehatan juga KESELAMATAN DALAM LINDUNGAN GUSTI ALLAH Amin,semoga setiap langkah pak prabowo sebagai pemimpin teringgi bangsa indonesia pak purbaya sebagai menku pilihan presiden selalu diberi kemudahan kesehatan keselamatan lindungan gusti allah amin
At9u_bDYIe0,@saifulmansur687,Pokok intinya bea cukai tempat srang korup mafia broooo orng bisnis yg lbih Thu broooo JD buat teknik modern yg LBH baik brooo ok fhm,0,2025-10-30T23:59:50Z,Pokok intinya bea cukai tempat srang korup mafia broooo orng bisnis yg lbih Thu broooo JD buat teknik modern yg LBH baik brooo ok fhm,pokok intinya bea cukai tempat srang korup mafia broooo orng bisni lbih thu broooo buat teknik modern lbh baik brooo fhm
At9u_bDYIe0,@elfianb442,Pasti yg lama disitu terlibat yg katanya paling top...,0,2025-10-30T23:58:10Z,Pasti yg lama disitu terlibat yg katanya paling top,pasti lama disitu terlibat katanya pale top
At9u_bDYIe0,@suwitosusilo286,"Kalau beda pasti di sengaja karena sebelum export dan import semua perusahaan bagian keuangan akan memeriksa, dan berhubungan dengan PO sebelum di bayar,  kalau import lebih kecil nilainya untuk mengurangi pajak import yang harus di bayar, banyak hal yang lakukan",0,2025-10-30T22:55:42Z,Kalau beda pasti di sengaja karena sebelum export dan import semua perusahaan bagian keuangan akan memeriksa dan berhubungan dengan PO sebelum di bayar kalau import lebih kecil nilainya untuk mengurangi pajak import yang harus di bayar banyak hal yang lakukan,kalau beda pasti sengaja export import semua perusahaan bagian keuangan memeriksa berhubungan bayar kalau import lebih kecil nilainya mengurangi pajak import haru bayar banyak hal lakukan
At9u_bDYIe0,@zainalilmi8887,Mantaaap pak Prabowo menunjuk orang yang pas,0,2025-10-30T22:35:17Z,Mantaaap pak Prabowo menunjuk orang yang pas,mantaaap pak prabowo menunjuk orang pa
At9u_bDYIe0,@klisin5571,ayo para tokoh spiritual bekingi p purbaya dn p prabowo gilas mafia2 perusak nkri,0,2025-10-30T22:15:29Z,ayo para tokoh spiritual bekingi p purbaya dn p prabowo gilas mafia2 perusak nkri,ayo para tokoh spiritu bekingi purbaya prabowo gila mafia perusak nkri
At9u_bDYIe0,@doelmboz6819,Jokowi bodoh,0,2025-10-30T22:02:09Z,Jokowi bodoh,jokowi bodoh
At9u_bDYIe0,@muksimmuksim214,Teruskan pak demi gemah ripah loh jinawi kita.,0,2025-10-30T20:38:21Z,Teruskan pak demi gemah ripah loh jinawi kita,teruskan pak demi gemah ripah loh jinawi
At9u_bDYIe0,@enditsugriyandi9836,Korupsi itu bahaya laten seharusnya diberi sangsi tegas.,0,2025-10-30T20:08:47Z,Korupsi itu bahaya laten seharusnya diberi sangsi tegas,korupsi bahaya laten seharusnya diberi sangsi tega
At9u_bDYIe0,@tutoryt-fq6nn,"😂😂😂 kapolri, kmntrian perdagangan , bea cukai,,  dll,, kmna aja slama ini ,😇😅😇😅😇😅😇😇
masih ada gunanya gk yaa,?",0,2025-10-30T17:32:26Z,kapolri kmntrian perdagangan bea cukai dll kmna aja slama ini masih ada gunanya gk yaa,kapolri kmntrian perdagangan bea cukai kmna aja slama masih gunanya yaa
At9u_bDYIe0,@M.DAHNIAL,"Bersihkan dari dalam, buang semua pejabat yg terlibat selama ini, baru imfor dan ekspor dibasmi dimusnahkan orang 2 nya semuanya.",0,2025-10-30T17:22:27Z,Bersihkan dari dalam buang semua pejabat yg terlibat selama ini baru imfor dan ekspor dibasmi dimusnahkan orang 2 nya semuanya,bersihkan buang semua pejabat terlibat baru imfor ekspor dibasmi dimusnahkan orang nya semuanya
At9u_bDYIe0,@JosJoesoef-s1e,Tuuh WARTAWAN/JOURNALIST.!? jg ikut2an KOQ.!?? SMART and FANTASTIQUE analisanya.!!??❤😂😢😮😅😊😊,0,2025-10-30T16:47:59Z,Tuuh WARTAWAN JOURNALIST jg ikut2an KOQ SMART and FANTASTIQUE analisanya,tuuh wartawan journalist ikutan koq smart fantastiqu analisanya
At9u_bDYIe0,@AdiAdi-cm8gq,"Aturan jangan dibiarkan , langsung tindakan , berita belakang",0,2025-10-30T16:15:45Z,Aturan jangan dibiarkan langsung tindakan berita belakang,aturan jangan dibiarkan langsung tindakan berita belakang
At9u_bDYIe0,@Afrizal-AA1206,"Memang bajingan pemerintahan 2013 s/d 2024
Biadap.
Semoga pak prabowo di beri kemudahan untuk memperbaiki negeri ini.",0,2025-10-30T16:15:09Z,Memang bajingan pemerintahan 2013 s d 2024 Biadap Semoga pak prabowo di beri kemudahan untuk memperbaiki negeri ini,memang bajingan pemerintahan biadap semoga pak prabowo beri kemudahan memperbaiki negeri
At9u_bDYIe0,@Afrizal-AA1206,"Alhamdulillah, ayo pak prabowo kami bersama bapak, kita majukan indonesia kita.
Kami cuma petani di desa, mencintai pemerintahan bapak yang terbuka dengan kami mengenai masalah negara.",0,2025-10-30T16:06:51Z,Alhamdulillah ayo pak prabowo kami bersama bapak kita majukan indonesia kita Kami cuma petani di desa mencintai pemerintahan bapak yang terbuka dengan kami mengenai masalah negara,alhamdulillah ayo pak prabowo kami bersama bapak majukan indonesia kami cuma petani desa mencintai pemerintahan bapak terbuka kami mengenai masalah negara
At9u_bDYIe0,@DESAKUULAKPACEHCHANNEL,Satu pintu infor,1,2025-10-30T15:41:12Z,Satu pintu infor,satu pintu infor
At9u_bDYIe0,@DedikFhiatamaPutra-w1m,Pak purbaya❤❤❤❤,1,2025-10-30T15:36:01Z,Pak purbaya,pak purbaya
At9u_bDYIe0,@abdulrokhim8214,Para mafia dan oejabat yg kongkalikong sedang menyusun rencana 😂😂😂,2,2025-10-30T15:00:09Z,Para mafia dan oejabat yg kongkalikong sedang menyusun rencana,para mafia oejabat kongkalikong sedang menyusun rencana
At9u_bDYIe0,@Syakir678,Kami rakyat Indonesia sangat berterimakasih pada siapapun yg benar benar berjuang bekerja untuk mensejahtrakan Rakyat Indonesia dan memberantas kecurangan dan kejahatan yang ada di Indonesia🙏🏻,12,2025-10-30T14:46:26Z,Kami rakyat Indonesia sangat berterimakasih pada siapapun yg benar benar berjuang bekerja untuk mensejahtrakan Rakyat Indonesia dan memberantas kecurangan dan kejahatan yang ada di Indonesia,kami rakyat indonesia sangat berterimakasih siapapun benar benar berjuang bekerja mensejahtrakan rakyat indonesia memberanta kecurangan kejahatan indonesia
At9u_bDYIe0,@PutraIndonesiaStel,Banten hadir .udah waktunya Mafia di berantas mafia korupsi .kepabean yg paling bertanggung jawab ..,2,2025-10-30T14:44:03Z,Banten hadir udah waktunya Mafia di berantas mafia korupsi kepabean yg paling bertanggung jawab,banten hadir udah waktunya mafia beranta mafia korupsi kepabean pale bertanggung jawab
At9u_bDYIe0,@ahmadjazzuli2098,Tangkap oknum yg terlibat semuanya tidak peduli bila RI 1 terlibat juga.,0,2025-10-30T14:25:11Z,Tangkap oknum yg terlibat semuanya tidak peduli bila RI 1 terlibat juga,tangkap oknum terlibat semuanya tidak peduli terlibat
At9u_bDYIe0,@Syahrial-m3j,Klw memang terbukti hukuman buat mereka adalah mati siapa pun yg terlibat,0,2025-10-30T14:09:09Z,Klw memang terbukti hukuman buat mereka adalah mati siapa pun yg terlibat,klw memang terbukti hukuman buat mati siapa pun terlibat
At9u_bDYIe0,@SupriYadi-g4e,Narkoba yang ya presiden mentri puirbaya kalau ngak di pritah presiden ya ngK berani,1,2025-10-30T14:08:57Z,Narkoba yang ya presiden mentri puirbaya kalau ngak di pritah presiden ya ngK berani,narkoba presiden mentri puirbaya kalau ngak pritah presiden ngk berani
At9u_bDYIe0,@zainiraya7346,Yuk dukung presiden prabowo.,2,2025-10-30T13:45:45Z,Yuk dukung presiden prabowo,yuk dukung presiden prabowo
At9u_bDYIe0,@DokterMendez,"S'pore itu bajingan, suka ngajari orang Indonesia nyolong pajak, bikin barang import under invoice, pengalaman saya di Panasonic thn 1996-2003.",0,2025-10-30T13:42:23Z,S pore itu bajingan suka ngajari orang Indonesia nyolong pajak bikin barang import under invoice pengalaman saya di Panasonic thn 1996 2003,pore bajingan suka ngajari orang indonesia nyolong pajak bikin barang import under invoic pengalaman panason thn
At9u_bDYIe0,@ZikriAmin-n4n,Ini baru pemimpin yang amanah dengan janjinya untuk mensejahterakan rakyat ayo rakyat indonesia kita dukung kerjanya presiden,0,2025-10-30T13:39:45Z,Ini baru pemimpin yang amanah dengan janjinya untuk mensejahterakan rakyat ayo rakyat indonesia kita dukung kerjanya presiden,baru pemimpin amanah janjinya mensejahterakan rakyat ayo rakyat indonesia dukung kerjanya presiden
At9u_bDYIe0,@JokerRi-z6q7q,10000ribu T 😮😮😮,0,2025-10-30T13:28:38Z,10000ribu T,ribu
At9u_bDYIe0,@Fhariduan,"Pak Pur sedang membela rakyat!"" Pak Pur sedang membuka mata rakyat indonesia!""bgaimna parpol2 busuk di balik kepala2 daerah hnya untuk mencuri uang rakyat dgn cara2 canggih!'bersihkan smua para pencuri uang rakyat!""",15,2025-10-30T13:25:49Z,Pak Pur sedang membela rakyat Pak Pur sedang membuka mata rakyat indonesia bgaimna parpol2 busuk di balik kepala2 daerah hnya untuk mencuri uang rakyat dgn cara2 canggih bersihkan smua para pencuri uang rakyat,pak pur sedang membela rakyat pak pur sedang membuka mata rakyat indonesia bgaimna parpol busuk balik kepala daerah hnya mencuri uang rakyat cara canggih bersihkan smua para pencuri uang rakyat
At9u_bDYIe0,@78cell10,!#1¹    Pokoe  e   suport   KPK    TIPIKOR   PPATK    KEMENKEU RI      MA   MK     PENGADILAN2 NOGORO    !#1¹     `~   °•○●□■  ▪︎¤  `~ .,0,2025-10-30T13:05:53Z,Pokoe e suport KPK TIPIKOR PPATK KEMENKEU RI MA MK PENGADILAN2 NOGORO,poko suport kpk tipikor ppatk kemenkeu pengadilan nogoro
At9u_bDYIe0,@mugnialatif6331,"DIUNDANGKAN ATAU TIDAK UU.PERAMPASAN ASET KORUPTOR , MAJELIS HAKIM DAPAT MENGHUKUM TERGUGAT KORUPSI MEMBAYAR SEJUMLAH UANG SEBESAR KERUGIAN NEGARA SEPANJANG DIMINTA DALAM TUNTUTAN (GUGATAN) JAKSA PENUNTUT  SEKALIGUS HUKUMAN PENJARA BAHKAN HUKUMAN MATI .",3,2025-10-30T12:59:46Z,DIUNDANGKAN ATAU TIDAK UU PERAMPASAN ASET KORUPTOR MAJELIS HAKIM DAPAT MENGHUKUM TERGUGAT KORUPSI MEMBAYAR SEJUMLAH UANG SEBESAR KERUGIAN NEGARA SEPANJANG DIMINTA DALAM TUNTUTAN GUGATAN JAKSA PENUNTUT SEKALIGUS HUKUMAN PENJARA BAHKAN HUKUMAN MATI,diundangkan tidak perampasan aset koruptor maje hakim dapat menghukum tergugat korupsi membayar sejumlah uang sebesar kerugian negara sepanjang diminta tuntutan gugatan jaksa penuntut sekaligu hukuman penjara bahkan hukuman mati
At9u_bDYIe0,@sasikactby5747,dana desa ditipuh   mana pembangunanya  baik pertania maupun jalan di pelosok  yang kades beli mobil banyak tanah  petani di kuasai semua bibit pupuk  rakyat jelsta hanya sank pamilinya saja yang menik mati allat traktor bantuan di sewahkan dengan  semena mena,1,2025-10-30T12:57:51Z,dana desa ditipuh mana pembangunanya baik pertania maupun jalan di pelosok yang kades beli mobil banyak tanah petani di kuasai semua bibit pupuk rakyat jelsta hanya sank pamilinya saja yang menik mati allat traktor bantuan di sewahkan dengan semena mena,dana desa ditipuh pembangunanya baik pertania maupun jalan pelosok kade beli mobil banyak tanah petani kuasai semua bibit pupuk rakyat jelsta hanya sank pamilinya menik mati allat traktor bantuan sewahkan semena mena
At9u_bDYIe0,@C.sSumirat,"Rakyat mendengar  lama kejahatan2 d negara ini, suhu2sbg strecker,dn mereka2   merangkap pemain sulap",14,2025-10-30T12:56:55Z,Rakyat mendengar lama kejahatan2 d negara ini suhu2sbg strecker dn mereka2 merangkap pemain sulap,rakyat mendengar lama kejahatan negara suhusbg strecker merangkap pemain sulap
At9u_bDYIe0,@SugengSupriatna-kc9yb,"Ketika Para Pendiri Bangsa ini dulu mencetuskan cita-cita Bangsa yaitu mewujudkan Masyarakat Adl Makmur, tentu hal itu bukan hanya wacana. Tapi tentu berdasarkan Potensi Bangsa Indonesia. 
Kalau saja Republik ini di kelola dg Benar oleh orang-orang yg Cerdas, Jujur, Kompeten dan Amanah, tentu RAKYAT ADIL MAKMUR itu sdh bisa di wujudkan sejak lama. Tapi sayangnya Negara ini di kelola oleh PARA MAFIA, DAN KORUPTOR. 
Rakyat hanya jadi Penonton dan Object Penderita.. Sementara Para Pejabat berpesta dlm GELOMBANG HARTA DAN KEMEWAHAN.",2,2025-10-30T12:46:54Z,Ketika Para Pendiri Bangsa ini dulu mencetuskan cita cita Bangsa yaitu mewujudkan Masyarakat Adl Makmur tentu hal itu bukan hanya wacana Tapi tentu berdasarkan Potensi Bangsa Indonesia Kalau saja Republik ini di kelola dg Benar oleh orang orang yg Cerdas Jujur Kompeten dan Amanah tentu RAKYAT ADIL MAKMUR itu sdh bisa di wujudkan sejak lama Tapi sayangnya Negara ini di kelola oleh PARA MAFIA DAN KORUPTOR Rakyat hanya jadi Penonton dan Object Penderita Sementara Para Pejabat berpesta dlm GELOMBANG HARTA DAN KEMEWAHAN,para pendiri bangsa dulu mencetuskan cita cita bangsa mewujudkan masyarakat adl makmur tentu hal bukan hanya wacana tentu berdasarkan potensi bangsa indonesia kalau republik kelola benar orang orang cerda jujur kompeten amanah tentu rakyat adil makmur bisa wujudkan lama sayangnya negara kelola para mafia koruptor rakyat hanya jadi penonton object penderita para pejabat berpesta dlm gelombang harta kemewahan
At9u_bDYIe0,@IrwantriPurnama,"Halo,, Ternyata di Negri ini masih banyak Penghianat 2 Negara hal ini bisa dikatakan Kejahatan Berat sebab Merugikan Bangsa dan Negara  
yg jumlahnya cukup Besar,, Akibat Perbuatan para Penghianat dampaknya sangat  
Merusak PerEkonomian sebuah Negara dan Rakyat yg selama ini kesulitan di semua Sektor kehidupan terutama perEkonomian Rakyat kecil,, Dengan Demikian maka para Penghianat Secepatnya Harus di Bereskan Sampai Tuntas,, Saya Rakyat Indonesia Mohon Dengan Hormat Kepada Pak Presiden Prabowo Supaya menindak Tegas para Penghianat sebab Kepala Negara berhak menindak Sapu 
Bersih Demi untuk menjaga Stabilitas Ekonomi dan Uang yg Jumlahnya Cukup Besar harus Kembali Lagi Pada Kas 
Negara,, Terima Kasih dan Semoga Sehat Selalu,,",2,2025-10-30T12:10:12Z,Halo Ternyata di Negri ini masih banyak Penghianat 2 Negara hal ini bisa dikatakan Kejahatan Berat sebab Merugikan Bangsa dan Negara yg jumlahnya cukup Besar Akibat Perbuatan para Penghianat dampaknya sangat Merusak PerEkonomian sebuah Negara dan Rakyat yg selama ini kesulitan di semua Sektor kehidupan terutama perEkonomian Rakyat kecil Dengan Demikian maka para Penghianat Secepatnya Harus di Bereskan Sampai Tuntas Saya Rakyat Indonesia Mohon Dengan Hormat Kepada Pak Presiden Prabowo Supaya menindak Tegas para Penghianat sebab Kepala Negara berhak menindak Sapu Bersih Demi untuk menjaga Stabilitas Ekonomi dan Uang yg Jumlahnya Cukup Besar harus Kembali Lagi Pada Kas Negara Terima Kasih dan Semoga Sehat Selalu,halo ternyata negri masih banyak penghianat negara hal bisa dikatakan kejahatan berat merugikan bangsa negara jumlahnya cukup besar akibat perbuatan para penghianat dampaknya sangat merusak perekonomian sebuah negara rakyat kesulitan semua sektor kehidupan terutama perekonomian rakyat kecil demikian maka para penghianat secepatnya haru bereskan tunta rakyat indonesia mohon hormat kepada pak presiden prabowo menindak tega para penghianat kepala negara berhak menindak sapu bersih demi menjaga stabilita ekonomi uang jumlahnya cukup besar haru kembali ka negara terima kasih semoga sehat selalu
At9u_bDYIe0,@why6446,"Dia bukan player, tapi dia playmaker",1,2025-10-30T11:16:04Z,Dia bukan player tapi dia playmaker,bukan player playmak
At9u_bDYIe0,@HeruSis-i2q,Kalo ada yang teriak² karena ulah pak #Putbaya bisa dipastikan mereka MALING² berdasi...😏❗❗❗,1,2025-10-30T11:05:30Z,Kalo ada yang teriak karena ulah pak bisa dipastikan mereka MALING berdasi,kalo teriak ulah pak bisa dipastikan male berdasi
At9u_bDYIe0,@DjuMeri-q6k,"rakyat harus tau indonesia kaya raya jadi tetap miskin karna MAFIA,  dan para mafia yg super kaya raya membiayai para propokator LSM dan pelaku politik hitam,  eroninya banyak orang miskin terpropokasi oleh tingkah polah para propokator yg di danai para mafia,  ayu dukung prabowo gibran brantas maling negara,",1,2025-10-30T11:00:41Z,rakyat harus tau indonesia kaya raya jadi tetap miskin karna MAFIA dan para mafia yg super kaya raya membiayai para propokator LSM dan pelaku politik hitam eroninya banyak orang miskin terpropokasi oleh tingkah polah para propokator yg di danai para mafia ayu dukung prabowo gibran brantas maling negara,rakyat haru tau indonesia kaya raya jadi tetap miskin karna mafia para mafia super kaya raya membiayai para propok lsm pelaku politik hitam eroninya banyak orang miskin terpropokasi tingkah polah para propok danai para mafia ayu dukung prabowo gibran branta male negara
At9u_bDYIe0,@rusmini4778,Gembar gembor . Ujung2 melarikan diri hilang jejaknya. Dan tdk  ketangkap. Ya ttp hilang juga uang negara.,0,2025-10-30T10:33:27Z,Gembar gembor Ujung2 melarikan diri hilang jejaknya Dan tdk ketangkap Ya ttp hilang juga uang negara,gembar gembor ujung melarikan diri hilang jejaknya ketangkap ttp hilang uang negara
At9u_bDYIe0,@dreamss8579,Semua kementrian era jokowi tak ada yg jujur dan transparan bahkan banyak mafianya yg membuat p. Prabowo dituntut untk kerja extra keras dan berani menghadapi resiko demi keadilan dan kemakmuran rakyatnya tanpa syarat bahkan p. Prabowo berkomitmen berani mati demi bangsa dan negara . Mantab rakyat punya presiden yg satu ini,2,2025-10-30T10:23:26Z,Semua kementrian era jokowi tak ada yg jujur dan transparan bahkan banyak mafianya yg membuat p Prabowo dituntut untk kerja extra keras dan berani menghadapi resiko demi keadilan dan kemakmuran rakyatnya tanpa syarat bahkan p Prabowo berkomitmen berani mati demi bangsa dan negara Mantab rakyat punya presiden yg satu ini,semua kementrian era jokowi tak jujur transparan bahkan banyak mafianya membuat prabowo dituntut untk kerja extra kera berani menghadapi resiko demi keadilan kemakmuran rakyatnya tanpa syarat bahkan prabowo berkomitmen berani mati demi bangsa negara mantab rakyat punya presiden satu
At9u_bDYIe0,@tutiami4649,Lindungilh bpk kemenkeu yg sedng brjuang...ya Allah...🤲🏻🇮🇩🤲🏻🇮🇩🤲🏻🇮🇩🤲🏻🇮🇩🤲🏻🤲🏻👍👍,61,2025-10-30T09:57:24Z,Lindungilh bpk kemenkeu yg sedng brjuang ya Allah,lindungilh bpk kemenkeu sedng brjuang allah
At9u_bDYIe0,@CulliCulli-e7s,Hukum tumpul ke atas membuat negara ini gampang di obok2,5,2025-10-30T09:52:20Z,Hukum tumpul ke atas membuat negara ini gampang di obok2,hukum tumpul ata membuat negara gampang obok
At9u_bDYIe0,@hismailsiip8081,"berarti srimulyani itu tak bekerja atau tak tau keadaan Indonesia yg banyak uang ngali bisa bisa memnkeu srimulyani  gi mana ya tak ada beritanya yg benar""sekali Purbaya baru terungkap semua Sri Muryani malah banyak menekan uang kecil dan rakyat kecil",1,2025-10-30T09:48:16Z,berarti srimulyani itu tak bekerja atau tak tau keadaan Indonesia yg banyak uang ngali bisa bisa memnkeu srimulyani gi mana ya tak ada beritanya yg benar sekali Purbaya baru terungkap semua Sri Muryani malah banyak menekan uang kecil dan rakyat kecil,berarti srimulyani tak bekerja tak tau keadaan indonesia banyak uang ngali bisa bisa memnkeu srimulyani tak beritanya benar sekali purbaya baru terungkap semua sri muryani malah banyak menekan uang kecil rakyat kecil
At9u_bDYIe0,@Ernawan-j7c,"Tangkap dulu orang-orangnya jgn sampai ada yg lolos sesuai dugaan kuat dari data dan fakta yg sudah diketahui negara.. Kalau diributkan dulu barang bukti dah dihapus, saling ancam untuk jgn bicara diantara pelaku.. Modusnya bisa dimanipulasi dan direkayasa.. Akan sulit penanganan dan pengembalian kerugian negara jika sudah dibuka ada kebocoran tanpa penangkapan pelakunya.. Paling yg ditangkap hanya korban dan terinya bukan pelaku besarnya.. Kambing hitam lg yg dijadikan tumbal.. Gaberes2 sampai kiamat... 😮😂",1,2025-10-30T09:36:41Z,Tangkap dulu orang orangnya jgn sampai ada yg lolos sesuai dugaan kuat dari data dan fakta yg sudah diketahui negara Kalau diributkan dulu barang bukti dah dihapus saling ancam untuk jgn bicara diantara pelaku Modusnya bisa dimanipulasi dan direkayasa Akan sulit penanganan dan pengembalian kerugian negara jika sudah dibuka ada kebocoran tanpa penangkapan pelakunya Paling yg ditangkap hanya korban dan terinya bukan pelaku besarnya Kambing hitam lg yg dijadikan tumbal Gaberes2 sampai kiamat,tangkap dulu orang orangnya jgn lolo sesuai dugaan kuat data fakta diketahui negara kalau diributkan dulu barang bukti dah dihapu sale ancam jgn bicara diantara pelaku modusnya bisa dimanipulasi direkayasa sulit penanganan pengembalian kerugian negara dibuka kebocoran tanpa penangkapan pelakunya pale ditangkap hanya korban terinya bukan pelaku besarnya kamb hitam dijadikan tumbal gaber kiamat
At9u_bDYIe0,@AlinafiahNasution,"Aparatur yg membuat kerugian
Uang dan barang.wajib mengganti
Ketekoran tsb dan ybs dipecat dr
Kedinasan.gitu aha kok tepot.",1,2025-10-30T09:30:19Z,Aparatur yg membuat kerugian Uang dan barang wajib mengganti Ketekoran tsb dan ybs dipecat dr Kedinasan gitu aha kok tepot,aparatur membuat kerugian uang barang wajib mengganti ketekoran tsb yb dipecat kedinasan gitu aha kok tepot
At9u_bDYIe0,@AdiningratSutila,"Yaa Allah lindungilah Menkeu pak Purbaya dari orang2 jahat penghianat bangsa , penghisap darah rakyat jelata seluruh indonesia , menuju Indonesia emas",6,2025-10-30T09:19:11Z,Yaa Allah lindungilah Menkeu pak Purbaya dari orang2 jahat penghianat bangsa penghisap darah rakyat jelata seluruh indonesia menuju Indonesia emas,yaa allah lindungilah menkeu pak purbaya orang jahat penghianat bangsa penghisap darah rakyat jelata seluruh indonesia menuju indonesia ema
At9u_bDYIe0,@BennardiGanteng,"Terus kan pak Presiden Prabowo Subianto dan pak Purbaya sampai ke jalur hukum biar ada efek jera bagi yang lain Sholeh terapi, merdeka hidup Indonesia",6,2025-10-30T09:08:24Z,Terus kan pak Presiden Prabowo Subianto dan pak Purbaya sampai ke jalur hukum biar ada efek jera bagi yang lain Sholeh terapi merdeka hidup Indonesia,teru kan pak presiden prabowo subianto pak purbaya jalur hukum biar efek jera bagi lain sholeh terapi merdeka hidup indonesia
At9u_bDYIe0,@BennardiGanteng,"Kami sebagai warga negara NKRI yang sudah lama sekali menonton dan mendengarkan para MAFIA di segala jenis komuniti,misal mafia hukum, mafia kasus, mafia BBM, mafia Beras,mafia Tanah, mafia Pangan, mafia pajak dan banyak lagi yang lain",2,2025-10-30T09:02:06Z,Kami sebagai warga negara NKRI yang sudah lama sekali menonton dan mendengarkan para MAFIA di segala jenis komuniti misal mafia hukum mafia kasus mafia BBM mafia Beras mafia Tanah mafia Pangan mafia pajak dan banyak lagi yang lain,kami sebagai warga negara nkri lama sekali menonton mendengarkan para mafia segala jeni komun misal mafia hukum mafia kasu mafia bbm mafia bera mafia tanah mafia pangan mafia pajak banyak lain
At9u_bDYIe0,@mbakniti,"itu saya percaya banget. 
soalnya saya ngalamin sendiri 20th yg lalu ,  saat beli tanah seharga 160jt, tp di akte jual beli yg di keluar kan kantor .... tertera di bawah 100jt .  katanya biar byr pajak nya murah. pdhl saya gak merasa berat byr pajak nya. 
parahnya lg saya di minta byr 2,5jt buat bikin akte dan mengecilkan pajak. 
Saya sekarang baru sadar. jadi saya di minta 2,5jt itu buat mereka. bukan untuk negara.",7,2025-10-30T08:56:18Z,itu saya percaya banget soalnya saya ngalamin sendiri 20th yg lalu saat beli tanah seharga 160jt tp di akte jual beli yg di keluar kan kantor tertera di bawah 100jt katanya biar byr pajak nya murah pdhl saya gak merasa berat byr pajak nya parahnya lg saya di minta byr 2 5jt buat bikin akte dan mengecilkan pajak Saya sekarang baru sadar jadi saya di minta 2 5jt itu buat mereka bukan untuk negara,percaya banget soalnya ngalamin sendiri lalu saat beli tanah seharga akt jual beli keluar kan kantor tertera bawah katanya biar byr pajak nya murah pdhl gak merasa berat byr pajak nya parahnya minta byr buat bikin akt mengecilkan pajak sekarang baru sadar jadi minta buat bukan negara
At9u_bDYIe0,@refliwanto4493,Udahlah hukum mati saja kroptor kalau indomesia mau aman kalau tidak biarkan daja kroptor merajalela di Indonesia biar hancur sekaligus biar rakyat bergejolak,1,2025-10-30T08:08:54Z,Udahlah hukum mati saja kroptor kalau indomesia mau aman kalau tidak biarkan daja kroptor merajalela di Indonesia biar hancur sekaligus biar rakyat bergejolak,udahlah hukum mati kroptor kalau indomesia mau aman kalau tidak biarkan daja kroptor merajalela indonesia biar hancur sekaligu biar rakyat bergejolak
At9u_bDYIe0,@sainuddintjappe4411,Mantaap pak ikhsanuddin nursy itu baru peniliti yang baik.,2,2025-10-30T08:07:35Z,Mantaap pak ikhsanuddin nursy itu baru peniliti yang baik,mantaap pak ikhsanuddin nursi baru penil baik
At9u_bDYIe0,@sainuddintjappe4411,Mantaap pak ikhsanuddin nursy pengamat ekonomi sangat baik sekali yang penting jangan kau singgung orang tidak bersalah orang berjasa sama negara.,2,2025-10-30T08:04:35Z,Mantaap pak ikhsanuddin nursy pengamat ekonomi sangat baik sekali yang penting jangan kau singgung orang tidak bersalah orang berjasa sama negara,mantaap pak ikhsanuddin nursi pengamat ekonomi sangat baik sekali pent jangan kau singgung orang tidak bersalah orang berjasa sama negara
At9u_bDYIe0,@gatut-j6e,Koruptor tembak mati baru bisa punah rakyat Indonesia 🇮🇩 bisa merasakan kemakmuran nya 🇮🇩,0,2025-10-30T07:51:26Z,Koruptor tembak mati baru bisa punah rakyat Indonesia bisa merasakan kemakmuran nya,koruptor tembak mati baru bisa punah rakyat indonesia bisa merasakan kemakmuran nya
At9u_bDYIe0,@watchdogs5875,buseettt itu Eranya si JOKO,1,2025-10-30T07:50:35Z,buseettt itu Eranya si JOKO,buseettt eranya joko
At9u_bDYIe0,@BravoTab-r9k,Kembali ke pada masa jabatan ASN.di tempat strategis jangan kelamaan.  Makin lama makin berpengalaman dalam maenkan peraturan pemerintah. Untuk tahu celah yang bisa di permainkan. Dan para pimpinan harus sering cek ke bawah yang melaksanakan tugas.di mana saja tugas .,1,2025-10-30T07:46:19Z,Kembali ke pada masa jabatan ASN di tempat strategis jangan kelamaan Makin lama makin berpengalaman dalam maenkan peraturan pemerintah Untuk tahu celah yang bisa di permainkan Dan para pimpinan harus sering cek ke bawah yang melaksanakan tugas di mana saja tugas,kembali masa jabatan asn tempat strategi jangan kelamaan makin lama makin berpengalaman maenkan peraturan pemerintah tahu celah bisa permainkan para pimpinan haru sere cek bawah melaksanakan tuga tuga
At9u_bDYIe0,@teguhkarnowidodo5263,nilainya bisa jadi lebih besar dr 10.080 T krn terjadi jangka waktu 10 th ditambah era dr rejim suharto - sby bisa ditracking rekam data transaksi digitalnya pasti ada miss invoicing ekport-improt komoditi...,2,2025-10-30T07:31:50Z,nilainya bisa jadi lebih besar dr 10 080 T krn terjadi jangka waktu 10 th ditambah era dr rejim suharto sby bisa ditracking rekam data transaksi digitalnya pasti ada miss invoicing ekport improt komoditi,nilainya bisa jadi lebih besar krn terjadi jangka waktu ditambah era rejim suharto sbi bisa ditrack rekam data transaksi digitalnya pasti miss invoic ekport improt komod
At9u_bDYIe0,@TBMJoko,"Saya masih bersama rakyat jujur 
Indonesia tetap setia mendukung kerja mentri keuangan PURBAYA .",4,2025-10-30T07:23:11Z,Saya masih bersama rakyat jujur Indonesia tetap setia mendukung kerja mentri keuangan PURBAYA,masih bersama rakyat jujur indonesia tetap setia mendukung kerja mentri keuangan purbaya
At9u_bDYIe0,@siswantowanto9023,Melihat mukanya ga sudi sama rakyat,0,2025-10-30T07:22:34Z,Melihat mukanya ga sudi sama rakyat,melihat mukanya sudi sama rakyat
At9u_bDYIe0,@umiaisyah5067,"Orang yang terbukti ga usah dihukum tapi...... 
""Di Nepal kan "" Aja... Gmana??",1,2025-10-30T07:15:00Z,Orang yang terbukti ga usah dihukum tapi Di Nepal kan Aja Gmana,orang terbukti usah dihukum nepal kan aja gmana
At9u_bDYIe0,@umiaisyah5067,Waoooooow... 😮,0,2025-10-30T07:13:29Z,Waoooooow,waoooooow
At9u_bDYIe0,@UjangSaefulloh-h5h,Mafia harus lenyap dari muka bumi Indonesia 🙏👌,0,2025-10-30T06:47:08Z,Mafia harus lenyap dari muka bumi Indonesia,mafia haru lenyap muka bumi indonesia
At9u_bDYIe0,@BataraRusli,BRAVO PAK PURBAYA ❤❤❤,25,2025-10-30T06:45:22Z,BRAVO PAK PURBAYA,bravo pak purbaya
At9u_bDYIe0,@triyantotri8272,"BISA LUNASI HUTANG NEGARA...
NEGARA HARUS TEGAS,, BIAR NO HUTANG..!!!!!!",2,2025-10-30T06:19:04Z,BISA LUNASI HUTANG NEGARA NEGARA HARUS TEGAS BIAR NO HUTANG,bisa lunasi hutang negara negara haru tega biar hutang
At9u_bDYIe0,@elmasruri1611,Uu perampasan aset harus segera di sah kan,9,2025-10-30T06:02:15Z,Uu perampasan aset harus segera di sah kan,perampasan aset haru segera sah kan
At9u_bDYIe0,@nithaimut8574,"10.000 TRiliun😢
Bukan 10.000 perak
Lihat di berita 13 Triliun saja sudah segitu banyaknya, apalagi yang ini 10.000T😢",1,2025-10-30T05:57:53Z,10 000 TRiliun Bukan 10 000 perak Lihat di berita 13 Triliun saja sudah segitu banyaknya apalagi yang ini 10 000T,triliun bukan perak lihat berita triliun segitu banyaknya apalagi
At9u_bDYIe0,@KansasJeff,"Sangat pro rakyat,,dgn tdk merazia ke pasar, sehingga tdk merugikan rakyat kecil,cukup ringkus para pemain besar nya maka otomatis rakyat kecil akan beralih usaha tanpa merugikan mereka",1,2025-10-30T05:46:13Z,Sangat pro rakyat dgn tdk merazia ke pasar sehingga tdk merugikan rakyat kecil cukup ringkus para pemain besar nya maka otomatis rakyat kecil akan beralih usaha tanpa merugikan mereka,sangat pro rakyat merazia pasar merugikan rakyat kecil cukup ringku para pemain besar nya maka otomati rakyat kecil beralih usaha tanpa merugikan
At9u_bDYIe0,@oslasaragih7862,"Kita harus cinta produk Indonesia,supaya UMKM maju. Bea cukai harus tegas dan jujur dalam pengawasan supaya tidak masuk barang barang impor yang merugikan bangsa kita. China dan warga Tionghoa dari Indonesia kebanyakan pelakunya. Bagus seperti Suharto ketat dengan warga Tionghoa.",7,2025-10-30T05:39:10Z,Kita harus cinta produk Indonesia supaya UMKM maju Bea cukai harus tegas dan jujur dalam pengawasan supaya tidak masuk barang barang impor yang merugikan bangsa kita China dan warga Tionghoa dari Indonesia kebanyakan pelakunya Bagus seperti Suharto ketat dengan warga Tionghoa,haru cinta produk indonesia umkm maju bea cukai haru tega jujur pengawasan tidak masuk barang barang impor merugikan bangsa china warga tionghoa indonesia kebanyakan pelakunya bagu seperti suharto ketat warga tionghoa
At9u_bDYIe0,@Jathun_,mohon pak Purbaya di beri perlindungan kelas elit karna bahaya,13,2025-10-30T05:24:21Z,mohon pak Purbaya di beri perlindungan kelas elit karna bahaya,mohon pak purbaya beri perlindungan kela elit karna bahaya
At9u_bDYIe0,@AmirFauzan-o9n,Pak Purbaya gaya2 y BS JD presiden ini. Atau paling rendah sbg RI2😂😂😂,1,2025-10-30T05:12:54Z,Pak Purbaya gaya2 y BS JD presiden ini Atau paling rendah sbg RI2,pak purbaya gaya presiden pale rendah sbg
At9u_bDYIe0,@PakUkar-d9m,Kalau bisa orang Indonesia yang merantau ke negeri orang di panggil oleh presiden buat bantuin negara kan orang Indonesia yang pintar dan cerdas yg jujur banyak di sana karena di Indonesia gak nyaman karena gak sesuai dengan keinginan banyak yang nakal2,5,2025-10-30T05:06:09Z,Kalau bisa orang Indonesia yang merantau ke negeri orang di panggil oleh presiden buat bantuin negara kan orang Indonesia yang pintar dan cerdas yg jujur banyak di sana karena di Indonesia gak nyaman karena gak sesuai dengan keinginan banyak yang nakal2,kalau bisa orang indonesia merantau negeri orang panggil presiden buat bantuin negara kan orang indonesia pintar cerda jujur banyak sana indonesia gak nyaman gak sesuai keinginan banyak nakal
At9u_bDYIe0,@Ansharullahismail,Purbaya mirip Anis kalau Anas jadi Mentri BUMN  lebih cocok utk bekerja .,1,2025-10-30T04:55:50Z,Purbaya mirip Anis kalau Anas jadi Mentri BUMN lebih cocok utk bekerja,purbaya mirip ani kalau ana jadi mentri bumn lebih cocok bekerja
At9u_bDYIe0,@handikrishandani4242,"Baguslah menteri keuangan diganti, kalau pake itu mulu.. pada nyaman main yang korupsi 😂",5,2025-10-30T04:41:05Z,Baguslah menteri keuangan diganti kalau pake itu mulu pada nyaman main yang korupsi,baguslah menteri keuangan diganti kalau pake mulu nyaman main korupsi
At9u_bDYIe0,@sargimansargiman2542,Culup buat mbayar utang tu,0,2025-10-30T04:32:35Z,Culup buat mbayar utang tu,culup buat mbayar utang
At9u_bDYIe0,@Aisylmaura,Jokowi presiden Teranjing  sepanjang sejarah,0,2025-10-30T04:25:40Z,Jokowi presiden Teranjing sepanjang sejarah,jokowi presiden teranj sepanjang sejarah
At9u_bDYIe0,@Duajempol-v8c,"Dengar berita saja sdh shock gimana menjalani jalur hukum,pasti akan berat utk para petugas keamanan",0,2025-10-30T04:16:59Z,Dengar berita saja sdh shock gimana menjalani jalur hukum pasti akan berat utk para petugas keamanan,dengar berita shock gimana menjalani jalur hukum pasti berat para petuga keamanan
At9u_bDYIe0,@winazri93,"Aku berharap besar sama kita semua rakyat Indonesia yang bersih,ayo semua nya kita lindungin pemerintah kita yang bersih yang lagi berjuang buat kita saat ini.
Mereka yang tidak suka kebijakan pak Prabowo dan pak Purbaya,percayalah mereka mereka ini adalah orang yang bermasalah di negara ini.",0,2025-10-30T04:16:20Z,Aku berharap besar sama kita semua rakyat Indonesia yang bersih ayo semua nya kita lindungin pemerintah kita yang bersih yang lagi berjuang buat kita saat ini Mereka yang tidak suka kebijakan pak Prabowo dan pak Purbaya percayalah mereka mereka ini adalah orang yang bermasalah di negara ini,berharap besar sama semua rakyat indonesia bersih ayo semua nya lindungin pemerintah bersih berjuang buat saat tidak suka kebijakan pak prabowo pak purbaya percayalah orang bermasalah negara
At9u_bDYIe0,@endrykapiworo4964,"Yg kayak gini Mantan mentri keu Bu Srimulyani masak gk tau sama sekali, gk mungkinkan, kl tau kenapa diam, 😢😢😢",1,2025-10-30T03:50:38Z,Yg kayak gini Mantan mentri keu Bu Srimulyani masak gk tau sama sekali gk mungkinkan kl tau kenapa diam,kayak gini mantan mentri keu srimulyani masak tau sama sekali mungkinkan tau kenapa diam
At9u_bDYIe0,@syanepaoki9009,"Pemimpin berjalan pada kebenaran sesuai cita cita kemerdekaan dgn dasar PANCASILA itu bukti sumberdaya manusia yg unggul kebenaran sejati.Disertai komitmen sumpah pemuda berjanji satu bgs ,satu tanah air Indonesia,satu bahasa Indonesia dijamin UUD1945 KEMERDEKAAN MEMELUK AGAMA BAGI SEMUA ORG WARGA bgs Indonesia ,dan mencerdaskan dilindungi pemerintah penegakan hukum yg benar tdk bermuatan kebencian tegak lurus ,tdk juga suap (cinta akan uang akar dari segala kejahatan membutakan  mata hati nurani penegakkan hukum)Tercipta ketidak adilan dipenegakkan hukum yg BENAR di hukum dan ygSALAH luput dari hukuman, ini bahaya membuat org takut jujur.Kemerdekaan bagi org jujur dan benar dijamin negara dlm penegakan hukum itu adil.",0,2025-10-30T03:50:29Z,Pemimpin berjalan pada kebenaran sesuai cita cita kemerdekaan dgn dasar PANCASILA itu bukti sumberdaya manusia yg unggul kebenaran sejati Disertai komitmen sumpah pemuda berjanji satu bgs satu tanah air Indonesia satu bahasa Indonesia dijamin UUD1945 KEMERDEKAAN MEMELUK AGAMA BAGI SEMUA ORG WARGA bgs Indonesia dan mencerdaskan dilindungi pemerintah penegakan hukum yg benar tdk bermuatan kebencian tegak lurus tdk juga suap cinta akan uang akar dari segala kejahatan membutakan mata hati nurani penegakkan hukum Tercipta ketidak adilan dipenegakkan hukum yg BENAR di hukum dan ygSALAH luput dari hukuman ini bahaya membuat org takut jujur Kemerdekaan bagi org jujur dan benar dijamin negara dlm penegakan hukum itu adil,pemimpin berjalan kebenaran sesuai cita cita kemerdekaan dasar pancasila bukti sumberdaya manusia unggul kebenaran sejati disertai komitmen sumpah pemuda berjanji satu bg satu tanah air indonesia satu bahasa indonesia dijamin uud kemerdekaan memeluk agama bagi semua org warga bg indonesia mencerdaskan dilindungi pemerintah penegakan hukum benar bermuatan kebencian tegak luru suap cinta uang akar segala kejahatan membutakan mata hati nurani penegakkan hukum tercipta ketidak adilan dipenegakkan hukum benar hukum ygsalah luput hukuman bahaya membuat org takut jujur kemerdekaan bagi org jujur benar dijamin negara dlm penegakan hukum adil
At9u_bDYIe0,@TriIlmi-w4y,Mafia koropsi harus si hukum mati kalau gak bisa menghukum kami siap menghukunya,0,2025-10-30T03:36:10Z,Mafia koropsi harus si hukum mati kalau gak bisa menghukum kami siap menghukunya,mafia koropsi haru hukum mati kalau gak bisa menghukum kami siap menghukunya
At9u_bDYIe0,@Hihihihastick,Bismillah... Semoga negara menang melawan mavia... Lindungi presiden RI dn mentri keuangan dan rakyat makmur... Kaya bersama 😊,8,2025-10-30T03:32:50Z,Bismillah Semoga negara menang melawan mavia Lindungi presiden RI dn mentri keuangan dan rakyat makmur Kaya bersama,bismillah semoga negara menang melawan mavia lindungi presiden mentri keuangan rakyat makmur kaya bersama
At9u_bDYIe0,@SuwarniSusilowati,10 triliun kalau di berikan ke rakyat indonesia  indonesia sudah kaya selama sepuluh tahun...ini ulah Jokowi  semua ini.. adili jokowi....,1,2025-10-30T03:25:25Z,10 triliun kalau di berikan ke rakyat indonesia indonesia sudah kaya selama sepuluh tahun ini ulah Jokowi semua ini adili jokowi,triliun kalau berikan rakyat indonesia indonesia kaya sepuluh tahun ulah jokowi semua adili jokowi
At9u_bDYIe0,@YAIVRAJAGO,Teruss Sri Mulyani kemaren kemaren ngapain saja ...,1,2025-10-30T03:23:27Z,Teruss Sri Mulyani kemaren kemaren ngapain saja,teruss sri mulyani kemaren kemaren ngapain
At9u_bDYIe0,@ncek6664,"10 rb T bisa buat nhelunasi utang negara

karena yg membebani negara ini adl utang yg menyenhsarakan rakyat
ayolah pak purbaya sehenap rakyat berharap kpd bapak utk mengentaskan kesengsaraan rakyat",1,2025-10-30T03:22:06Z,10 rb T bisa buat nhelunasi utang negara karena yg membebani negara ini adl utang yg menyenhsarakan rakyat ayolah pak purbaya sehenap rakyat berharap kpd bapak utk mengentaskan kesengsaraan rakyat,bisa buat nhelunasi utang negara membebani negara adl utang menyenhsarakan rakyat ayolah pak purbaya sehenap rakyat berharap kpd bapak mengentaskan kesengsaraan rakyat
At9u_bDYIe0,@franssaifudin1533,"pak Menkeu harus di jaga ketat,karna kerjanya bukan main"",bravo pak Menkeu.",1,2025-10-30T03:17:02Z,pak Menkeu harus di jaga ketat karna kerjanya bukan main bravo pak Menkeu,pak menkeu haru jaga ketat karna kerjanya bukan main bravo pak menkeu
At9u_bDYIe0,@MyGirl-AI,"Ini kalo bisa diatasi, bisa lunas dong utang negara ?",1,2025-10-30T02:52:56Z,Ini kalo bisa diatasi bisa lunas dong utang negara,kalo bisa diatasi bisa luna dong utang negara
At9u_bDYIe0,@AlcheEllyonara,"Waw itu kl fibagikan ke rakyat , pasti lebih bermanfaat",12,2025-10-30T02:52:33Z,Waw itu kl fibagikan ke rakyat pasti lebih bermanfaat,waw fibagikan rakyat pasti lebih bermanfaat
At9u_bDYIe0,@raflirafain1626,"SUMPAH GW DAN RATUSAN JUTA RAKYAT SEINDONESIA BANGGA BANGET PUNYA PRESIDEN PRABOWO . GW GAK PERDULI DGN SIAPAPUN YG COBA COBA MELAWAN PRESIDEN PRABOWO., KALAU ITU TERJADI GW SIAP JADI MARTIR 😡",1,2025-10-30T02:48:43Z,SUMPAH GW DAN RATUSAN JUTA RAKYAT SEINDONESIA BANGGA BANGET PUNYA PRESIDEN PRABOWO GW GAK PERDULI DGN SIAPAPUN YG COBA COBA MELAWAN PRESIDEN PRABOWO KALAU ITU TERJADI GW SIAP JADI MARTIR,sumpah ratusan juta rakyat seindonesia bangga banget punya presiden prabowo gak perduli siapapun coba coba melawan presiden prabowo kalau terjadi siap jadi martir
At9u_bDYIe0,@KAusenMieayam,Kenapapejabatbisakitabodohjadisengsara.negara.apalagirakyatnya,0,2025-10-30T02:47:38Z,Kenapapejabatbisakitabodohjadisengsara negara apalagirakyatnya,kenapapejabatbisakitabodohjadisengsara negara apalagirakyatnya
At9u_bDYIe0,@nisaestory,Tangkap terus uang nya di seber ke umkm biar tumbuh ekonomi,4,2025-10-30T02:46:29Z,Tangkap terus uang nya di seber ke umkm biar tumbuh ekonomi,tangkap teru uang nya seber umkm biar tumbuh ekonomi
At9u_bDYIe0,@LapadapiriMangkona,"Gila gila gila, 10 rb. T selama 10 thn ditilep rezim, dan cilakanya terjadi full di era Jokowi, ngapain aja ek rezim lalu, biadab assu🐕‍🦺",0,2025-10-30T02:44:34Z,Gila gila gila 10 rb T selama 10 thn ditilep rezim dan cilakanya terjadi full di era Jokowi ngapain aja ek rezim lalu biadab assu,gila gila gila thn ditilep rezim cilakanya terjadi full era jokowi ngapain aja rezim lalu biadab assu
At9u_bDYIe0,@sukisugiono2667,Jangan cuma mengungkap uang yg merugikan rakyat harus bisa dikembalikan untuk rakyat,17,2025-10-30T02:26:01Z,Jangan cuma mengungkap uang yg merugikan rakyat harus bisa dikembalikan untuk rakyat,jangan cuma mengungkap uang merugikan rakyat haru bisa dikembalikan rakyat
At9u_bDYIe0,@jspenyejukhati4574,PANTASAN NEGARA RUSAK MISKIN BERABAD2 TERLALU BANYAK BINATANG HAMA TIKUS PERUSAK NEGARA..MMG GILA WAJIB DI MUSNAHKAN SAMPAI KE AKAR2NYA SUPAYA NEGARA DN RAKYAT KAYA BERSAMA2,0,2025-10-30T02:20:45Z,PANTASAN NEGARA RUSAK MISKIN BERABAD2 TERLALU BANYAK BINATANG HAMA TIKUS PERUSAK NEGARA MMG GILA WAJIB DI MUSNAHKAN SAMPAI KE AKAR2NYA SUPAYA NEGARA DN RAKYAT KAYA BERSAMA2,pantasan negara rusak miskin berabad terlalu banyak binatang hama tiku perusak negara mmg gila wajib musnahkan akarnya negara rakyat kaya bersama
At9u_bDYIe0,@Natohiro1234,Sri mulyoni 👎👎👎,0,2025-10-30T02:13:28Z,Sri mulyoni,sri mulyoni
At9u_bDYIe0,@NetrinaVictoria,"Menangkan  bpk Purbaya/Menkeu.
Doa km rakyat menyertai dgn Do'a",12,2025-10-30T02:11:52Z,Menangkan bpk Purbaya Menkeu Doa km rakyat menyertai dgn Do a,menangkan bpk purbaya menkeu doa rakyat menyertai
At9u_bDYIe0,@SolihinJasa,Rakyat sangat setuju Purbaya dampingi Prabowo untuk 2029,0,2025-10-30T02:10:58Z,Rakyat sangat setuju Purbaya dampingi Prabowo untuk 2029,rakyat sangat setuju purbaya dampingi prabowo
At9u_bDYIe0,@jmanalu5446,Pantaslah Rakyat melarat...ternyata korup yg merajalela,1,2025-10-30T02:10:36Z,Pantaslah Rakyat melarat ternyata korup yg merajalela,pantaslah rakyat melarat ternyata korup merajalela
At9u_bDYIe0,@mjmu1707,"Invoice2 semua rekayasa untuk penipuan..staf2 dlm kabinet,kerajaan bikin invoic untuk tipu uang kerajaan..curi uang kerajaan..seperti kos sebener ditipu..dlm invoice dicatat rp200..tp sevenernya rp100",0,2025-10-30T01:57:37Z,Invoice2 semua rekayasa untuk penipuan staf2 dlm kabinet kerajaan bikin invoic untuk tipu uang kerajaan curi uang kerajaan seperti kos sebener ditipu dlm invoice dicatat rp200 tp sevenernya rp100,invoic semua rekayasa penipuan staf dlm kabinet kerajaan bikin invoic tipu uang kerajaan curi uang kerajaan seperti ko seben ditipu dlm invoic dicatat sevenernya
At9u_bDYIe0,@subhanaja2642,"Sehari aj gak lihat pak pur, rasanya hilang makanku sehari gaes🇲🇨👍",7,2025-10-30T01:57:16Z,Sehari aj gak lihat pak pur rasanya hilang makanku sehari gaes,sehari gak lihat pak pur rasanya hilang makanku sehari gae
At9u_bDYIe0,@mjmu1707,"Aku lihat probow takut untuk bertindak..ketua kpk,kejagong bungkem..takut bosnya tertangkap .ketua kpk wajib dicopot,sebb lantikn nya tdk sah..jokowiblantik ketua kpk 4 hari sebelom jokowi lengser..ikut atoran,presiden hanya blh lantik satu kali ketua kpk..tdk boleh 2 atau 3x...jokowi lantik ketua kpk 2x .ini tdk sah",3,2025-10-30T01:54:57Z,Aku lihat probow takut untuk bertindak ketua kpk kejagong bungkem takut bosnya tertangkap ketua kpk wajib dicopot sebb lantikn nya tdk sah jokowiblantik ketua kpk 4 hari sebelom jokowi lengser ikut atoran presiden hanya blh lantik satu kali ketua kpk tdk boleh 2 atau 3x jokowi lantik ketua kpk 2x ini tdk sah,lihat probow takut bertindak ketua kpk kejagong bungkem takut bosnya tertangkap ketua kpk wajib dicopot sebb lantikn nya sah jokowiblantik ketua kpk hari sebelom jokowi lengser ikut atoran presiden hanya blh lantik satu kali ketua kpk boleh jokowi lantik ketua kpk sah
At9u_bDYIe0,@SolihinJasa,Setuju Prabowo Purbaya untuk pilpres 2029,0,2025-10-30T01:54:31Z,Setuju Prabowo Purbaya untuk pilpres 2029,setuju prabowo purbaya pilpr
At9u_bDYIe0,@JulinKainama,"Kapan tambang friport di bongkar mafianya pak ,??",0,2025-10-30T01:49:30Z,Kapan tambang friport di bongkar mafianya pak,kapan tambang friport bongkar mafianya pak
At9u_bDYIe0,@ridwanmahmud-h1t,Itulah PENIPU DAN MAFIA LONDRY UANG ANJIRRRRRR. Bangun negara mu dan itulah yang tertunda alias GAGAL DARI JOKOWI DAN LUHUT.,0,2025-10-30T01:48:50Z,Itulah PENIPU DAN MAFIA LONDRY UANG ANJIRRRRRR Bangun negara mu dan itulah yang tertunda alias GAGAL DARI JOKOWI DAN LUHUT,itulah penipu mafia londri uang anjirrrrrr bangun negara itulah tertunda alia gagal jokowi luhut
At9u_bDYIe0,@ridwanmahmud-h1t,Buat apa di pelihara kalau hanya merugikan RAKYAT INDONESIA,1,2025-10-30T01:47:02Z,Buat apa di pelihara kalau hanya merugikan RAKYAT INDONESIA,buat apa pelihara kalau hanya merugikan rakyat indonesia
At9u_bDYIe0,@JulinKainama,"One komando RI 1. 
Maju pak Mentri purbaya doa kami mendukung.",1,2025-10-30T01:46:40Z,One komando RI 1 Maju pak Mentri purbaya doa kami mendukung,one komando maju pak mentri purbaya doa kami mendukung
At9u_bDYIe0,@alyafiqo9392,Mantab pak Purbaya......sikat semua yg merugikan Bangsa Indonesia..... terutama koruptor....❤❤❤😂😂.... rakyat mendukung....,5,2025-10-30T01:42:31Z,Mantab pak Purbaya sikat semua yg merugikan Bangsa Indonesia terutama koruptor rakyat mendukung,mantab pak purbaya sikat semua merugikan bangsa indonesia terutama koruptor rakyat mendukung
At9u_bDYIe0,@DigStory79,"sebagai rakyat bawah, saya hanya bisa mendoakan pak prabowo dan bpk purbaya supaya selalu mendapatkan perlindungan dari yang maha kuasa dalam memberantas kejahatan dinegara ini untuk menjadikan rakyat Indonesia sejahtera, tikus2 berdasi harus dimusnahkan yang sudah menggerogoti kekayaan negara dan hak2 rakyat indonesia",14,2025-10-30T01:41:58Z,sebagai rakyat bawah saya hanya bisa mendoakan pak prabowo dan bpk purbaya supaya selalu mendapatkan perlindungan dari yang maha kuasa dalam memberantas kejahatan dinegara ini untuk menjadikan rakyat Indonesia sejahtera tikus2 berdasi harus dimusnahkan yang sudah menggerogoti kekayaan negara dan hak2 rakyat indonesia,sebagai rakyat bawah hanya bisa mendoakan pak prabowo bpk purbaya selalu mendapatkan perlindungan maha kuasa memberanta kejahatan dinegara menjadikan rakyat indonesia sejahtera tiku berdasi haru dimusnahkan menggerogoti kekayaan negara hak rakyat indonesia
At9u_bDYIe0,@Lovepalestina99,"Yg pasti bersihkan dulu oknum2 di semua kementrian,karena mafia apapun pasti akan di kong kalikong dgn penghianat pemerintah, kerahkan pasukan senyap dan tembak mati saja!supaya panik semua pejabat aparat dan pegawai nakal
Panik dan menyerahkan diri😂😂😂",0,2025-10-30T01:24:11Z,Yg pasti bersihkan dulu oknum2 di semua kementrian karena mafia apapun pasti akan di kong kalikong dgn penghianat pemerintah kerahkan pasukan senyap dan tembak mati saja supaya panik semua pejabat aparat dan pegawai nakal Panik dan menyerahkan diri,pasti bersihkan dulu oknum semua kementrian mafia apapun pasti kong kalikong penghianat pemerintah kerahkan pasukan senyap tembak mati panik semua pejabat aparat pegawai nakal panik menyerahkan diri
At9u_bDYIe0,@nunungfarida5704,"Semoga pa Prabowo dan pa Purbaya sehat walafiat dan selalu dlm lindungan Allah SWT , sikat libas lawan miskinkan koruptor semiskin miskin miskinnya , seluruh rakyat Indonesia mendukungmu pa Purbaya",19,2025-10-30T01:18:27Z,Semoga pa Prabowo dan pa Purbaya sehat walafiat dan selalu dlm lindungan Allah SWT sikat libas lawan miskinkan koruptor semiskin miskin miskinnya seluruh rakyat Indonesia mendukungmu pa Purbaya,semoga prabowo purbaya sehat walafiat selalu dlm lindungan allah swt sikat liba lawan miskinkan koruptor semiskin miskin miskinnya seluruh rakyat indonesia mendukungmu purbaya
At9u_bDYIe0,@fatimaazahro4798,Pak fuad ini mantan menteri pak Harto. Tolong ceritakan waktu zaman pak Harto tentang kasus ini.,0,2025-10-30T01:17:49Z,Pak fuad ini mantan menteri pak Harto Tolong ceritakan waktu zaman pak Harto tentang kasus ini,pak fuad mantan menteri pak harto tolong ceritakan waktu zaman pak harto tentang kasu
At9u_bDYIe0,@AdenanAldiirfan,baru pertam kebijakan presiden prabowo angkat mentri terbaik. yg lain itu semua bagus dengan pencitraan sebelom di angkat jadi mentri. yg lain udah jadi mentri tinggal nikmati jabatan,1,2025-10-30T01:08:45Z,baru pertam kebijakan presiden prabowo angkat mentri terbaik yg lain itu semua bagus dengan pencitraan sebelom di angkat jadi mentri yg lain udah jadi mentri tinggal nikmati jabatan,baru pertam kebijakan presiden prabowo angkat mentri terbaik lain semua bagu pencitraan sebelom angkat jadi mentri lain udah jadi mentri tinggal nikmati jabatan
At9u_bDYIe0,@SumiratSumirat-m8t,Bapa luar bisa..tidak ada duanya.,11,2025-10-30T01:02:26Z,Bapa luar bisa tidak ada duanya,bapa luar bisa tidak duanya
At9u_bDYIe0,@RichadHaba-t4d,Menkeu ini  penegak hukum tau kpk tau menkumham mana yang benar ni,0,2025-10-30T00:59:02Z,Menkeu ini penegak hukum tau kpk tau menkumham mana yang benar ni,menkeu penegak hukum tau kpk tau menkumham benar
At9u_bDYIe0,@bajaklautselatan12,Mantap pak Purbaya 👍 nggak menyusahkan rakyat tapi bikin stres mafia,41,2025-10-30T00:55:14Z,Mantap pak Purbaya nggak menyusahkan rakyat tapi bikin stres mafia,mantap pak purbaya nggak menyusahkan rakyat bikin stre mafia
At9u_bDYIe0,@ghofurghofur2776,Mantab pak Pur semoga dikuatkan untuk bersih bersih indonesia cepat tercapainya negeri adil makmur untuk warganya Amin !,28,2025-10-30T00:43:30Z,Mantab pak Pur semoga dikuatkan untuk bersih bersih indonesia cepat tercapainya negeri adil makmur untuk warganya Amin,mantab pak pur semoga dikuatkan bersih bersih indonesia cepat tercapainya negeri adil makmur warganya amin
At9u_bDYIe0,@arizaljaya6408,Udah parah korupsi di Indonesia mafia nya jg barang infor penipu nya,1,2025-10-30T00:39:48Z,Udah parah korupsi di Indonesia mafia nya jg barang infor penipu nya,udah parah korupsi indonesia mafia nya barang infor penipu nya
At9u_bDYIe0,@anggamediana7025,"Tolong pak Menkeu lacak juga rekening"" gelap keluarga Jokowi yang disembunyikan di luar negri.",1,2025-10-30T00:35:29Z,Tolong pak Menkeu lacak juga rekening gelap keluarga Jokowi yang disembunyikan di luar negri,tolong pak menkeu lacak reken gelap keluarga jokowi disembunyikan luar negri
At9u_bDYIe0,@putrasuastika6793,P mentri purbaya harus mengunkap semua mapia.di indonesia biar rakyat tau kinerja pemimpin.yg mapia .dan p preside rkya butuh ketegasan p presiden prabowo sikat pak biar rakyat indonsia makmur koruptor indonesia tidak bisa maju .kami rakyat mendukung p presiden jangan kendor semangat pak presiden moga bapak sehat selalu .,1,2025-10-30T00:29:07Z,P mentri purbaya harus mengunkap semua mapia di indonesia biar rakyat tau kinerja pemimpin yg mapia dan p preside rkya butuh ketegasan p presiden prabowo sikat pak biar rakyat indonsia makmur koruptor indonesia tidak bisa maju kami rakyat mendukung p presiden jangan kendor semangat pak presiden moga bapak sehat selalu,mentri purbaya haru mengunkap semua mapia indonesia biar rakyat tau kinerja pemimpin mapia presid rkya butuh ketegasan presiden prabowo sikat pak biar rakyat indonsia makmur koruptor indonesia tidak bisa maju kami rakyat mendukung presiden jangan kendor semangat pak presiden moga bapak sehat selalu
At9u_bDYIe0,@AnonymusRawt-zn7gq,"Selama pemerintahan Jokowi tlh merusak NKRI dari segala penjuru, karena itu pemerintahan Prabowo hrs melakukan pembersihan, agar negara ini bisa bangkit kembali, dan pelakunya 🎉 dijerat dgn hukuman yg berat, agar ada rasa jera. .",3,2025-10-30T00:27:38Z,Selama pemerintahan Jokowi tlh merusak NKRI dari segala penjuru karena itu pemerintahan Prabowo hrs melakukan pembersihan agar negara ini bisa bangkit kembali dan pelakunya dijerat dgn hukuman yg berat agar ada rasa jera,pemerintahan jokowi tlh merusak nkri segala penjuru pemerintahan prabowo hr melakukan pembersihan negara bisa bangkit kembali pelakunya dijerat hukuman berat rasa jera
At9u_bDYIe0,@SurahmatWibowo,Warisan Jokowi latnat tulloh,2,2025-10-30T00:23:30Z,Warisan Jokowi latnat tulloh,warisan jokowi latnat tulloh
At9u_bDYIe0,@RudyWibowo-i7l,"Membahayakan nyawa kalo kerjanya seperti ini terus, semoga pak Prabowo mengantisipasinya. Tuhan selalu melindungi pak Purbaya",14,2025-10-30T00:22:01Z,Membahayakan nyawa kalo kerjanya seperti ini terus semoga pak Prabowo mengantisipasinya Tuhan selalu melindungi pak Purbaya,membahayakan nyawa kalo kerjanya seperti teru semoga pak prabowo mengantisipasinya tuhan selalu melindungi pak purbaya
At9u_bDYIe0,@bambangsuprianto4180,Zaman kemarin bisa 86 sekarang presiden wajib mengumpulkan uang untuk negara dan rakyat,0,2025-10-30T00:21:54Z,Zaman kemarin bisa 86 sekarang presiden wajib mengumpulkan uang untuk negara dan rakyat,zaman kemarin bisa sekarang presiden wajib mengumpulkan uang negara rakyat
At9u_bDYIe0,@rahmatrasul1629,Fuad Bawazir kalau jadi pengamat otaknya zenius tapi waktu jadi menkeu otaknya spt otak udang,0,2025-10-30T00:20:31Z,Fuad Bawazir kalau jadi pengamat otaknya zenius tapi waktu jadi menkeu otaknya spt otak udang,fuad bawazir kalau jadi pengamat otaknya zeniu waktu jadi menkeu otaknya spt otak udang
At9u_bDYIe0,@putrasuastika6793,Tangkap mapia pajak .hukum mati aja rakyat sudah banyak menanggung hutang.padahal rakyat sudah bayar pajak.kenapa terus banyak hutang..hukum sebratnya,1,2025-10-30T00:19:45Z,Tangkap mapia pajak hukum mati aja rakyat sudah banyak menanggung hutang padahal rakyat sudah bayar pajak kenapa terus banyak hutang hukum sebratnya,tangkap mapia pajak hukum mati aja rakyat banyak menanggung hutang padah rakyat bayar pajak kenapa teru banyak hutang hukum sebratnya
At9u_bDYIe0,@Suprapto-o8n,"PIKIRAN SEHAT: 1. RI 1 KE  7 + SRI MULYANI : PENGHANCUR + PERUSAK NKRI N RAKYATNYA. 2. RI 1/PRABOWO + PURBAYA = INSYAA ALLAH JADI * PAHLAWAN NKRI N RAKYATNYA. 3. MEMANG BENAR2 NYATA : 10 TAHUN TERAKHIR, NKRI N RAKYATNYA ** HANCUR LEBUR ** GEGARA DIPIMPIN : JOKOWI DG PKI GAYA BARUNYA 4. YAA ALLAH ** TOLONG N LINDUNGI ** NKRI N RAKYATNYA LEWAT ** PRABOWO + PURBAYA SBG : PEMIMPIN YG AMANAH UTK ** KEBAIKAN NKRI N RAKYATNYA. **  pto purwkto -- JaTeng asli nkri, musuh berSama * jokowi * pejuang pki gaya baru.",0,2025-10-30T00:13:53Z,PIKIRAN SEHAT 1 RI 1 KE 7 SRI MULYANI PENGHANCUR PERUSAK NKRI N RAKYATNYA 2 RI 1 PRABOWO PURBAYA INSYAA ALLAH JADI PAHLAWAN NKRI N RAKYATNYA 3 MEMANG BENAR2 NYATA 10 TAHUN TERAKHIR NKRI N RAKYATNYA HANCUR LEBUR GEGARA DIPIMPIN JOKOWI DG PKI GAYA BARUNYA 4 YAA ALLAH TOLONG N LINDUNGI NKRI N RAKYATNYA LEWAT PRABOWO PURBAYA SBG PEMIMPIN YG AMANAH UTK KEBAIKAN NKRI N RAKYATNYA pto purwkto JaTeng asli nkri musuh berSama jokowi pejuang pki gaya baru,pikiran sehat sri mulyani penghancur perusak nkri rakyatnya prabowo purbaya insyaa allah jadi pahlawan nkri rakyatnya memang benar nyata tahun terakhir nkri rakyatnya hancur lebur gegara dipimpin jokowi pki gaya barunya yaa allah tolong lindungi nkri rakyatnya lewat prabowo purbaya sbg pemimpin amanah kebaikan nkri rakyatnya pto purwkto jateng asli nkri musuh bersama jokowi pejuang pki gaya baru
At9u_bDYIe0,@SaumMiharja-eq3vk,Gila selama jaman Jokowi mafia bandit koruptor merajalela di Indonesia mereka berpesta uang pajak uang rakyat harusnya presiden Prabowo terapkan hukuman mati yng merusak negara Indonesia ini,4,2025-10-30T00:07:34Z,Gila selama jaman Jokowi mafia bandit koruptor merajalela di Indonesia mereka berpesta uang pajak uang rakyat harusnya presiden Prabowo terapkan hukuman mati yng merusak negara Indonesia ini,gila jaman jokowi mafia bandit koruptor merajalela indonesia berpesta uang pajak uang rakyat harusnya presiden prabowo terapkan hukuman mati yng merusak negara indonesia
At9u_bDYIe0,@MursaidAja,"Tangkap dan adili..!!!
1. Jokowi
2. Luhut Banser Penjahitan 
3. Airlangga Hartarto 
4. Sri Mulyani 
5. Bahlul Lahat Dahlia 
6. Zulkifli Hasan
7. Erick Thohir 
8. Gibran
9. Ternak-ternaknya Jokowi",0,2025-10-30T00:06:06Z,Tangkap dan adili 1 Jokowi 2 Luhut Banser Penjahitan 3 Airlangga Hartarto 4 Sri Mulyani 5 Bahlul Lahat Dahlia 6 Zulkifli Hasan 7 Erick Thohir 8 Gibran 9 Ternak ternaknya Jokowi,tangkap adili jokowi luhut banser penjahitan airlangga hartarto sri mulyani bahlul lahat dahlia zulkifli hasan erick thohir gibran ternak ternaknya jokowi
At9u_bDYIe0,@albais2475,Mantap pak Purbaya di palabuhan yang wajib di bersih semua dan kantor pajak juga bersih itu lagu lama  Pak Purbaya bersih - bersih semua pantas Rakyat melarat serta miskin. Selama ini.,13,2025-10-30T00:02:42Z,Mantap pak Purbaya di palabuhan yang wajib di bersih semua dan kantor pajak juga bersih itu lagu lama Pak Purbaya bersih bersih semua pantas Rakyat melarat serta miskin Selama ini,mantap pak purbaya palabuhan wajib bersih semua kantor pajak bersih lagu lama pak purbaya bersih bersih semua panta rakyat melarat serta miskin
At9u_bDYIe0,@Zamuni-d7l,Ngerinya para pencuri yang berseragam di negri ini kasian nasib rakyat dan bangsa Indonesia terlalu panjang penderitaan rakyat ini....,1,2025-10-30T00:02:29Z,Ngerinya para pencuri yang berseragam di negri ini kasian nasib rakyat dan bangsa Indonesia terlalu panjang penderitaan rakyat ini,ngerinya para pencuri berseragam negri kasian nasib rakyat bangsa indonesia terlalu panjang penderitaan rakyat
At9u_bDYIe0,@SurahmatWibowo,Maju terus PK Purbaya sikat para mafia koruptor jangan beri ampun,16,2025-10-30T00:02:02Z,Maju terus PK Purbaya sikat para mafia koruptor jangan beri ampun,maju teru purbaya sikat para mafia koruptor jangan beri ampun
At9u_bDYIe0,@pradanaberkahenergi3036,"Maling barang slindupan, dan maling cpo kencingan di lindungi tni polri... Karena bayar atensi",0,2025-10-29T23:46:28Z,Maling barang slindupan dan maling cpo kencingan di lindungi tni polri Karena bayar atensi,male barang slindupan male cpo kencingan lindungi tni polri bayar atensi
At9u_bDYIe0,@juraganwedus1356,dengan memperkuat TNI...mafia akan berpikir 2x  untuk membuat kerusuhan.. pemainnya bekerja dgn asing,1,2025-10-29T23:44:13Z,dengan memperkuat TNI mafia akan berpikir 2x untuk membuat kerusuhan pemainnya bekerja dgn asing,memperkuat tni mafia berpikir membuat kerusuhan pemainnya bekerja ase
At9u_bDYIe0,@KhairilAnwar-u2k1t,Hidup jokowi kuat korupsi Indonesia,0,2025-10-29T23:44:05Z,Hidup jokowi kuat korupsi Indonesia,hidup jokowi kuat korupsi indonesia
At9u_bDYIe0,@nunukmulyani2342,Smg pak Prabowo dan pak Purbaya sht sll . . ..aamiin,41,2025-10-29T23:43:33Z,Smg pak Prabowo dan pak Purbaya sht sll aamiin,smg pak prabowo pak purbaya sht sll aamiin
At9u_bDYIe0,@KhairilAnwar-u2k1t,Hahahaha Indonesia terkantoi,0,2025-10-29T23:42:54Z,Hahahaha Indonesia terkantoi,hahahaha indonesia terkantoi
At9u_bDYIe0,@arifconstructionsholich69,"bpk. prabowo  dan bpk purbaya, harus di jaga dan di lindungi ketat keamananya,...wajib di jaga dan di lindungi para pejuang rakyat yg tulus,.....
kami 85 persen rakyat indonesia,  siap melindungi bpk. prabwo gibran, bpk. jokowi dan bpk purbaya,..",0,2025-10-29T23:39:41Z,bpk prabowo dan bpk purbaya harus di jaga dan di lindungi ketat keamananya wajib di jaga dan di lindungi para pejuang rakyat yg tulus kami 85 persen rakyat indonesia siap melindungi bpk prabwo gibran bpk jokowi dan bpk purbaya,bpk prabowo bpk purbaya haru jaga lindungi ketat keamananya wajib jaga lindungi para pejuang rakyat tulu kami persen rakyat indonesia siap melindungi bpk prabwo gibran bpk jokowi bpk purbaya
At9u_bDYIe0,@KhairilAnwar-u2k1t,Hidup korupsi Indonesia,0,2025-10-29T23:39:29Z,Hidup korupsi Indonesia,hidup korupsi indonesia
At9u_bDYIe0,@AsepSaefudin-j8t6p,Sedih sy liat media sekarang dijadikan pencitraan para pejabat.... rakyat jadi mudah terbawa arus informasi yg menyesatkan tanpa rakyat sadari ... rakyat tidak pernah belajar dari pengalaman  pencitraan gorong gorong.... sebenarnya mudah sekali melihat logikanya tapi rakyat mudah tertipu itu wajar karena terlalu lama larut dalam harapan yg mereka tunggu.... Purbaya pura2 banyak gaya.klo benar2 mau nangkap tidak perlu gembar gembor dimedia....diam2 tiba-tiba muncul dimedia sudah ditangkap baru diserahkan ke media baru efektif....klo begini diancam mau ditangkap ya jelas pengimpor pasti menghentikan kegiatannya untuk menghindari penangkapan.....lucu...lucuan doang.... rakyat dipamerin uang sitaan 14 triliun kagum karena bagi rakyat itu jumlah yang luar biasa tapi bagi negara sebesar Indonesia yg sudah dirampok ribuan triliun itu cuma uang receh yg bagi para perampok bangsat itu cuma uang receh yg dikorbankan untuk menghipnotis rakyat supaya diam,0,2025-10-29T23:36:30Z,Sedih sy liat media sekarang dijadikan pencitraan para pejabat rakyat jadi mudah terbawa arus informasi yg menyesatkan tanpa rakyat sadari rakyat tidak pernah belajar dari pengalaman pencitraan gorong gorong sebenarnya mudah sekali melihat logikanya tapi rakyat mudah tertipu itu wajar karena terlalu lama larut dalam harapan yg mereka tunggu Purbaya pura2 banyak gaya klo benar2 mau nangkap tidak perlu gembar gembor dimedia diam2 tiba tiba muncul dimedia sudah ditangkap baru diserahkan ke media baru efektif klo begini diancam mau ditangkap ya jelas pengimpor pasti menghentikan kegiatannya untuk menghindari penangkapan lucu lucuan doang rakyat dipamerin uang sitaan 14 triliun kagum karena bagi rakyat itu jumlah yang luar biasa tapi bagi negara sebesar Indonesia yg sudah dirampok ribuan triliun itu cuma uang receh yg bagi para perampok bangsat itu cuma uang receh yg dikorbankan untuk menghipnotis rakyat supaya diam,sedih liat media sekarang dijadikan pencitraan para pejabat rakyat jadi mudah terbawa aru informasi menyesatkan tanpa rakyat sadari rakyat tidak pernah belajar pengalaman pencitraan gorong gorong sebenarnya mudah sekali melihat logikanya rakyat mudah tertipu wajar terlalu lama larut harapan tunggu purbaya pura banyak gaya klo benar mau nangkap tidak perlu gembar gembor dimedia diam tiba tiba muncul dimedia ditangkap baru diserahkan media baru efektif klo begini diancam mau ditangkap jela pengimpor pasti menghentikan kegiatannya menghindari penangkapan lucu lucuan doang rakyat dipamerin uang sitaan triliun kagum bagi rakyat jumlah luar biasa bagi negara sebesar indonesia dirampok ribuan triliun cuma uang receh bagi para perampok bangsat cuma uang receh dikorbankan menghipnoti rakyat diam
At9u_bDYIe0,@yulianto5378,Pantas saja bu Sri cs kaya raya😂😂😂,1,2025-10-29T23:35:18Z,Pantas saja bu Sri cs kaya raya,panta sri kaya raya
At9u_bDYIe0,@user-sv7ue4el4x,Wapresnya ganti BELIAU sajalah,1,2025-10-29T23:27:52Z,Wapresnya ganti BELIAU sajalah,wapresnya ganti beliau sajalah
At9u_bDYIe0,@ASEPRAHAYU-z4i,"Ini baru menku purbaya jos, bukan sri mulyani 10 tahun korupsinya kenceng banget bikin rakyat melarat   makanya hukum harus ditegakan gantung para bangsat negara alias koruptor,oke purbaya dan prabowo rakyat cerdas bersamamu oke jga mahasiswanya kalian harus lebih Berani jika itu demi tegaknya kebenaran",0,2025-10-29T23:24:52Z,Ini baru menku purbaya jos bukan sri mulyani 10 tahun korupsinya kenceng banget bikin rakyat melarat makanya hukum harus ditegakan gantung para bangsat negara alias koruptor oke purbaya dan prabowo rakyat cerdas bersamamu oke jga mahasiswanya kalian harus lebih Berani jika itu demi tegaknya kebenaran,baru menku purbaya jo bukan sri mulyani tahun korupsinya kenceng banget bikin rakyat melarat makanya hukum haru ditegakan gantung para bangsat negara alia koruptor oke purbaya prabowo rakyat cerda bersamamu oke jga mahasiswanya kalian haru lebih berani demi tegaknya kebenaran
At9u_bDYIe0,@NurUmmi-vq7mh,"Hebat mentri keuang yg baru ini, tdk seperti mentri keuang yg terdahulu byk nggak benar, pantas kaya.",1,2025-10-29T23:20:51Z,Hebat mentri keuang yg baru ini tdk seperti mentri keuang yg terdahulu byk nggak benar pantas kaya,hebat mentri keuang baru seperti mentri keuang terdahulu byk nggak benar panta kaya
At9u_bDYIe0,@ApenAja-e6z,Pa Menkeu habisi trus Mapia pajak  barang impor ke indonesia lihat lah d pasar mana aja d Indonesia berjamur produk cina produk Indonesia kalah saing banyak bangkrut pengusaha indonesia,1,2025-10-29T23:17:07Z,Pa Menkeu habisi trus Mapia pajak barang impor ke indonesia lihat lah d pasar mana aja d Indonesia berjamur produk cina produk Indonesia kalah saing banyak bangkrut pengusaha indonesia,menkeu habisi tru mapia pajak barang impor indonesia lihat lah pasar aja indonesia berjamur produk cina produk indonesia kalah sa banyak bangkrut pengusaha indonesia
At9u_bDYIe0,@d.syafarudinyusuf2740,Sistem pemilihan pemimpin nya yg “AMBURADUL DAN SANGAT KORUP”.,1,2025-10-29T23:16:10Z,Sistem pemilihan pemimpin nya yg AMBURADUL DAN SANGAT KORUP,sistem pemilihan pemimpin nya amburadul sangat korup
At9u_bDYIe0,@d.syafarudinyusuf2740,Problem di Republik ini ada “THE MAN BEHIND THE GUN”. Orangnya yg tidak memiliki “MORAL HAZARD”.,0,2025-10-29T23:14:36Z,Problem di Republik ini ada THE MAN BEHIND THE GUN Orangnya yg tidak memiliki MORAL HAZARD,problem republik man behind gun orangnya tidak memiliki moral hazard
At9u_bDYIe0,@trydhani2992,Korupsi di jadikan jual beli dan senjata politik di jaman jokowi. Koruptor di jadikan sandera politik Wkwkwk,1,2025-10-29T23:11:05Z,Korupsi di jadikan jual beli dan senjata politik di jaman jokowi Koruptor di jadikan sandera politik Wkwkwk,korupsi jadikan jual beli senjata politik jaman jokowi koruptor jadikan sandera politik wkwkwk
At9u_bDYIe0,@wakibrik9548,Mak SRI..... Kok kayak begini maaaaakkkk,1,2025-10-29T23:07:48Z,Mak SRI Kok kayak begini maaaaakkkk,mak sri kok kayak begini maaaaakkkk
At9u_bDYIe0,@JajangJaenudin-z4d,"Aaaaammiiiin ya Allooooh Rampas 10rb triliun ituh,",0,2025-10-29T23:06:26Z,Aaaaammiiiin ya Allooooh Rampas 10rb triliun ituh,aaaaammiiiin allooooh rampa triliun ituh
At9u_bDYIe0,@JajangJaenudin-z4d,semoga masarakat sama dg sayah ingin pak Prabowo jadi presiden seumur hidup Amiiiiin.,0,2025-10-29T23:04:53Z,semoga masarakat sama dg sayah ingin pak Prabowo jadi presiden seumur hidup Amiiiiin,semoga masarakat sama sayah ingin pak prabowo jadi presiden seumur hidup amiiiiin
At9u_bDYIe0,@bopri2713,"sy yakin aksi mavia itu sdh lama berlangsung, masalahnya pemerintah selama ini dikadali shg gk sadar & gk peduli  adanya pelanggaran  ini br pemerintahn skrg brani bongkar.",2,2025-10-29T23:02:02Z,sy yakin aksi mavia itu sdh lama berlangsung masalahnya pemerintah selama ini dikadali shg gk sadar gk peduli adanya pelanggaran ini br pemerintahn skrg brani bongkar,yakin aksi mavia lama berlangsung masalahnya pemerintah dikadali shg sadar peduli adanya pelanggaran pemerintahn skrg brani bongkar
At9u_bDYIe0,@IsturFauzi,"Jadi Jokowi yg membuat rakyat indonisia miskin sementara bazernya nya banyak yg kaya ,rakyat dibodohi dgn pembagian sembako.",2,2025-10-29T22:56:01Z,Jadi Jokowi yg membuat rakyat indonisia miskin sementara bazernya nya banyak yg kaya rakyat dibodohi dgn pembagian sembako,jadi jokowi membuat rakyat indonisia miskin bazernya nya banyak kaya rakyat dibodohi pembagian sembako
At9u_bDYIe0,@opungasyer7525,Dari Indonesia lumbung beras yg paling besar tapi kenapa harga beras mahal penjualan ke masyarakat? Heran!!!!!,5,2025-10-29T22:42:03Z,Dari Indonesia lumbung beras yg paling besar tapi kenapa harga beras mahal penjualan ke masyarakat Heran,indonesia lumbung bera pale besar kenapa harga bera mahal penjualan masyarakat heran
At9u_bDYIe0,@PaisalSal-os5hk,Cara kerja seri Mulyani sangat santai tetapi seperti ular berbisa  negara miskin karna ulahnya pemimpin yg GK memikirkan rakyat selamat purbaya,2,2025-10-29T22:40:28Z,Cara kerja seri Mulyani sangat santai tetapi seperti ular berbisa negara miskin karna ulahnya pemimpin yg GK memikirkan rakyat selamat purbaya,cara kerja seri mulyani sangat santai tetapi seperti ular berbisa negara miskin karna ulahnya pemimpin memikirkan rakyat selamat purbaya
At9u_bDYIe0,@elinherlina706,Semoga Allah melindungi orang2 yg berada di jalan bener,22,2025-10-29T22:30:15Z,Semoga Allah melindungi orang2 yg berada di jalan bener,semoga allah melindungi orang berada jalan bener
At9u_bDYIe0,@MilianSangMilian,"Sri Mulyani seorang perempuan jadi para mafia TDK menganggapnya bisa dipermainkan, tapi sekarang suda pergantian menteri keuangan yang baru jadi mafia sekarang ketar ketir.  maju terus pa Purbaya, basmi tuntas para mafi yang erugikan rakyat Indonesia Tuhan lindungi sllu 🙏🙏🙏",5,2025-10-29T22:28:47Z,Sri Mulyani seorang perempuan jadi para mafia TDK menganggapnya bisa dipermainkan tapi sekarang suda pergantian menteri keuangan yang baru jadi mafia sekarang ketar ketir maju terus pa Purbaya basmi tuntas para mafi yang erugikan rakyat Indonesia Tuhan lindungi sllu,sri mulyani seorang perempuan jadi para mafia menganggapnya bisa dipermainkan sekarang suda pergantian menteri keuangan baru jadi mafia sekarang ketar ketir maju teru purbaya basmi tunta para mafi erugikan rakyat indonesia tuhan lindungi sllu
At9u_bDYIe0,@lodang1354,Sukseskan gerakan INDONESIA BERSIH BERSIH yg dinahkodai Purbaya.,33,2025-10-29T22:26:36Z,Sukseskan gerakan INDONESIA BERSIH BERSIH yg dinahkodai Purbaya,sukseskan gerakan indonesia bersih bersih dinahkodai purbaya
At9u_bDYIe0,@MbahPantes-l6d,Ber arti selama ini saya mengamati bicaranya Pak Macmud betul sekali uang negara di pimpin B Sri Mulyani di koropsi karena dia takud apa samar lek gak entuk ? Tp mudah2 Pak Dewa selalu diberi petunjuk sama Tuhan bisa membersihkan orang yg TDK jujur mengemban Tugas Negara dan yg selalu mengrogoti aNegara terutama Rakyat Indonesia bnyk yg golek udele Dewe semoga atuhan selalu menyertai langkah pemimpin negri ini terutama Pak Dewa dan Pak Bowo maju terus jgn goyah Tuhan membibing semuanya Amin,9,2025-10-29T22:23:19Z,Ber arti selama ini saya mengamati bicaranya Pak Macmud betul sekali uang negara di pimpin B Sri Mulyani di koropsi karena dia takud apa samar lek gak entuk Tp mudah2 Pak Dewa selalu diberi petunjuk sama Tuhan bisa membersihkan orang yg TDK jujur mengemban Tugas Negara dan yg selalu mengrogoti aNegara terutama Rakyat Indonesia bnyk yg golek udele Dewe semoga atuhan selalu menyertai langkah pemimpin negri ini terutama Pak Dewa dan Pak Bowo maju terus jgn goyah Tuhan membibing semuanya Amin,ber arti mengamati bicaranya pak macmud betul sekali uang negara pimpin sri mulyani koropsi takud apa samar lek gak entuk mudah pak dewa selalu diberi petunjuk sama tuhan bisa membersihkan orang jujur mengemban tuga negara selalu mengrogoti anegara terutama rakyat indonesia bnyk golek udel dew semoga atuhan selalu menyertai langkah pemimpin negri terutama pak dewa pak bowo maju teru jgn goyah tuhan membib semuanya amin
At9u_bDYIe0,@armynj15,"Pa Purbaya...HATI-HATIII..!.... Wartawan jg mgkn bs ada yg ""kaki tangan Mafia"" yg bisa MENJEBAK ANDAAA.... Medan lapangan bisa banyak RANJAU2 FITNAH, KEMUNAFIKAN, & TANPA KOMPAS MORAL. Smoga Tuhan YME bersama Pa Purbaya dan Pa Prabowo membersihkan Standard Moral Kultur Pejabat2 ASN dr ""jariangan kaki tangan Mafia di hampir semua internal Instansi Negara....kt inginkan semua ASN NKRI berstandard moral n akhlak yg bersih n tinggi melalui SISTEM PEMBERSIHAN & PENGAWASAN SELAMANYA OLEH 'KEMENPAN-ARB' NKRI... Aamiin YRA.🇮🇩✊😇",20,2025-10-29T22:22:27Z,Pa Purbaya HATI HATIII Wartawan jg mgkn bs ada yg kaki tangan Mafia yg bisa MENJEBAK ANDAAA Medan lapangan bisa banyak RANJAU2 FITNAH KEMUNAFIKAN TANPA KOMPAS MORAL Smoga Tuhan YME bersama Pa Purbaya dan Pa Prabowo membersihkan Standard Moral Kultur Pejabat2 ASN dr jariangan kaki tangan Mafia di hampir semua internal Instansi Negara kt inginkan semua ASN NKRI berstandard moral n akhlak yg bersih n tinggi melalui SISTEM PEMBERSIHAN PENGAWASAN SELAMANYA OLEH KEMENPAN ARB NKRI Aamiin YRA,purbaya hati hatiii wartawan mgkn kaki tangan mafia bisa menjebak andaaa medan lapangan bisa banyak ranjau fitnah kemunafikan tanpa kompa moral smoga tuhan yme bersama purbaya prabowo membersihkan standard moral kultur pejabat asn jariangan kaki tangan mafia hampir semua intern instansi negara inginkan semua asn nkri berstandard moral akhlak bersih tinggi melalui sistem pembersihan pengawasan selamanya kemenpan arb nkri aamiin yra
At9u_bDYIe0,@putraoseng6246,Cobak lari kedesa semua kepala desa di audit,0,2025-10-29T22:09:06Z,Cobak lari kedesa semua kepala desa di audit,cobak lari kedesa semua kepala desa audit
At9u_bDYIe0,@Wagiyati-s3i,Si Joko beda dg p. Prabowo. Si Joko melakukan pembiaran sama koroptor. Sto dirinya sendiri juga koroptor. Gayanya orang solo tu kan ga jelas munafik.,2,2025-10-29T22:02:27Z,Si Joko beda dg p Prabowo Si Joko melakukan pembiaran sama koroptor Sto dirinya sendiri juga koroptor Gayanya orang solo tu kan ga jelas munafik,joko beda prabowo joko melakukan pembiaran sama koroptor sto dirinya sendiri koroptor gayanya orang solo kan jela munafik
At9u_bDYIe0,@zakariyariya215,"Tangkap segera bekas presiden Jokowi alias Mulyono, tangkap semuanya bekas bekas menteri keuangan era Jokowi, tangkap semuanya bekas bekas kepala bea cukai Indonesia, tangkap semuanya aparat aparat yang terlibat dalam kejahatan yang luar biasa ini, adili mereka semuanya, hukum mati anjing 🐕 anjing 🐕 koruptor yang terlibat dalam kejahatan  luar biasa ini, tembak mati mereka semuanya di lapangan umum, setelah itu blender bangkai bangkai mereka semuanya, selanjutnya buang bangkai mereka semuanya ke laut untuk menjadi santapan ikan, itu adalah wujud bahwa bangkai bangkai mereka tidak akan pernah di terima oleh pangkuan ibu Pertiwi, anjing 🐕 anjing 🐕 para koruptor ini adalah penghianat / musuh bangsa dan negara republik Indonesia yang nyata, anjing 🐕 anjing 🐕 para koruptor ini adalah musuh yang nyata bagi bangsa dan negara republik Indonesia, sudah sangat pantas sekali mereka semuanya mendapatkan hukuman yang setimpal seperti itu, anjing 🐕 koruptor, anjing 🐕 koruptor, anjing 🐕 koruptor,",0,2025-10-29T21:56:48Z,Tangkap segera bekas presiden Jokowi alias Mulyono tangkap semuanya bekas bekas menteri keuangan era Jokowi tangkap semuanya bekas bekas kepala bea cukai Indonesia tangkap semuanya aparat aparat yang terlibat dalam kejahatan yang luar biasa ini adili mereka semuanya hukum mati anjing anjing koruptor yang terlibat dalam kejahatan luar biasa ini tembak mati mereka semuanya di lapangan umum setelah itu blender bangkai bangkai mereka semuanya selanjutnya buang bangkai mereka semuanya ke laut untuk menjadi santapan ikan itu adalah wujud bahwa bangkai bangkai mereka tidak akan pernah di terima oleh pangkuan ibu Pertiwi anjing anjing para koruptor ini adalah penghianat musuh bangsa dan negara republik Indonesia yang nyata anjing anjing para koruptor ini adalah musuh yang nyata bagi bangsa dan negara republik Indonesia sudah sangat pantas sekali mereka semuanya mendapatkan hukuman yang setimpal seperti itu anjing koruptor anjing koruptor anjing koruptor,tangkap segera beka presiden jokowi alia mulyono tangkap semuanya beka beka menteri keuangan era jokowi tangkap semuanya beka beka kepala bea cukai indonesia tangkap semuanya aparat aparat terlibat kejahatan luar biasa adili semuanya hukum mati anj anj koruptor terlibat kejahatan luar biasa tembak mati semuanya lapangan umum blender bangkai bangkai semuanya selanjutnya buang bangkai semuanya laut menjadi santapan ikan wujud bangkai bangkai tidak pernah terima pangkuan ibu pertiwi anj anj para koruptor penghianat musuh bangsa negara republik indonesia nyata anj anj para koruptor musuh nyata bagi bangsa negara republik indonesia sangat panta sekali semuanya mendapatkan hukuman setimp seperti anj koruptor anj koruptor anj koruptor
At9u_bDYIe0,@phonenet8325,"Harga beras turunkam kasiañ
Orang miskin Indonesia 
Harga minyak",1,2025-10-29T21:24:54Z,Harga beras turunkam kasia Orang miskin Indonesia Harga minyak,harga bera turunkam kasia orang miskin indonesia harga minyak
At9u_bDYIe0,@imroncimot-v6c,Mantap ..👍👍👍MAJU TERUS PAK MENTRI RAKYAT BERSAMAMU.....,7,2025-10-29T21:22:58Z,Mantap MAJU TERUS PAK MENTRI RAKYAT BERSAMAMU,mantap maju teru pak mentri rakyat bersamamu
At9u_bDYIe0,@akusudahtua1929,Memang di ķndonesia lau dikasi orang yng baik kayaknyà alerghi,35,2025-10-29T21:11:25Z,Memang di ndonesia lau dikasi orang yng baik kayakny alerghi,memang ndonesia lau dikasi orang yng baik kayakni alerghi
At9u_bDYIe0,@OmaSofie,"Ya Rabb , ku mohon londungi bapak purbayajuga bapak Anies Rasid Baswedan yang sedang dalam bahaya, beserta keluarga besar mereka dari dajjal yang berwunud manusia dzalim sedzalim2nya yang tidak takut hukumMu Ya Rabb🤲🤲🤲🙏 Aamiin Ya Allah Ya Rabbal alamiin, aamiin Allahumma aamiin, Subhanallah",2,2025-10-29T20:46:42Z,Ya Rabb ku mohon londungi bapak purbayajuga bapak Anies Rasid Baswedan yang sedang dalam bahaya beserta keluarga besar mereka dari dajjal yang berwunud manusia dzalim sedzalim2nya yang tidak takut hukumMu Ya Rabb Aamiin Ya Allah Ya Rabbal alamiin aamiin Allahumma aamiin Subhanallah,rabb mohon londungi bapak purbayajuga bapak ani rasid baswedan sedang bahaya beserta keluarga besar dajjal berwunud manusia dzalim sedzalimnya tidak takut hukummu rabb aamiin allah rabbal alamiin aamiin allahumma aamiin subhanallah
At9u_bDYIe0,@Nersm90,"SEBENARNYA BARANG PAKAIN BEKAS ITU KLO DRI NEGARA SAUDHI DAN SELURUH SAUDHI TDK DI PERJUALKAN KARENABOS SY SETIAP 2 BLN 3 BLN SEKALI ITU ADA YG MENGAMBILNYA ADA KUSUS MOBIL TP BILANGNYA BUAT ORANG ""YG KURANG MAMPU .....TP KNP KO DI INDONESIA MALAH DI BISNISKAN  ITU MAMALUKAN SEKALI PADAHAL DI INDONESIA BEGITU BANYAK SEKALI PABRIK ""TEKTIL TP KO MASYARAKAT MALAH SENANG MEMAKAI BAJU "" BEKAS .",0,2025-10-29T20:38:25Z,SEBENARNYA BARANG PAKAIN BEKAS ITU KLO DRI NEGARA SAUDHI DAN SELURUH SAUDHI TDK DI PERJUALKAN KARENABOS SY SETIAP 2 BLN 3 BLN SEKALI ITU ADA YG MENGAMBILNYA ADA KUSUS MOBIL TP BILANGNYA BUAT ORANG YG KURANG MAMPU TP KNP KO DI INDONESIA MALAH DI BISNISKAN ITU MAMALUKAN SEKALI PADAHAL DI INDONESIA BEGITU BANYAK SEKALI PABRIK TEKTIL TP KO MASYARAKAT MALAH SENANG MEMAKAI BAJU BEKAS,sebenarnya barang pakain beka klo dri negara saudhi seluruh saudhi perjualkan karenabo setiap bln bln sekali mengambilnya kusu mobil bilangnya buat orang kurang mampu knp indonesia malah bisniskan mamalukan sekali padah indonesia begitu banyak sekali pabrik tektil masyarakat malah senang memakai baju beka
At9u_bDYIe0,@Parno-js9ov,"terus maju pak purbaya, tangkap orang2 yang korup, jangan takut dengan nama besar,",16,2025-10-29T20:31:37Z,terus maju pak purbaya tangkap orang2 yang korup jangan takut dengan nama besar,teru maju pak purbaya tangkap orang korup jangan takut nama besar
At9u_bDYIe0,@Jrlatip77,Buat gaduh bersih bersih pak perabowo pantas selalu dijegal biar leha leha majuterus masarakat selalu Manto biar yangkaya korop si biarsetara jelata biar nyoyor yangmiskin sudah capek melihat kekayakan korop si biar merongos.,1,2025-10-29T20:26:04Z,Buat gaduh bersih bersih pak perabowo pantas selalu dijegal biar leha leha majuterus masarakat selalu Manto biar yangkaya korop si biarsetara jelata biar nyoyor yangmiskin sudah capek melihat kekayakan korop si biar merongos,buat gaduh bersih bersih pak perabowo panta selalu dijeg biar leha leha majuteru masarakat selalu manto biar yangkaya korop biarsetara jelata biar nyoyor yangmiskin capek melihat kekayakan korop biar merongo
At9u_bDYIe0,@RukmanMail,UNDANG UNDANG PERAMPASAN ASET HARUS SEGERA DI SAHKAN. DEMI MELINDUNGI MENJAGA DAN MENGAMANKAN KE KAYAAN ALAM DEMI RAYAT DAN NEGARA INDONESIA DARI PARA MAPIA/KORUPSI.,54,2025-10-29T20:05:08Z,UNDANG UNDANG PERAMPASAN ASET HARUS SEGERA DI SAHKAN DEMI MELINDUNGI MENJAGA DAN MENGAMANKAN KE KAYAAN ALAM DEMI RAYAT DAN NEGARA INDONESIA DARI PARA MAPIA KORUPSI,undang undang perampasan aset haru segera sahkan demi melindungi menjaga mengamankan kayaan alam demi rayat negara indonesia para mapia korupsi
At9u_bDYIe0,@izzroil44,di kantong jokowi masih ada 11ribu triliun 😂😂,3,2025-10-29T19:08:58Z,di kantong jokowi masih ada 11ribu triliun,kantong jokowi masih ribu triliun
At9u_bDYIe0,@adisswasono,werisan era jokowi😢,10,2025-10-29T18:05:15Z,werisan era jokowi,werisan era jokowi
At9u_bDYIe0,@PiyeDul,😎RUU Perampasan Aset itu obat paling mujarrabbb utk meyembuhkan penyakit kronis korupsi & mafia2 apapun ! yg terjadi di Indonesia.. ane suangattt2 mendukung Prabowo Pa Amran Pa Menkeu dg langkah2nya yg berani dan brilian demi rakyatnya.. Tapi alangkah lebih afdol jika ada diperkuat dg disahkannya RUU Perampasan Aset itu lebih2 Josss Gandosss Lagi.. 👍👍👍👍👍👍🇲🇨🇲🇨🇲🇨🇲🇨🇲🇨🇲🇨,3,2025-10-29T17:03:53Z,RUU Perampasan Aset itu obat paling mujarrabbb utk meyembuhkan penyakit kronis korupsi mafia2 apapun yg terjadi di Indonesia ane suangattt2 mendukung Prabowo Pa Amran Pa Menkeu dg langkah2nya yg berani dan brilian demi rakyatnya Tapi alangkah lebih afdol jika ada diperkuat dg disahkannya RUU Perampasan Aset itu lebih2 Josss Gandosss Lagi,ruu perampasan aset obat pale mujarrabbb meyembuhkan penyakit kroni korupsi mafia apapun terjadi indonesia ane suangattt mendukung prabowo amran menkeu langkahnya berani brilian demi rakyatnya alangkah lebih afdol diperkuat disahkannya ruu perampasan aset lebih josss gandosss
At9u_bDYIe0,@bobpaing6938,Mobil mewah juga bekas pak  dan motor mewah,19,2025-10-29T16:03:52Z,Mobil mewah juga bekas pak dan motor mewah,mobil mewah beka pak motor mewah
At9u_bDYIe0,@DadikIrwanSantosa,SRI MULYANI 10 TAHUN KERJA APA??? KORUPSI DI KEMENTRIAN NYA GILA2 AN MALAH PAJAK YG DI GALAKAN....,16,2025-10-29T16:01:04Z,SRI MULYANI 10 TAHUN KERJA APA KORUPSI DI KEMENTRIAN NYA GILA2 AN MALAH PAJAK YG DI GALAKAN,sri mulyani tahun kerja apa korupsi kementrian nya gila malah pajak galakan
At9u_bDYIe0,@amrizaldatuk804,"Selama masa Sri Mulyani sangat parah, byk kasus besar peg kemenkeu seperti Gayus dll. Kelemahan SMI adalah kurangnya pengawasan dan melindungi org2 internalnya",31,2025-10-29T13:31:57Z,Selama masa Sri Mulyani sangat parah byk kasus besar peg kemenkeu seperti Gayus dll Kelemahan SMI adalah kurangnya pengawasan dan melindungi org2 internalnya,masa sri mulyani sangat parah byk kasu besar peg kemenkeu seperti gayu kelemahan smi kurangnya pengawasan melindungi org internalnya
At9u_bDYIe0,@amrizaldatuk804,miss invoicing sejak thn 2014 ? siapa presidennya?,9,2025-10-29T13:01:44Z,miss invoicing sejak thn 2014 siapa presidennya,miss invoic thn siapa presidennya
H7NnXaQkG4w,@KarMuji-nc6ij,Makannya hidup maha jangan pada kebanyakan gaya dah .pengen terlihat bagus pake barang import .woi produk lokal Mao kemanain kalo selalu import .yg bener lah jadi pemimpin. Noh Iran kaga ada takut2nya Ama Amerika tapi bisa berdiri sendiri tanpa barat 💪✊👏... Maklum negara kuat diamah Persia,0,2025-11-15T15:07:20Z,Makannya hidup maha jangan pada kebanyakan gaya dah pengen terlihat bagus pake barang import woi produk lokal Mao kemanain kalo selalu import yg bener lah jadi pemimpin Noh Iran kaga ada takut2nya Ama Amerika tapi bisa berdiri sendiri tanpa barat Maklum negara kuat diamah Persia,makannya hidup maha jangan kebanyakan gaya dah pengen terlihat bagu pake barang import woi produk lokal mao kemanain kalo selalu import bener lah jadi pemimpin noh iran kaga takutnya ama amerika bisa berdiri sendiri tanpa barat maklum negara kuat diamah persia
H7NnXaQkG4w,@ahmadfaizin4016,"lagi"" bea cukai, memang lembaga yang satu ini sangat perlu di bereskan, kayaknya cuma ada mafia saja nih di bea cukai kenapa? karena personilnya rata"" titipan rezim brengsek dan berkoloni bikin dinasti, reformasi total !, biarkan putra"" daerah yang jujur dan kredibel menggantikanya saatnya sistem koruptor kita tumbangkan",0,2025-11-15T14:11:40Z,lagi bea cukai memang lembaga yang satu ini sangat perlu di bereskan kayaknya cuma ada mafia saja nih di bea cukai kenapa karena personilnya rata titipan rezim brengsek dan berkoloni bikin dinasti reformasi total biarkan putra daerah yang jujur dan kredibel menggantikanya saatnya sistem koruptor kita tumbangkan,bea cukai memang lembaga satu sangat perlu bereskan kayaknya cuma mafia nih bea cukai kenapa personilnya rata titipan rezim brengsek berkoloni bikin dinasti reformasi total biarkan putra daerah jujur kredibel menggantikanya saatnya sistem koruptor tumbangkan
H7NnXaQkG4w,@Kia_Linas998,"ga bisa sih kalo menteri periksa menteri ,  bisa kalo DPR yg interogerasi menteri , tapi kita semua tau DPR kita kayak gimana , AAAH LAGI-LAGI DPR , ",0,2025-11-15T06:00:57Z,ga bisa sih kalo menteri periksa menteri bisa kalo DPR yg interogerasi menteri tapi kita semua tau DPR kita kayak gimana AAAH LAGI LAGI DPR,bisa sih kalo menteri periksa menteri bisa kalo dpr interogerasi menteri semua tau dpr kayak gimana aaah dpr
H7NnXaQkG4w,@taufiksaveme,"rakus "" ya ampun dah",0,2025-11-14T03:47:35Z,rakus ya ampun dah,raku ampun dah
H7NnXaQkG4w,@Maradikakehidupan,"DISKUSI BUAT ANGKA 1000 TRILYUN, SIAPA YG MEMBUAT ANGKA SETORKAN KE NEGARA, BIAR JADI PEDOMAN, DATA JGN ASAL2 BUAT ANGKALAH JELASKAN DASAR MEMBUAT DAN YANG DI NYATAKAN INI BARANG APA SAJA YG DATANYA BENAR2 REAL, JGN BUAT RAKYAT TERKEJUT TAPI DATA TAK BISA DITELUSURI, BIAR KITA INI JGN JADI BANGSA TDK GO INTERNASIONAL JGN BANGSA LOKAL YG BUAT DATA TAK BISA TELUSUR,.. BANGSA BAR2 SEMUA SERU TAPI TAK BISA DITELUSURI.. , BANGSA ABAL2 NAMANYA DATANYA DIANGAN2 YA... CLEARKAN DATA DAN ISU MEMANG MAMPU TELUSUR...",0,2025-11-13T11:56:21Z,DISKUSI BUAT ANGKA 1000 TRILYUN SIAPA YG MEMBUAT ANGKA SETORKAN KE NEGARA BIAR JADI PEDOMAN DATA JGN ASAL2 BUAT ANGKALAH JELASKAN DASAR MEMBUAT DAN YANG DI NYATAKAN INI BARANG APA SAJA YG DATANYA BENAR2 REAL JGN BUAT RAKYAT TERKEJUT TAPI DATA TAK BISA DITELUSURI BIAR KITA INI JGN JADI BANGSA TDK GO INTERNASIONAL JGN BANGSA LOKAL YG BUAT DATA TAK BISA TELUSUR BANGSA BAR2 SEMUA SERU TAPI TAK BISA DITELUSURI BANGSA ABAL2 NAMANYA DATANYA DIANGAN2 YA CLEARKAN DATA DAN ISU MEMANG MAMPU TELUSUR,diskusi buat angka trilyun siapa membuat angka setorkan negara biar jadi pedoman data jgn asal buat angkalah jelaskan dasar membuat nyatakan barang apa datanya benar real jgn buat rakyat terkejut data tak bisa ditelusuri biar jgn jadi bangsa internasion jgn bangsa lokal buat data tak bisa telusur bangsa bar semua seru tak bisa ditelusuri bangsa abal namanya datanya diangan clearkan data isu memang mampu telusur
H7NnXaQkG4w,@bumiwangi69,"Asal muasalnya kan yg buat kebijakannya kemaren dpt gelar pahlawan, toh pondasi kuat budaya koruptor dipupuk dari masa orba",1,2025-11-12T14:44:13Z,Asal muasalnya kan yg buat kebijakannya kemaren dpt gelar pahlawan toh pondasi kuat budaya koruptor dipupuk dari masa orba,asal muasalnya kan buat kebijakannya kemaren dpt gelar pahlawan toh pondasi kuat budaya koruptor dipupuk masa orba
H7NnXaQkG4w,@LangatHulu-n1t,Maling semua pak bear cukai,0,2025-11-12T07:24:22Z,Maling semua pak bear cukai,male semua pak bear cukai
H7NnXaQkG4w,@spom049,Gak perlu ke antartika kejar koruptor wo wo depan hidung mu itu bejibun maling,0,2025-11-12T01:34:10Z,Gak perlu ke antartika kejar koruptor wo wo depan hidung mu itu bejibun maling,gak perlu antartika kejar koruptor depan hidung bejibun male
H7NnXaQkG4w,@TiniHartinah-j8i,Gibran bisa apa  planta plongo,0,2025-11-11T12:47:35Z,Gibran bisa apa planta plongo,gibran bisa apa planta plongo
H7NnXaQkG4w,@SapardiAhmad,Impor pakaian bekas itu sudah sangat meresahkan pelaku UMKM.,0,2025-11-11T09:05:31Z,Impor pakaian bekas itu sudah sangat meresahkan pelaku UMKM,impor pakaian beka sangat meresahkan pelaku umkm
H7NnXaQkG4w,@KoyongsekayuKoyong,Ganti ajah kepalah beacukai.ganti ibususi.mentri perdagangan ganti ahok,0,2025-11-11T07:45:55Z,Ganti ajah kepalah beacukai ganti ibususi mentri perdagangan ganti ahok,ganti ajah kepalah beacukai ganti ibususi mentri perdagangan ganti ahok
H7NnXaQkG4w,@MohsandiHidayat13,",,Kok C Bablil  🎉😊😊 mazih.aktif..katanya.mau.   Di gantti.?? 3:45",0,2025-11-11T02:35:52Z,Kok C Bablil mazih aktif katanya mau Di gantti 3 45,kok bablil mazih aktif katanya mau gantti
H7NnXaQkG4w,@RahasiaKehidupanIslami,"gila donk.... semua semua tugas purbaya donk kalo gini.. harusnya kan mentri yang lain yak... ada mentri perdagangan untuk urus2 trifting dan import, ada mentri pertanian untuk sawit, tapi gua percaya sih purbaya jadi presiden jauh lebih baik daripada si wowo",0,2025-11-10T13:23:54Z,gila donk semua semua tugas purbaya donk kalo gini harusnya kan mentri yang lain yak ada mentri perdagangan untuk urus2 trifting dan import ada mentri pertanian untuk sawit tapi gua percaya sih purbaya jadi presiden jauh lebih baik daripada si wowo,gila donk semua semua tuga purbaya donk kalo gini harusnya kan mentri lain yak mentri perdagangan uru trift import mentri pertanian sawit gua percaya sih purbaya jadi presiden jauh lebih baik daripada wowo
H7NnXaQkG4w,@Oppoa7sAziz,"Menteri Menkeu, punya  caranya sendiri broo, untuk kerja nya, bukan cuma omon2 saja, untuk tindak mafia di Indonesia ini.",0,2025-11-10T11:03:16Z,Menteri Menkeu punya caranya sendiri broo untuk kerja nya bukan cuma omon2 saja untuk tindak mafia di Indonesia ini,menteri menkeu punya caranya sendiri broo kerja nya bukan cuma omon tindak mafia indonesia
H7NnXaQkG4w,@ramahadiyono3297,"Ini baru menteri kerja sungguh sungguh, menteri menteri yang lain mana?",0,2025-11-10T10:22:08Z,Ini baru menteri kerja sungguh sungguh menteri menteri yang lain mana,baru menteri kerja sungguh sungguh menteri menteri lain
H7NnXaQkG4w,@antonanton4493,"Pemerintah harus lebih tegas akan hal ini demi kehidupan UKM yang jual barang yang berbasis legal...
Seharusnya sampai pedagang yang jual ilegal harus di tindak tegas karena mereka mengetahui bahwa yang di jual itu ilegal",0,2025-11-09T16:25:23Z,Pemerintah harus lebih tegas akan hal ini demi kehidupan UKM yang jual barang yang berbasis legal Seharusnya sampai pedagang yang jual ilegal harus di tindak tegas karena mereka mengetahui bahwa yang di jual itu ilegal,pemerintah haru lebih tega hal demi kehidupan ukm jual barang berbasi legal seharusnya pedagang jual ileg haru tindak tega mengetahui jual ileg
H7NnXaQkG4w,@lateupload,kuncinya si bea cukai,0,2025-11-09T15:59:31Z,kuncinya si bea cukai,kuncinya bea cukai
H7NnXaQkG4w,@satriaali-fh4sb,Mantap bung Nursy,0,2025-11-09T10:36:40Z,Mantap bung Nursy,mantap bung nursi
H7NnXaQkG4w,@awanmegamendung8338,"selalu ada yg mau meluruskan kerusakan sistem walaupun dirinya terancam.
padahal dia sendiri tidak mendapatkan apapun karena sudah berkecukupan.
itulah murni karena perjuangan.
gerilya di zaman modern, zaman penjajahan model baru.",0,2025-11-08T23:12:05Z,selalu ada yg mau meluruskan kerusakan sistem walaupun dirinya terancam padahal dia sendiri tidak mendapatkan apapun karena sudah berkecukupan itulah murni karena perjuangan gerilya di zaman modern zaman penjajahan model baru,selalu mau meluruskan kerusakan sistem walaupun dirinya terancam padah sendiri tidak mendapatkan apapun berkecukupan itulah murni perjuangan gerilya zaman modern zaman penjajahan model baru
H7NnXaQkG4w,@muhammadyunus6273,Mulyani dulu saya kira kamu hebat ternyata belum apa apa di bandingkan purbaya,0,2025-11-08T07:39:36Z,Mulyani dulu saya kira kamu hebat ternyata belum apa apa di bandingkan purbaya,mulyani dulu kira hebat ternyata belum apa apa bandingkan purbaya
H7NnXaQkG4w,@peeman-n3b,Pantesan Negara miskin trs... Ternyata selama ini koruptor bersenang²,0,2025-11-08T04:19:13Z,Pantesan Negara miskin trs Ternyata selama ini koruptor bersenang,pantesan negara miskin tr ternyata koruptor bersenang
H7NnXaQkG4w,@bozzdicky,sahkan uu perampasan aset koruptor,0,2025-11-08T04:00:23Z,sahkan uu perampasan aset koruptor,sahkan perampasan aset koruptor
H7NnXaQkG4w,@AliMudin-d1g,"bea cukai yg  di pimpin oleh danjen kopasussus jendral bintang 3,,tapi tidak punya gigi ,,,tolong pak presiden prabowo ganti lagi kepala bea cukai,sepertinya kepala bea cukai belum mampu bekerja sebagai kepala bea cukai,,,padahal dia bintang 3 dari danjen kopassus..tapi tidak langsung beradaptasi di bea cukai, bea cukai adalah biang kerok export imoort,tapi kepala bea cukai hanya di bohongi anak buahnya di lapangan,,,inti utamanya kepala bea cukai tidak bisa bekerja,karena masih di bohongi anak buahnya yg ada di lapangan,..",0,2025-11-08T01:54:45Z,bea cukai yg di pimpin oleh danjen kopasussus jendral bintang 3 tapi tidak punya gigi tolong pak presiden prabowo ganti lagi kepala bea cukai sepertinya kepala bea cukai belum mampu bekerja sebagai kepala bea cukai padahal dia bintang 3 dari danjen kopassus tapi tidak langsung beradaptasi di bea cukai bea cukai adalah biang kerok export imoort tapi kepala bea cukai hanya di bohongi anak buahnya di lapangan inti utamanya kepala bea cukai tidak bisa bekerja karena masih di bohongi anak buahnya yg ada di lapangan,bea cukai pimpin danjen kopasussu jendral bintang tidak punya gigi tolong pak presiden prabowo ganti kepala bea cukai sepertinya kepala bea cukai belum mampu bekerja sebagai kepala bea cukai padah bintang danjen kopassu tidak langsung beradaptasi bea cukai bea cukai biang kerok export imoort kepala bea cukai hanya bohongi anak buahnya lapangan inti utamanya kepala bea cukai tidak bisa bekerja masih bohongi anak buahnya lapangan
H7NnXaQkG4w,@sendiri_kopi,"Pas yang dilakukan dulu sama bu susi.
Tenggelam kan,
Kami Indonesia punya harga diri maruah bangsa.

Jangan ada kata maaf bagi pelanggaran
Jangan ada pemutihan",0,2025-11-06T01:11:10Z,Pas yang dilakukan dulu sama bu susi Tenggelam kan Kami Indonesia punya harga diri maruah bangsa Jangan ada kata maaf bagi pelanggaran Jangan ada pemutihan,pa dilakukan dulu sama susi tenggelam kan kami indonesia punya harga diri maruah bangsa jangan kata maaf bagi pelanggaran jangan pemutihan
H7NnXaQkG4w,@Samsuri-o5v,"Masarat juga kita awasi,jangan mau Nerima suap.
Dpr kita gempur lagi biar UUD perampasan aset segera disahkan.",0,2025-11-05T22:13:54Z,Masarat juga kita awasi jangan mau Nerima suap Dpr kita gempur lagi biar UUD perampasan aset segera disahkan,masarat awasi jangan mau nerima suap dpr gempur biar uud perampasan aset segera disahkan
H7NnXaQkG4w,@Samsuri-o5v,"Kalau ada partai yang terlibat,kita gembosin pemilu mendatang
Kita publikasikan kemasarakat basar2an.",0,2025-11-05T22:09:04Z,Kalau ada partai yang terlibat kita gembosin pemilu mendatang Kita publikasikan kemasarakat basar2an,kalau partai terlibat gembosin pemilu mendatang publikasikan kemasarakat basaran
H7NnXaQkG4w,@Samsuri-o5v,"Mengerikan !!!! Rakyat harus bangkit diblakang Purbaya,pasangbadan untuk presiden Prabowo.",10,2025-11-05T22:05:27Z,Mengerikan Rakyat harus bangkit diblakang Purbaya pasangbadan untuk presiden Prabowo,mengerikan rakyat haru bangkit diblakang purbaya pasangbadan presiden prabowo
H7NnXaQkG4w,@ekodarminto999,Bukan hanya baju bekas saja pak semua yang terindikasi penyeludupan barang yang masuk ke Indonesia,0,2025-11-05T11:10:40Z,Bukan hanya baju bekas saja pak semua yang terindikasi penyeludupan barang yang masuk ke Indonesia,bukan hanya baju beka pak semua terindikasi penyeludupan barang masuk indonesia
H7NnXaQkG4w,@iriantodaeman4658,"Nggk bisa bang...wewenang purbaya sgt terbatas, beliau hanya anak buah..
klo' presiden.nya plin.plan purbaya nggk bs apa2 jg...dengar aja apa omon2 prabowo ttg solusi KA whoos...ujung2nya bayar utang pk APBN jg kan...",0,2025-11-05T06:49:11Z,Nggk bisa bang wewenang purbaya sgt terbatas beliau hanya anak buah klo presiden nya plin plan purbaya nggk bs apa2 jg dengar aja apa omon2 prabowo ttg solusi KA whoos ujung2nya bayar utang pk APBN jg kan,nggk bisa bang wewenang purbaya sgt terbata beliau hanya anak buah klo presiden nya plin plan purbaya nggk apa dengar aja apa omon prabowo ttg solusi whoo ujungnya bayar utang apbn kan
H7NnXaQkG4w,@Mudhar-p2o,"pak,mafia dan koruptor tdk akan jerah kalao tdk di hukum mati +asetnya disita,baru orang seperti tersebut itu kami percaya tdk akan lainnya ada yg bisa menerulag.,....efek jera",0,2025-11-05T05:27:10Z,pak mafia dan koruptor tdk akan jerah kalao tdk di hukum mati asetnya disita baru orang seperti tersebut itu kami percaya tdk akan lainnya ada yg bisa menerulag efek jera,pak mafia koruptor jerah kalao hukum mati asetnya disita baru orang seperti tersebut kami percaya lainnya bisa menerulag efek jera
H7NnXaQkG4w,@husnitamrin6549,Klo mentri periksa mentri itu bagus jd jlas gamblang..tp ad mentri yg ngancam lo..klo mengusik dia mka tamat,0,2025-11-05T00:08:11Z,Klo mentri periksa mentri itu bagus jd jlas gamblang tp ad mentri yg ngancam lo klo mengusik dia mka tamat,klo mentri periksa mentri bagu jla gamblang mentri ngancam klo mengusik mka tamat
H7NnXaQkG4w,@RadenMas671,Lepas krn duit,0,2025-11-04T15:52:28Z,Lepas krn duit,lepa krn duit
H7NnXaQkG4w,@Wild_Camel_M2734,"Kan kata ciopung sang Ketua Penasehat,  ya kalau mau jujur di surga manti. 
Sekarang ya curang curang nggak apa apa.
BAGAIMANA MEMPERBAIKI COORPORATE CULTURE YANG BERSIPAT KKN?? 
Kalau prabowo ingin negara makun baik, ganti Zulhas, Luhut, Bahlul, Airlangga segera. Refirmasi Kepolisian, Jagung, Mahkanah agung dàn KPK",0,2025-11-04T14:16:37Z,Kan kata ciopung sang Ketua Penasehat ya kalau mau jujur di surga manti Sekarang ya curang curang nggak apa apa BAGAIMANA MEMPERBAIKI COORPORATE CULTURE YANG BERSIPAT KKN Kalau prabowo ingin negara makun baik ganti Zulhas Luhut Bahlul Airlangga segera Refirmasi Kepolisian Jagung Mahkanah agung dn KPK,kan kata ciopung sang ketua penasehat kalau mau jujur surga manti sekarang curang curang nggak apa apa bagaimana memperbaiki coorpor cultur bersipat kkn kalau prabowo ingin negara makun baik ganti zulha luhut bahlul airlangga segera refirmasi kepolisian jagung mahkanah agung kpk
H7NnXaQkG4w,@Rian123-f7f,tolonhg di selidiki semua pak purbaya..baik dari tambang tambang ilegal dan kelapa sawit kita,0,2025-11-04T12:17:24Z,tolonhg di selidiki semua pak purbaya baik dari tambang tambang ilegal dan kelapa sawit kita,tolonhg selidiki semua pak purbaya baik tambang tambang ileg kelapa sawit
H7NnXaQkG4w,@VivoTapin-f2f,"Ayu rakyat Indonesia hrs mlwan ,mndukung ,brntas korupsi smpai hbs ,agar Indonesia makmur sejahtera",1,2025-11-04T01:12:15Z,Ayu rakyat Indonesia hrs mlwan mndukung brntas korupsi smpai hbs agar Indonesia makmur sejahtera,ayu rakyat indonesia hr mlwan mndukung brnta korupsi smpai hb indonesia makmur sejahtera
H7NnXaQkG4w,@Wong_Tjilik,"GEMBONG MAFIA NYA ADA DI OKNUM2 ELIT PEJABAT LINGKARAN PENGUASA : INILAH PAGAR MAKAN TANAMAN: MENTAL SUDAH NYUNGSEP PARA ELIT POLITIK, PEJABAT, PEMIMPIN DAERAH !!!!",0,2025-11-04T00:41:37Z,GEMBONG MAFIA NYA ADA DI OKNUM2 ELIT PEJABAT LINGKARAN PENGUASA INILAH PAGAR MAKAN TANAMAN MENTAL SUDAH NYUNGSEP PARA ELIT POLITIK PEJABAT PEMIMPIN DAERAH,gembong mafia nya oknum elit pejabat lingkaran penguasa inilah pagar makan tanaman mental nyungsep para elit politik pejabat pemimpin daerah
H7NnXaQkG4w,@Hambasahaya8691,"Prof Mahfud kalo masuk Pemerintahan bahaya, karena dia hutang budi sama LBP... jadi pasti segan..",0,2025-11-04T00:38:13Z,Prof Mahfud kalo masuk Pemerintahan bahaya karena dia hutang budi sama LBP jadi pasti segan,prof mahfud kalo masuk pemerintahan bahaya hutang budi sama lbp jadi pasti segan
H7NnXaQkG4w,@MuhammadDermawan-y9b,"Mantap pak menkeu Purbaya rakyat mndukung kinerja BPK Brantas habis mafia"" dn para koruptor",0,2025-11-04T00:25:38Z,Mantap pak menkeu Purbaya rakyat mndukung kinerja BPK Brantas habis mafia dn para koruptor,mantap pak menkeu purbaya rakyat mndukung kinerja bpk branta habi mafia para koruptor
H7NnXaQkG4w,@HalWani-of1vw,Semoga semua menteri jokwi segera di ganti sdh terlalu lama menjabat,0,2025-11-03T23:46:07Z,Semoga semua menteri jokwi segera di ganti sdh terlalu lama menjabat,semoga semua menteri jokwi segera ganti terlalu lama menjabat
H7NnXaQkG4w,@HalWani-of1vw,Mantaaaaap tapi carikan solusi rakya yg bekerja sebagai penjual baju bekas,0,2025-11-03T23:44:09Z,Mantaaaaap tapi carikan solusi rakya yg bekerja sebagai penjual baju bekas,mantaaaaap carikan solusi rakya bekerja sebagai penjual baju beka
H7NnXaQkG4w,@imammoencar1235,"koq ngomong sekarang  min min ,",0,2025-11-03T13:44:39Z,koq ngomong sekarang min min,koq ngomong sekarang min min
H7NnXaQkG4w,@citrapangaribuan9981,amin,0,2025-11-03T10:41:05Z,amin,amin
H7NnXaQkG4w,@UserMasMov,Itu jaman Jokowi ada orang yang melindungi mavia dan Menku nya beda tapi sekarang beda yang salah ya di adili beres,0,2025-11-03T10:13:21Z,Itu jaman Jokowi ada orang yang melindungi mavia dan Menku nya beda tapi sekarang beda yang salah ya di adili beres,jaman jokowi orang melindungi mavia menku nya beda sekarang beda salah adili bere
H7NnXaQkG4w,@HendoraHendri,Bagus analisa nya ...,0,2025-11-03T09:26:19Z,Bagus analisa nya,bagu analisa nya
H7NnXaQkG4w,@kanankiri3471,Oknum bea cukai sering ibadah tapi doyan duit haram.,0,2025-11-03T02:37:52Z,Oknum bea cukai sering ibadah tapi doyan duit haram,oknum bea cukai sere ibadah doyan duit haram
H7NnXaQkG4w,@gondezgondez-1649,10.000 trilyun bisa untuk bantu negara melunasi hutang2,0,2025-11-03T01:23:37Z,10 000 trilyun bisa untuk bantu negara melunasi hutang2,trilyun bisa bantu negara melunasi hutang
H7NnXaQkG4w,@hijrahsaputra5123,Seperti Sri Mulyani seharusnya di tangkap tapi apa yg terjadi di diamkan hhhh padahal mantan Menkeu adalah sumbernya negara terlilit hutang dan rakyat miskin,1,2025-11-03T01:20:54Z,Seperti Sri Mulyani seharusnya di tangkap tapi apa yg terjadi di diamkan hhhh padahal mantan Menkeu adalah sumbernya negara terlilit hutang dan rakyat miskin,seperti sri mulyani seharusnya tangkap apa terjadi diamkan hhhh padah mantan menkeu sumbernya negara terlilit hutang rakyat miskin
H7NnXaQkG4w,@rcsamsung2745,POTONG SATU GENERASI GANTI SEMUANYA DI BEA CUKAI DR DIRJEN SAMPAI LAPANGAN COPOT SEMUA GANTI2 AYO BERSIH2,0,2025-11-02T14:04:43Z,POTONG SATU GENERASI GANTI SEMUANYA DI BEA CUKAI DR DIRJEN SAMPAI LAPANGAN COPOT SEMUA GANTI2 AYO BERSIH2,potong satu generasi ganti semuanya bea cukai dirjen lapangan copot semua ganti ayo bersih
H7NnXaQkG4w,@mbantumanten3075,"Ngomong pasokan kurang padahal
Milik petani gk keserap demi impor dan untuk komisi  uang",0,2025-11-02T04:52:17Z,Ngomong pasokan kurang padahal Milik petani gk keserap demi impor dan untuk komisi uang,ngomong pasokan kurang padah milik petani keserap demi impor komisi uang
H7NnXaQkG4w,@iwayandarta8765,Permainan  antara penguasa yang berwenang dengan mafia import juga dengan  petugas bea cukai kesalahannya dilindungi  penguasa    !,0,2025-11-02T03:05:03Z,Permainan antara penguasa yang berwenang dengan mafia import juga dengan petugas bea cukai kesalahannya dilindungi penguasa,permainan antara penguasa berwenang mafia import petuga bea cukai kesalahannya dilindungi penguasa
H7NnXaQkG4w,@Arkanza45,"Pantesan saya liat org bea cukai kaya kaya ternyata begitu cara nya. Aduh kebayang hidup dalam negara tapi di ancurin sendiri org bea cukai, gimana kalo di hukum mati aja org org begitu.",0,2025-11-02T01:14:07Z,Pantesan saya liat org bea cukai kaya kaya ternyata begitu cara nya Aduh kebayang hidup dalam negara tapi di ancurin sendiri org bea cukai gimana kalo di hukum mati aja org org begitu,pantesan liat org bea cukai kaya kaya ternyata begitu cara nya aduh kebayang hidup negara ancurin sendiri org bea cukai gimana kalo hukum mati aja org org begitu
H7NnXaQkG4w,@GoestyWirasastra,"Aneh bin ajaib, negara yg konon kaya raya, tapi jadi tempat pembuangan limbah/sampah dari negara lain, IRONI dan IRONI",0,2025-11-01T23:49:19Z,Aneh bin ajaib negara yg konon kaya raya tapi jadi tempat pembuangan limbah sampah dari negara lain IRONI dan IRONI,aneh bin ajaib negara konon kaya raya jadi tempat pembuangan limbah sampah negara lain ironi ironi
H7NnXaQkG4w,@monkeydomonkeysee5891,"Kalo koar koar kayak gini kapan di tangkap nya keburu kabur 
😅",0,2025-11-01T14:25:49Z,Kalo koar koar kayak gini kapan di tangkap nya keburu kabur,kalo koar koar kayak gini kapan tangkap nya keburu kabur
H7NnXaQkG4w,@heruschannel5055,Mafia pejabat hitam,0,2025-11-01T13:15:38Z,Mafia pejabat hitam,mafia pejabat hitam
H7NnXaQkG4w,@geovani867,Pak Prabowo Subianto mohon diberikan kuasa kepada pak Purbaya untuk memilih Mentri perdagangan dan Mentri perekonomian. Agar sejalan pemerintah bapak untuk Indonesia maju.,0,2025-11-01T12:38:50Z,Pak Prabowo Subianto mohon diberikan kuasa kepada pak Purbaya untuk memilih Mentri perdagangan dan Mentri perekonomian Agar sejalan pemerintah bapak untuk Indonesia maju,pak prabowo subianto mohon diberikan kuasa kepada pak purbaya memilih mentri perdagangan mentri perekonomian sejalan pemerintah bapak indonesia maju
H7NnXaQkG4w,@AkhnanPamungkas,Rakyat susah karna dikorupsi pejabat pemerintah,0,2025-11-01T12:35:36Z,Rakyat susah karna dikorupsi pejabat pemerintah,rakyat susah karna dikorupsi pejabat pemerintah
H7NnXaQkG4w,@SaritoSarito-x5y,"😂😂disaat MENKEU yg dulu mungkin kasus macam² gini byk yg lolos,, harusnya tangkap proses jgn sampe ada beking² macam ginian.",0,2025-11-01T11:17:11Z,disaat MENKEU yg dulu mungkin kasus macam gini byk yg lolos harusnya tangkap proses jgn sampe ada beking macam ginian,disaat menkeu dulu mungkin kasu macam gini byk lolo harusnya tangkap prose jgn samp beke macam ginian
H7NnXaQkG4w,@OmSendi88,Kenapa hanya Pak Purbaya yg bertindak kenapa yg.lain Ekonom yg jago jago dan berkoar koar di podh cash dan TV yg jago jago tidak bertindak baru lkut lkut skrg setelah NKRI hampir kolep...mestinya kompak kalo lngin Selamatkan NKRI secara lkhlas dan Tulus serta tegas dan berani kenapa hanya Pak Purbaya saja .dan Pak Purbaya harus memeriksa Sri Mul sepertinya dia lah biang keroknya..Sikat habis semuanya Pak Purbaya jangan kasih Ampun....,0,2025-11-01T11:00:44Z,Kenapa hanya Pak Purbaya yg bertindak kenapa yg lain Ekonom yg jago jago dan berkoar koar di podh cash dan TV yg jago jago tidak bertindak baru lkut lkut skrg setelah NKRI hampir kolep mestinya kompak kalo lngin Selamatkan NKRI secara lkhlas dan Tulus serta tegas dan berani kenapa hanya Pak Purbaya saja dan Pak Purbaya harus memeriksa Sri Mul sepertinya dia lah biang keroknya Sikat habis semuanya Pak Purbaya jangan kasih Ampun,kenapa hanya pak purbaya bertindak kenapa lain ekonom jago jago berkoar koar podh cash jago jago tidak bertindak baru lkut lkut skrg nkri hampir kolep mestinya kompak kalo lngin selamatkan nkri secara lkhla tulu serta tega berani kenapa hanya pak purbaya pak purbaya haru memeriksa sri mul sepertinya lah biang keroknya sikat habi semuanya pak purbaya jangan kasih ampun
H7NnXaQkG4w,@SonyIreng-r4u,BERLAKUKAN KEMBALI UU SUBVERSI...!!,0,2025-11-01T10:28:34Z,BERLAKUKAN KEMBALI UU SUBVERSI,berlakukan kembali subversi
H7NnXaQkG4w,@PRNT-ID,"KENAPA DI CUT PERNYATAAN DARI PAK IHSAN NURSI? PADAHAL ITU PENTING, ATAU METRO MENGANGGAP ITU HOAX?",0,2025-11-01T08:50:05Z,KENAPA DI CUT PERNYATAAN DARI PAK IHSAN NURSI PADAHAL ITU PENTING ATAU METRO MENGANGGAP ITU HOAX,kenapa cut pernyataan pak ihsan nursi padah pent metro menganggap hoax
H7NnXaQkG4w,@mnagari-wg1tt,MAJU TERUS. KEJAR SEMUA UANG2 NEGARA YG DIGARON  G. BUAT KESEJAHTERAAN RAKYAT. BUAT BAYAR UTANG NEGARA. RAKYAT MENDUKUNG. BUANG TIKUS2 KE TENGAH LAUT. IKAN HIU BUTUH MAKAN.,0,2025-11-01T08:28:00Z,MAJU TERUS KEJAR SEMUA UANG2 NEGARA YG DIGARON G BUAT KESEJAHTERAAN RAKYAT BUAT BAYAR UTANG NEGARA RAKYAT MENDUKUNG BUANG TIKUS2 KE TENGAH LAUT IKAN HIU BUTUH MAKAN,maju teru kejar semua uang negara digaron buat kesejahteraan rakyat buat bayar utang negara rakyat mendukung buang tiku tengah laut ikan hiu butuh makan
H7NnXaQkG4w,@kulonprogo5473,Alfamart Indomart dibatasi pak.satu kabupateb cukup satu.baru umkm bs hidup,0,2025-11-01T06:01:40Z,Alfamart Indomart dibatasi pak satu kabupateb cukup satu baru umkm bs hidup,alfamart indomart dibatasi pak satu kabupateb cukup satu baru umkm hidup
H7NnXaQkG4w,@dr.marwansetiawan4890,"*TUNJANGAN PEJABAT DAERAH DAN ETIKA PENGELOLAAN INSENTIF DALAM PERPEKTIF KEADILAN DAN HUKUM ISLAM*

Yayasan Jamiiyyatul Ulum Almarwani

Pendahuluan
Pejabat daerah memiliki tanggung jawab besar dalam menjalankan roda pemerintahan, mengatur pembangunan, dan memberikan pelayanan kepada masyarakat. Sebagai bentuk penghargaan atas tanggung jawab dan beban kerja tersebut, negara memberikan tunjangan jabatan dan fasilitas resmi sesuai dengan ketentuan hukum. Namun, persoalan muncul ketika terdapat insentif tambahan di luar aturan resmi, misalnya sebagian penerimaan yang bersumber dari pajak kendaraan bermotor (R-2, R-4, R-6, dan sebagainya) dialihkan sebagai bonus atau “imbalan kinerja” kepada pejabat tertentu.

Pertanyaan moral dan keagamaan pun timbul: apakah bentuk insentif semacam ini termasuk halal atau haram, terutama jika dirasakan merugikan atau menzalimi rakyat?

Tinjauan Yuridis dan Administratif
Dalam sistem hukum Indonesia, tunjangan pejabat daerah diatur secara ketat melalui peraturan perundang-undangan, antara lain:
1. Undang-Undang Nomor 23 Tahun 2014 tentang Pemerintahan Daerah,
2. Peraturan Pemerintah Nomor 58 Tahun 2005 tentang Pengelolaan Keuangan Daerah, dan
3. Permendagri Nomor 13 Tahun 2006 tentang Pedoman Pengelolaan Keuangan Daerah.

Semua penghasilan pejabat daerah termasuk gaji, tunjangan, dan fasilitas harus ditetapkan melalui APBD (Anggaran Pendapatan dan Belanja Daerah) yang disetujui bersama DPRD dan kepala daerah. Setiap bentuk penerimaan di luar APBD, apalagi bersumber dari pos pajak rakyat tanpa dasar hukum yang sah, dapat dikategorikan sebagai pelanggaran administrasi dan bahkan tindak korupsi.

Dengan demikian, secara hukum negara, insentif yang diambil dari sumber pajak publik tanpa dasar hukum tidak dapat dibenarkan karena berpotensi menyalahi prinsip akuntabilitas dan keadilan fiskal.

Perspektif Etika dan Hukum Islam
Dalam pandangan Islam, pengelolaan harta publik memiliki kedudukan yang sangat sakral. Rasulullah SAW bersabda:“Barang siapa yang kami pekerjakan untuk suatu urusan, lalu ia menyembunyikan (mengambil) sesuatu di luar haknya, maka itu adalah ghulul (pengkhianatan).” (HR. Muslim)

Ghulul berarti mengambil bagian dari harta publik yang bukan haknya. Dalam konteks ini, insentif atau tambahan dari pajak kendaraan bermotor yang tidak ditetapkan secara sah dan transparan termasuk dalam kategori harta yang syubhat, bahkan bisa haram apabila:
1. Tidak ditetapkan berdasarkan peraturan resmi,
2. Tidak mendapat persetujuan rakyat (melalui DPRD), dan
3. Memberatkan masyarakat secara tidak proporsional.

Islam menegaskan bahwa pemimpin adalah “ra’in” (penggembala) yang akan dimintai pertanggungjawaban atas amanah rakyatnya. Setiap rupiah dari pajak yang dibayarkan rakyat adalah titipan yang harus dikelola dengan adil, bukan sumber keuntungan pribadi.

Dampak Sosial dan Moral
Jika pejabat menerima insentif tambahan dari dana pajak secara tidak sah, hal ini menimbulkan beberapa dampak negatif:
1. Menurunnya kepercayaan publik terhadap pemerintah daerah.
2. Kesenjangan sosial antara pejabat dan rakyat semakin lebar.
3. Pencemaran moral birokrasi, karena contoh yang buruk akan diikuti oleh aparatur di bawahnya.
3. Tertutupnya peluang pemerintahan yang bersih (good governance) karena adanya praktik “pembenaran moral” terhadap hal yang tidak semestinya.

Prinsip Ideal: Transparansi dan Amanah
Dalam Islam, prinsip pengelolaan keuangan publik harus memenuhi nilai:
1. Amanah (integritas): tidak mengambil sesuatu yang bukan haknya.
2. Adel (keadilan): memastikan kebijakan fiskal tidak membebani rakyat kecil.
3. Syura (musyawarah): setiap kebijakan keuangan harus disetujui bersama lembaga perwakilan rakyat.
4. Maslahah (kemaslahatan): penggunaan dana publik harus membawa manfaat nyata bagi masyarakat luas.

Dengan demikian, tunjangan pejabat daerah yang ditetapkan secara resmi dan transparan adalah halal dan sah, sedangkan insentif tambahan di luar ketentuan, apalagi dari pajak kendaraan rakyat, berpotensi menjadi haram karena mengandung unsur ketidakadilan dan penyelewengan amanah.

Penutup
Tunjangan pejabat daerah adalah hak yang sah bila sesuai aturan. Namun, bila pejabat mencari keuntungan tambahan dari pajak rakyat tanpa dasar hukum, maka perbuatan tersebut dapat dikategorikan sebagai tindakan tidak etis, menzalimi masyarakat, dan haram menurut hukum Islam.
Pemimpin sejati bukan yang memperkaya diri dari uang publik, melainkan yang menjadikan kekuasaan sebagai sarana ibadah dan pengabdian kepada Allah SWT serta kesejahteraan rakyatnya.
Demikian semoga pemimpin kita diselamatkan oleh Allah SWT.",0,2025-10-31T23:19:36Z,TUNJANGAN PEJABAT DAERAH DAN ETIKA PENGELOLAAN INSENTIF DALAM PERPEKTIF KEADILAN DAN HUKUM ISLAM Yayasan Jamiiyyatul Ulum Almarwani Pendahuluan Pejabat daerah memiliki tanggung jawab besar dalam menjalankan roda pemerintahan mengatur pembangunan dan memberikan pelayanan kepada masyarakat Sebagai bentuk penghargaan atas tanggung jawab dan beban kerja tersebut negara memberikan tunjangan jabatan dan fasilitas resmi sesuai dengan ketentuan hukum Namun persoalan muncul ketika terdapat insentif tambahan di luar aturan resmi misalnya sebagian penerimaan yang bersumber dari pajak kendaraan bermotor R 2 R 4 R 6 dan sebagainya dialihkan sebagai bonus atau imbalan kinerja kepada pejabat tertentu Pertanyaan moral dan keagamaan pun timbul apakah bentuk insentif semacam ini termasuk halal atau haram terutama jika dirasakan merugikan atau menzalimi rakyat Tinjauan Yuridis dan Administratif Dalam sistem hukum Indonesia tunjangan pejabat daerah diatur secara ketat melalui peraturan perundang undangan antara lain 1 Undang Undang Nomor 23 Tahun 2014 tentang Pemerintahan Daerah 2 Peraturan Pemerintah Nomor 58 Tahun 2005 tentang Pengelolaan Keuangan Daerah dan 3 Permendagri Nomor 13 Tahun 2006 tentang Pedoman Pengelolaan Keuangan Daerah Semua penghasilan pejabat daerah termasuk gaji tunjangan dan fasilitas harus ditetapkan melalui APBD Anggaran Pendapatan dan Belanja Daerah yang disetujui bersama DPRD dan kepala daerah Setiap bentuk penerimaan di luar APBD apalagi bersumber dari pos pajak rakyat tanpa dasar hukum yang sah dapat dikategorikan sebagai pelanggaran administrasi dan bahkan tindak korupsi Dengan demikian secara hukum negara insentif yang diambil dari sumber pajak publik tanpa dasar hukum tidak dapat dibenarkan karena berpotensi menyalahi prinsip akuntabilitas dan keadilan fiskal Perspektif Etika dan Hukum Islam Dalam pandangan Islam pengelolaan harta publik memiliki kedudukan yang sangat sakral Rasulullah SAW bersabda Barang siapa yang kami pekerjakan untuk suatu urusan lalu ia menyembunyikan mengambil sesuatu di luar haknya maka itu adalah ghulul pengkhianatan HR Muslim Ghulul berarti mengambil bagian dari harta publik yang bukan haknya Dalam konteks ini insentif atau tambahan dari pajak kendaraan bermotor yang tidak ditetapkan secara sah dan transparan termasuk dalam kategori harta yang syubhat bahkan bisa haram apabila 1 Tidak ditetapkan berdasarkan peraturan resmi 2 Tidak mendapat persetujuan rakyat melalui DPRD dan 3 Memberatkan masyarakat secara tidak proporsional Islam menegaskan bahwa pemimpin adalah rain penggembala yang akan dimintai pertanggungjawaban atas amanah rakyatnya Setiap rupiah dari pajak yang dibayarkan rakyat adalah titipan yang harus dikelola dengan adil bukan sumber keuntungan pribadi Dampak Sosial dan Moral Jika pejabat menerima insentif tambahan dari dana pajak secara tidak sah hal ini menimbulkan beberapa dampak negatif 1 Menurunnya kepercayaan publik terhadap pemerintah daerah 2 Kesenjangan sosial antara pejabat dan rakyat semakin lebar 3 Pencemaran moral birokrasi karena contoh yang buruk akan diikuti oleh aparatur di bawahnya 3 Tertutupnya peluang pemerintahan yang bersih good governance karena adanya praktik pembenaran moral terhadap hal yang tidak semestinya Prinsip Ideal Transparansi dan Amanah Dalam Islam prinsip pengelolaan keuangan publik harus memenuhi nilai 1 Amanah integritas tidak mengambil sesuatu yang bukan haknya 2 Adel keadilan memastikan kebijakan fiskal tidak membebani rakyat kecil 3 Syura musyawarah setiap kebijakan keuangan harus disetujui bersama lembaga perwakilan rakyat 4 Maslahah kemaslahatan penggunaan dana publik harus membawa manfaat nyata bagi masyarakat luas Dengan demikian tunjangan pejabat daerah yang ditetapkan secara resmi dan transparan adalah halal dan sah sedangkan insentif tambahan di luar ketentuan apalagi dari pajak kendaraan rakyat berpotensi menjadi haram karena mengandung unsur ketidakadilan dan penyelewengan amanah Penutup Tunjangan pejabat daerah adalah hak yang sah bila sesuai aturan Namun bila pejabat mencari keuntungan tambahan dari pajak rakyat tanpa dasar hukum maka perbuatan tersebut dapat dikategorikan sebagai tindakan tidak etis menzalimi masyarakat dan haram menurut hukum Islam Pemimpin sejati bukan yang memperkaya diri dari uang publik melainkan yang menjadikan kekuasaan sebagai sarana ibadah dan pengabdian kepada Allah SWT serta kesejahteraan rakyatnya Demikian semoga pemimpin kita diselamatkan oleh Allah SWT,tunjangan pejabat daerah etika pengelolaan insentif perpektif keadilan hukum islam yayasan jamiiyyatul ulum almarwani pendahuluan pejabat daerah memiliki tanggung jawab besar menjalankan roda pemerintahan mengatur pembangunan memberikan pelayanan kepada masyarakat sebagai bentuk penghargaan ata tanggung jawab beban kerja tersebut negara memberikan tunjangan jabatan fasilita resmi sesuai ketentuan hukum persoalan muncul terdapat insentif tambahan luar aturan resmi misalnya sebagian penerimaan bersumb pajak kendaraan bermotor sebagainya dialihkan sebagai bonu imbalan kinerja kepada pejabat tertentu pertanyaan moral keagamaan pun timbul apakah bentuk insentif semacam termasuk halal haram terutama dirasakan merugikan menzalimi rakyat tinjauan yuridi administratif sistem hukum indonesia tunjangan pejabat daerah diatur secara ketat melalui peraturan perundang undangan antara lain undang undang nomor tahun tentang pemerintahan daerah peraturan pemerintah nomor tahun tentang pengelolaan keuangan daerah permendagri nomor tahun tentang pedoman pengelolaan keuangan daerah semua penghasilan pejabat daerah termasuk gaji tunjangan fasilita haru ditetapkan melalui apbd anggaran pendapatan belanja daerah disetujui bersama dprd kepala daerah setiap bentuk penerimaan luar apbd apalagi bersumb po pajak rakyat tanpa dasar hukum sah dapat dikategorikan sebagai pelanggaran administrasi bahkan tindak korupsi demikian secara hukum negara insentif diambil sumber pajak publik tanpa dasar hukum tidak dapat dibenarkan berpotensi menyalahi prinsip akuntabilita keadilan fiskal perspektif etika hukum islam pandangan islam pengelolaan harta publik memiliki kedudukan sangat sakral rasulullah saw bersabda barang siapa kami pekerjakan suatu urusan lalu menyembunyikan mengambil sesuatu luar haknya maka ghulul pengkhianatan muslim ghulul berarti mengambil bagian harta publik bukan haknya kontek insentif tambahan pajak kendaraan bermotor tidak ditetapkan secara sah transparan termasuk kategori harta syubhat bahkan bisa haram tidak ditetapkan berdasarkan peraturan resmi tidak mendapat persetujuan rakyat melalui dprd memberatkan masyarakat secara tidak proporsion islam menegaskan pemimpin rain penggembala dimintai pertanggungjawaban ata amanah rakyatnya setiap rupiah pajak dibayarkan rakyat titipan haru dikelola adil bukan sumber keuntungan pribadi dampak sosial moral pejabat menerima insentif tambahan dana pajak secara tidak sah hal menimbulkan beberapa dampak negatif menurunnya kepercayaan publik terhadap pemerintah daerah kesenjangan sosial antara pejabat rakyat semakin lebar pencemaran moral birokrasi contoh buruk diikuti aparatur bawahnya tertutupnya peluang pemerintahan bersih good govern adanya praktik pembenaran moral terhadap hal tidak semestinya prinsip ideal transparansi amanah islam prinsip pengelolaan keuangan publik haru memenuhi nilai amanah integrita tidak mengambil sesuatu bukan haknya adel keadilan memastikan kebijakan fiskal tidak membebani rakyat kecil syura musyawarah setiap kebijakan keuangan haru disetujui bersama lembaga perwakilan rakyat maslahah kemaslahatan penggunaan dana publik haru membawa manfaat nyata bagi masyarakat lua demikian tunjangan pejabat daerah ditetapkan secara resmi transparan halal sah sedangkan insentif tambahan luar ketentuan apalagi pajak kendaraan rakyat berpotensi menjadi haram mengandung unsur ketidakadilan penyelewengan amanah penutup tunjangan pejabat daerah hak sah sesuai aturan pejabat mencari keuntungan tambahan pajak rakyat tanpa dasar hukum maka perbuatan tersebut dapat dikategorikan sebagai tindakan tidak eti menzalimi masyarakat haram menurut hukum islam pemimpin sejati bukan memperkaya diri uang publik melainkan menjadikan kekuasaan sebagai sarana ibadah pengabdian kepada allah swt serta kesejahteraan rakyatnya demikian semoga pemimpin diselamatkan allah swt
H7NnXaQkG4w,@gsambada4893,Bahaya mafia Media metro yg mengangkat Jokowi secara nerlebihan,0,2025-10-31T22:59:21Z,Bahaya mafia Media metro yg mengangkat Jokowi secara nerlebihan,bahaya mafia media metro mengangkat jokowi secara nerlebihan
H7NnXaQkG4w,@RudiEstelley,Tumben si BOTAK Irsan ini benar omongannya,0,2025-10-31T21:18:44Z,Tumben si BOTAK Irsan ini benar omongannya,tumben botak irsan benar omongannya
H7NnXaQkG4w,@FatiraFitrirahmandani,Negara hancur krn pemerintanya sekke kpd rakyatnya,0,2025-10-31T13:29:11Z,Negara hancur krn pemerintanya sekke kpd rakyatnya,negara hancur krn pemerintanya sekk kpd rakyatnya
H7NnXaQkG4w,@icalove6067,Ayok masyarakat awasi periksa para pengendali kebijakan kebijakan yg tidak menguntungkan,0,2025-10-31T11:23:07Z,Ayok masyarakat awasi periksa para pengendali kebijakan kebijakan yg tidak menguntungkan,ayok masyarakat awasi periksa para pengendali kebijakan kebijakan tidak menguntungkan
H7NnXaQkG4w,@Ekaswati-ok5qj,"Ya Pantesan Pabrik Terktil Pada Pailit! 
Puluhan Tenaga Kerja Pada hilang Pekerja,Anya.
Ternyata Para Pelaksana Birokrasinya Tikus got sama hantu semua.",1,2025-10-31T10:30:26Z,Ya Pantesan Pabrik Terktil Pada Pailit Puluhan Tenaga Kerja Pada hilang Pekerja Anya Ternyata Para Pelaksana Birokrasinya Tikus got sama hantu semua,pantesan pabrik terktil pailit puluhan tenaga kerja hilang pekerja anya ternyata para pelaksana birokrasinya tiku got sama hantu semua
H7NnXaQkG4w,@lismaryam9390,"Semoga pak ichsan panjang umur, sehat selalu...tetap semangat mengkritisi",23,2025-10-31T09:57:03Z,Semoga pak ichsan panjang umur sehat selalu tetap semangat mengkritisi,semoga pak ichsan panjang umur sehat selalu tetap semangat mengkritisi
H7NnXaQkG4w,@abanarifin-mt6yz,"Seharusnya Bung IKSAN yg Cocok jadi Mentri perdagangan,👍👍👍",14,2025-10-31T09:50:20Z,Seharusnya Bung IKSAN yg Cocok jadi Mentri perdagangan,seharusnya bung iksan cocok jadi mentri perdagangan
H7NnXaQkG4w,@duliduli7909,Tertahan bisa terlepas 😅😅😅😅😅😅😅😅artinya ada pelicin bos 😅😅😅😅😅😅😅😅,1,2025-10-31T08:59:10Z,Tertahan bisa terlepas artinya ada pelicin bos,tertahan bisa terlepa artinya pelicin bo
H7NnXaQkG4w,@agushs8784,"Walaupun pendeta atau ustad ditugaskan di bea cukai dan pajak itu, akan tetap bocor😂😂😂 termasuk pengamat ini akan terpengaruh.. Itulah hebatnya uang... mata akan merah melihat uang",0,2025-10-31T06:45:07Z,Walaupun pendeta atau ustad ditugaskan di bea cukai dan pajak itu akan tetap bocor termasuk pengamat ini akan terpengaruh Itulah hebatnya uang mata akan merah melihat uang,walaupun pendeta ustad ditugaskan bea cukai pajak tetap bocor termasuk pengamat terpengaruh itulah hebatnya uang mata merah melihat uang
H7NnXaQkG4w,@Misbahul-,Mau masukin baju bekas ke RI sebanyak mungkin😂😂😂😅biar hancur UMKM.....negara urus masalah sampah aja g beres2....gmn gak hancur lebur usaha,0,2025-10-31T04:26:26Z,Mau masukin baju bekas ke RI sebanyak mungkinbiar hancur UMKM negara urus masalah sampah aja g beres2 gmn gak hancur lebur usaha,mau masukin baju beka sebanyak mungkinbiar hancur umkm negara uru masalah sampah aja bere gmn gak hancur lebur usaha
H7NnXaQkG4w,@MarsudiAmd,"Rubah aja aturan, yg melanggar tangkap",0,2025-10-31T03:44:34Z,Rubah aja aturan yg melanggar tangkap,rubah aja aturan melanggar tangkap
H7NnXaQkG4w,@alexsalapan6329,"Ini AWALNYA ulah si ZUKIFLI HASAN (Mentri Perdagangan zaman JOKOWI).
Dia yg BIKIN ATURAN agar IMPOR ILLEGAL itu BOLEH",0,2025-10-31T02:49:36Z,Ini AWALNYA ulah si ZUKIFLI HASAN Mentri Perdagangan zaman JOKOWI Dia yg BIKIN ATURAN agar IMPOR ILLEGAL itu BOLEH,awalnya ulah zukifli hasan mentri perdagangan zaman jokowi bikin aturan impor illeg boleh
H7NnXaQkG4w,@Tenjoleat,"Dengan hadirnya pa purbaya,Sekarang rakyat mulai punya mimpi dan harapan.",0,2025-10-31T01:34:36Z,Dengan hadirnya pa purbaya Sekarang rakyat mulai punya mimpi dan harapan,hadirnya purbaya sekarang rakyat mulai punya mimpi harapan
H7NnXaQkG4w,@muddinlimbong3742,"Berarti selama jaman jokowidodo, sampai saat ini pk prabowa, mentri perdagangan, Kok ngk ada eksien kerjanya, apa mungkin memelihara ilegal keluar masuk barang dgn sengaja? Mentri perdagangan penting serius di kpk kan(di periksa).",0,2025-10-31T00:17:59Z,Berarti selama jaman jokowidodo sampai saat ini pk prabowa mentri perdagangan Kok ngk ada eksien kerjanya apa mungkin memelihara ilegal keluar masuk barang dgn sengaja Mentri perdagangan penting serius di kpk kan di periksa,berarti jaman jokowidodo saat prabowa mentri perdagangan kok ngk eksien kerjanya apa mungkin memelihara ileg keluar masuk barang sengaja mentri perdagangan pent seriu kpk kan periksa
H7NnXaQkG4w,@STORY_SUPERPERSON,Kejujurannya nurudin... Tooop,0,2025-10-30T23:01:15Z,Kejujurannya nurudin Tooop,kejujurannya nurudin tooop
H7NnXaQkG4w,@gibrantv4254,Baju bekas juga byk peminat 😂😂,0,2025-10-30T15:52:50Z,Baju bekas juga byk peminat,baju beka byk peminat
H7NnXaQkG4w,@muhammadmursal6298,BENAR 100.000 %,0,2025-10-30T15:20:25Z,BENAR 100 000,benar
H7NnXaQkG4w,@sahilhanifmuazzar5299,Semoga Pak Ikhsan d panggil Pak Prabowo untuk membantu kerja Pak Purbaya kalau melihat dari pengetahuan dan kepribadian nya.,0,2025-10-30T15:03:00Z,Semoga Pak Ikhsan d panggil Pak Prabowo untuk membantu kerja Pak Purbaya kalau melihat dari pengetahuan dan kepribadian nya,semoga pak ikhsan panggil pak prabowo membantu kerja pak purbaya kalau melihat pengetahuan kepribadian nya
H7NnXaQkG4w,@sahilhanifmuazzar5299,Mantap  hajar,0,2025-10-30T14:58:24Z,Mantap hajar,mantap hajar
H7NnXaQkG4w,@newtechnology7181,Bisa jadi Pejabatnya berubah menjadi mafia yang tak sadar diri membuat kebijakan melawan hukum,0,2025-10-30T14:58:20Z,Bisa jadi Pejabatnya berubah menjadi mafia yang tak sadar diri membuat kebijakan melawan hukum,bisa jadi pejabatnya berubah menjadi mafia tak sadar diri membuat kebijakan melawan hukum
H7NnXaQkG4w,@burungmbahkung,Demi keamanan Pak purbaya harus dapat pengawalan khusus,0,2025-10-30T14:45:47Z,Demi keamanan Pak purbaya harus dapat pengawalan khusus,demi keamanan pak purbaya haru dapat pengawalan khusu
H7NnXaQkG4w,@nopnopp7,mantap gas terus pak... jangan biarkan mafia dan elit politik mencuri uang rakyat,0,2025-10-30T14:38:41Z,mantap gas terus pak jangan biarkan mafia dan elit politik mencuri uang rakyat,mantap ga teru pak jangan biarkan mafia elit politik mencuri uang rakyat
H7NnXaQkG4w,@AsmanAsman-p7c,Setelah Menkeu di era Jokowi lengser dan pak Purbaya datang rakyat mata nya terbuka.betapa bobrok nya di era presiden jokowi,0,2025-10-30T13:42:30Z,Setelah Menkeu di era Jokowi lengser dan pak Purbaya datang rakyat mata nya terbuka betapa bobrok nya di era presiden jokowi,menkeu era jokowi lengser pak purbaya datang rakyat mata nya terbuka betapa bobrok nya era presiden jokowi
H7NnXaQkG4w,@inodohc1404,dgn alasan buat keuntungan sosia uang negara di hambur hamburkan klo gini terus kapan negara bisa maju untung bpk presiden waspada klo bisa semua elemen harus kompak lawan pemborosan,0,2025-10-30T12:57:28Z,dgn alasan buat keuntungan sosia uang negara di hambur hamburkan klo gini terus kapan negara bisa maju untung bpk presiden waspada klo bisa semua elemen harus kompak lawan pemborosan,alasan buat keuntungan sosia uang negara hambur hamburkan klo gini teru kapan negara bisa maju untung bpk presiden waspada klo bisa semua elemen haru kompak lawan pemborosan
H7NnXaQkG4w,@MurhabanBatam,Bagaimana dgn keberadaan indomaret Alfamart juga mematikan UMKM di masyrakat tolong di repormasi di samping itu konsumen kalau belanja kantong kresek minta tambahan harga 300  rupiah,0,2025-10-30T12:44:19Z,Bagaimana dgn keberadaan indomaret Alfamart juga mematikan UMKM di masyrakat tolong di repormasi di samping itu konsumen kalau belanja kantong kresek minta tambahan harga 300 rupiah,bagaimana keberadaan indomaret alfamart mematikan umkm masyrakat tolong repormasi samp konsumen kalau belanja kantong kresek minta tambahan harga rupiah
H7NnXaQkG4w,@LindaS-z1n,P PURBAYA rakyat bersamamu.. Sehat selalu Pak,0,2025-10-30T12:20:19Z,P PURBAYA rakyat bersamamu Sehat selalu Pak,purbaya rakyat bersamamu sehat selalu pak
H7NnXaQkG4w,@wahyuseven518,Pemeriksaan menri lain urusan KPK lah ..masa purbaya suruh usut,0,2025-10-30T12:18:09Z,Pemeriksaan menri lain urusan KPK lah masa purbaya suruh usut,pemeriksaan menri lain urusan kpk lah masa purbaya suruh usut
H7NnXaQkG4w,@MhdkhalidPmh,INTINYA MEDIA PERS HARUS LEBIH BANYAK MENGUSUT TUNTAS SETIAP PEMBERITAAN & JGN KALAH DENGAN MEDIA SOSIA,0,2025-10-30T12:12:43Z,INTINYA MEDIA PERS HARUS LEBIH BANYAK MENGUSUT TUNTAS SETIAP PEMBERITAAN JGN KALAH DENGAN MEDIA SOSIA,intinya media per haru lebih banyak mengusut tunta setiap pemberitaan jgn kalah media sosia
H7NnXaQkG4w,@MinthiSarminthi,Indonesia semua ada kenapa inporl ..,0,2025-10-30T11:58:30Z,Indonesia semua ada kenapa inporl,indonesia semua kenapa inporl
H7NnXaQkG4w,@refauziemran8648,"Di putih kan saja, sama dengan tipo saliro, itu kan adat Jawa, akhirnya semua nya ngak jelas aturan main nya.",0,2025-10-30T10:49:25Z,Di putih kan saja sama dengan tipo saliro itu kan adat Jawa akhirnya semua nya ngak jelas aturan main nya,putih kan sama tipo saliro kan adat jawa akhirnya semua nya ngak jela aturan main nya
H7NnXaQkG4w,@KucingSora,Ganti mentri perekonomian nya sama menteri perdagangan nya,0,2025-10-30T09:44:49Z,Ganti mentri perekonomian nya sama menteri perdagangan nya,ganti mentri perekonomian nya sama menteri perdagangan nya
H7NnXaQkG4w,@afarerumara200,Fuad Bawazier jadi menteri ketika saya masih SMP,0,2025-10-30T09:39:45Z,Fuad Bawazier jadi menteri ketika saya masih SMP,fuad bawazi jadi menteri masih smp
H7NnXaQkG4w,@RamitoRamlan-mt5pj,Mantaf Bro . Sikat Habis Mafia nya . Jangan Takut Maju Terus Pantang Mundur .,6,2025-10-30T09:08:07Z,Mantaf Bro Sikat Habis Mafia nya Jangan Takut Maju Terus Pantang Mundur,mantaf bro sikat habi mafia nya jangan takut maju teru pantang mundur
H7NnXaQkG4w,@NengahKonder,"IND sejahtera?.
Prabowo harus bentuk ""dewan revolusi"".",0,2025-10-30T06:20:04Z,IND sejahtera Prabowo harus bentuk dewan revolusi,ind sejahtera prabowo haru bentuk dewan revolusi
H7NnXaQkG4w,@rofinadau8405,Mantan menkeu gak bisa  ngatasin,0,2025-10-30T05:43:58Z,Mantan menkeu gak bisa ngatasin,mantan menkeu gak bisa ngatasin
H7NnXaQkG4w,@rofinadau8405,Bea Cukai banyak tikus got,0,2025-10-30T05:42:08Z,Bea Cukai banyak tikus got,bea cukai banyak tiku got
H7NnXaQkG4w,@rofinadau8405,Satu kata negara ini di kuasai MAFIA kelas kakap & KORUPTOR,0,2025-10-30T05:41:20Z,Satu kata negara ini di kuasai MAFIA kelas kakap KORUPTOR,satu kata negara kuasai mafia kela kakap koruptor
H7NnXaQkG4w,@mastolatole6207,Kalau ada pejabat atau orang yg terhubung dgn partai takkan sependapat dgn para analisis krn dia itu juga bagian dr mafia itu sendiri.,0,2025-10-30T05:22:58Z,Kalau ada pejabat atau orang yg terhubung dgn partai takkan sependapat dgn para analisis krn dia itu juga bagian dr mafia itu sendiri,kalau pejabat orang terhubung partai takkan sependapat para analisi krn bagian mafia sendiri
H7NnXaQkG4w,@WahyudiYudistiraYudi,Emng bener kalau ekspor impor itu bea cukai yg  atur keluar masuk barang ke negara..bea cukai nya kalau otak nya  eror tidak akan beres,1,2025-10-30T05:19:19Z,Emng bener kalau ekspor impor itu bea cukai yg atur keluar masuk barang ke negara bea cukai nya kalau otak nya eror tidak akan beres,emng bener kalau ekspor impor bea cukai atur keluar masuk barang negara bea cukai nya kalau otak nya eror tidak bere
H7NnXaQkG4w,@dendiskustyawarno6669,"Ijin berpendapat saya dari masyarakat bodoh😅, 
Sistem pemerintahan di negara Indonesia sudah di buat canggih dll tapi dilanggar sendiri, terus kesalahan kesalahan di maklumi. Akhirnya jadi kultur budaya.
KAMI BUTUH PEMIMPIN ING NGARSO SUNG TULODHO ING MADYO MANGUN KARSO TUT WURI HANDAYANI.",1,2025-10-30T05:12:30Z,Ijin berpendapat saya dari masyarakat bodoh Sistem pemerintahan di negara Indonesia sudah di buat canggih dll tapi dilanggar sendiri terus kesalahan kesalahan di maklumi Akhirnya jadi kultur budaya KAMI BUTUH PEMIMPIN ING NGARSO SUNG TULODHO ING MADYO MANGUN KARSO TUT WURI HANDAYANI,ijin berpendapat masyarakat bodoh sistem pemerintahan negara indonesia buat canggih dilanggar sendiri teru kesalahan kesalahan maklumi akhirnya jadi kultur budaya kami butuh pemimpin ing ngarso sung tulodho ing madyo mangun karso tut wuri handayani
H7NnXaQkG4w,@SayyidRBahyudiMuhammadWahyuddi,"Satu ajah bisa sikat 10.000 T lama lama hutang Indonesia dibawah kepemimpinan bapak presiden RI Prabowo Subianto bisa lunas jangka 2 tahun ini mah dan stop hutang LG.
Dan buat yg merasa bikin hutang RI selama 10 tahun ke belakang,kalo Indonesia sudah bersih dan hutang,demi Alloh anda Oknum oknum kaga usah baik baikin pak Prabowo Subianto dan jangan ngomong di publik di media sosial seolah kaga punya Dosa karena merasa aman baik adem sejahtera Indonesia ku(nanti saat LG begini oknum2 jangan bicara SPT yg sy larang).
Saya paling jago membaca akurasi dan akurat hal disaat baik Oknum oknum bakal ngomong seperti apa?
diSaat ekonomi RI tidak baik baik saja para oknum merapat ke para munafik para oknum koruptor.
Intinya buat yang merasa ajah yaitu Oknum TDK usah bicara di publik nanti (2 tahun lagi/2028) disaat Indonesia makin baik adem sejahtera,jika benar dr skrg akhir 2025 menyita uang korupsi lebih dr 10.000 triliun dan terus mensita ber triliunan uang yg di korupsi koruptor maka kelak pasti makin indah 2028 setidaknya Hutang Indonesia lunas..apa yg ditinggalkan Jokowi 10 tahun'.

Jangan saat Indonesia baik makin indah eh oknum2 cari muka di presiden dan di publik media sosial,demi Alloh sy kaga ridho. Kalo mau Bener Bener baik depan belakang tidak munafik TDK manipulator ya dr skrg skrg saja✍️kamis 30 Oktober 2025",1,2025-10-30T04:08:04Z,Satu ajah bisa sikat 10 000 T lama lama hutang Indonesia dibawah kepemimpinan bapak presiden RI Prabowo Subianto bisa lunas jangka 2 tahun ini mah dan stop hutang LG Dan buat yg merasa bikin hutang RI selama 10 tahun ke belakang kalo Indonesia sudah bersih dan hutang demi Alloh anda Oknum oknum kaga usah baik baikin pak Prabowo Subianto dan jangan ngomong di publik di media sosial seolah kaga punya Dosa karena merasa aman baik adem sejahtera Indonesia ku nanti saat LG begini oknum2 jangan bicara SPT yg sy larang Saya paling jago membaca akurasi dan akurat hal disaat baik Oknum oknum bakal ngomong seperti apa diSaat ekonomi RI tidak baik baik saja para oknum merapat ke para munafik para oknum koruptor Intinya buat yang merasa ajah yaitu Oknum TDK usah bicara di publik nanti 2 tahun lagi 2028 disaat Indonesia makin baik adem sejahtera jika benar dr skrg akhir 2025 menyita uang korupsi lebih dr 10 000 triliun dan terus mensita ber triliunan uang yg di korupsi koruptor maka kelak pasti makin indah 2028 setidaknya Hutang Indonesia lunas apa yg ditinggalkan Jokowi 10 tahun Jangan saat Indonesia baik makin indah eh oknum2 cari muka di presiden dan di publik media sosial demi Alloh sy kaga ridho Kalo mau Bener Bener baik depan belakang tidak munafik TDK manipulator ya dr skrg skrg sajakamis 30 Oktober 2025,satu ajah bisa sikat lama lama hutang indonesia dibawah kepemimpinan bapak presiden prabowo subianto bisa luna jangka tahun mah stop hutang buat merasa bikin hutang tahun belakang kalo indonesia bersih hutang demi alloh anda oknum oknum kaga usah baik baikin pak prabowo subianto jangan ngomong publik media sosial seolah kaga punya dosa merasa aman baik adem sejahtera indonesia nanti saat begini oknum jangan bicara spt larang pale jago membaca akurasi akurat hal disaat baik oknum oknum bakal ngomong seperti apa disaat ekonomi tidak baik baik para oknum merapat para munafik para oknum koruptor intinya buat merasa ajah oknum usah bicara publik nanti tahun disaat indonesia makin baik adem sejahtera benar skrg akhir menyita uang korupsi lebih triliun teru mensita ber triliunan uang korupsi koruptor maka kelak pasti makin indah setidaknya hutang indonesia luna apa ditinggalkan jokowi tahun jangan saat indonesia baik makin indah oknum cari muka presiden publik media sosial demi alloh kaga ridho kalo mau bener bener baik depan belakang tidak munafik manipul skrg skrg sajakami oktob
H7NnXaQkG4w,@syarifuddinudin1992,Prabocor 11 12 dgn Jokowi...koruptor d ampuni kasihan KPD anak dan klrganya,1,2025-10-30T04:02:21Z,Prabocor 11 12 dgn Jokowi koruptor d ampuni kasihan KPD anak dan klrganya,prabocor jokowi koruptor ampuni kasihan kpd anak klrganya
H7NnXaQkG4w,@adriansyahpapa2356,Pejabat sudah jadi mafia bagaimana Indonesia bisa maju kalau tidak di besihkan pejabat yang berkelakuan Mafia,0,2025-10-30T03:55:20Z,Pejabat sudah jadi mafia bagaimana Indonesia bisa maju kalau tidak di besihkan pejabat yang berkelakuan Mafia,pejabat jadi mafia bagaimana indonesia bisa maju kalau tidak besihkan pejabat berkelakuan mafia
H7NnXaQkG4w,@orlandotigatv754,Kuncinya di beacukai..klau mafia nya bnyak disitu jngan harap berhenti barang ilegal,0,2025-10-30T03:48:33Z,Kuncinya di beacukai klau mafia nya bnyak disitu jngan harap berhenti barang ilegal,kuncinya beacukai klau mafia nya bnyak disitu jngan harap berhenti barang ileg
H7NnXaQkG4w,@Sugiono-69,Sdh saatnya pegawai bea cukai yg bagus kinerjanya diberi senjata api yg canggih,0,2025-10-30T03:45:37Z,Sdh saatnya pegawai bea cukai yg bagus kinerjanya diberi senjata api yg canggih,saatnya pegawai bea cukai bagu kinerjanya diberi senjata api canggih
H7NnXaQkG4w,@MichaelRodney-l6h,"udah baca belum? Purboyo bebaskan derah ngutang. Itu ada ribuan daeah di Indo. 

Suharto ngutang USD 68 miyar saja, USD naik tajam dari 1 US = Rp 7.5  jadi 1 USD = Rp 16.800 sehingga hutangnya naik gila2an dlm Rp. Ketika di minta pertanggung jawabannya, dia milih mati.

Lah ini ribuan kepala daerah di bebasin ngutang.

KPK, Kejaksaan, polisi dan hakim serta pengacara bakalan banjir duit dari kasus2 korupsi ribuan kepala daerah yg di bebasin ngutang.

Habis ngutang, ramai2 kabur ke negara tetangga.

Terus yg bayar siapa kalau kepala daerah korup ramai2?

Satu kepala negara saja INdo hutangnya sdh USd 450 milyar. Apalagi ini ribuan kepala daerah?

Kalau ribuan kepala daerah ngutang, siapa yg ngawasin oligkarhi dan regime Prabowo?

Rp 200 trilyun saja gak berbekas, apa lagi ini di bebasin suruh ngutang?",0,2025-10-30T02:58:09Z,udah baca belum Purboyo bebaskan derah ngutang Itu ada ribuan daeah di Indo Suharto ngutang USD 68 miyar saja USD naik tajam dari 1 US Rp 7 5 jadi 1 USD Rp 16 800 sehingga hutangnya naik gila2an dlm Rp Ketika di minta pertanggung jawabannya dia milih mati Lah ini ribuan kepala daerah di bebasin ngutang KPK Kejaksaan polisi dan hakim serta pengacara bakalan banjir duit dari kasus2 korupsi ribuan kepala daerah yg di bebasin ngutang Habis ngutang ramai2 kabur ke negara tetangga Terus yg bayar siapa kalau kepala daerah korup ramai2 Satu kepala negara saja INdo hutangnya sdh USd 450 milyar Apalagi ini ribuan kepala daerah Kalau ribuan kepala daerah ngutang siapa yg ngawasin oligkarhi dan regime Prabowo Rp 200 trilyun saja gak berbekas apa lagi ini di bebasin suruh ngutang,udah baca belum purboyo bebaskan derah ngutang ribuan daeah indo suharto ngutang usd miyar usd naik tajam jadi usd hutangnya naik gilaan dlm minta pertanggung jawabannya milih mati lah ribuan kepala daerah bebasin ngutang kpk kejaksaan polisi hakim serta pengacara bakalan banjir duit kasu korupsi ribuan kepala daerah bebasin ngutang habi ngutang ramai kabur negara tetangga teru bayar siapa kalau kepala daerah korup ramai satu kepala negara indo hutangnya usd milyar apalagi ribuan kepala daerah kalau ribuan kepala daerah ngutang siapa ngawasin oligkarhi regim prabowo trilyun gak berbeka apa bebasin suruh ngutang
H7NnXaQkG4w,@anyaniapele4654,Baju bekas impor bikin banyak dampak karena memang itu sampah2 luar negeri di jual di sini,0,2025-10-30T02:57:09Z,Baju bekas impor bikin banyak dampak karena memang itu sampah2 luar negeri di jual di sini,baju beka impor bikin banyak dampak memang sampah luar negeri jual sini
H7NnXaQkG4w,@italyshopmarosthrift9845,Kesimoulany semua ulah diperintahan jokowi,0,2025-10-30T02:38:21Z,Kesimoulany semua ulah diperintahan jokowi,kesimoulani semua ulah diperintahan jokowi
H7NnXaQkG4w,@miskel7568,Barang bekas diipor sama aja kita membeli sampah negara asing untuk diperjual belikan dinegara kita yang menguntungkan bagi importir karna kemampuan daya beli rakyat dipengaruhi oleh gaji dan pendapatan yang sangat sedikit menjadi pemicu minat beli barang bekas yang terjangkau walau bekas yang masih bagus dan layak pakai disini namun dinegara asalnya itu adalah sampah bagi mereka.,0,2025-10-30T02:32:12Z,Barang bekas diipor sama aja kita membeli sampah negara asing untuk diperjual belikan dinegara kita yang menguntungkan bagi importir karna kemampuan daya beli rakyat dipengaruhi oleh gaji dan pendapatan yang sangat sedikit menjadi pemicu minat beli barang bekas yang terjangkau walau bekas yang masih bagus dan layak pakai disini namun dinegara asalnya itu adalah sampah bagi mereka,barang beka diipor sama aja memb sampah negara ase diperju belikan dinegara menguntungkan bagi importir karna kemampuan daya beli rakyat dipengaruhi gaji pendapatan sangat sedikit menjadi pemicu minat beli barang beka terjangkau beka masih bagu layak pakai disini dinegara asalnya sampah bagi
H7NnXaQkG4w,@miskel7568,"Ternyata ohh ternyata penghancur industri tekstil di negara ini adalah mafia impor ilegal menjadi legal melalui pintu beacukai Indonesia,korbanya usaha kecil dan menengah memiliki pesaing dengan menjatuhkan harga jual produk tekstil Indonesia yang kurang pembeliinya.",0,2025-10-30T02:26:31Z,Ternyata ohh ternyata penghancur industri tekstil di negara ini adalah mafia impor ilegal menjadi legal melalui pintu beacukai Indonesia korbanya usaha kecil dan menengah memiliki pesaing dengan menjatuhkan harga jual produk tekstil Indonesia yang kurang pembeliinya,ternyata ohh ternyata penghancur industri tekstil negara mafia impor ileg menjadi legal melalui pintu beacukai indonesia korbanya usaha kecil menengah memiliki pesa menjatuhkan harga jual produk tekstil indonesia kurang pembeliinya
H7NnXaQkG4w,@agamputraputra8833,Mentri perdagangan dan aparat terlibat diperiksa juga,21,2025-10-30T01:56:36Z,Mentri perdagangan dan aparat terlibat diperiksa juga,mentri perdagangan aparat terlibat diperiksa
H7NnXaQkG4w,@kurirpolman,"Cocok memang bea cukai, KPK,POLRI,pengadilan,HAM,BPK, BUMN,PERINDUSTRIAN WAJIB DIBAWAH NAUNGAN PAK PURBAYA…. KALAU PERLU GANTI SEMUA PEGAWAINYA DIGANTI DENGAN ORG2 amanah.. banyak tuu yg bisa kerjakan yg takut korupsi salah satunya anak2 muda ex santri yg cerdas lean lincah dan ikhlas bekerja klu perlu turun tangan ganti mereka semua jalan satu2 nya 99% berhasil….",0,2025-10-30T01:27:29Z,Cocok memang bea cukai KPK POLRI pengadilan HAM BPK BUMN PERINDUSTRIAN WAJIB DIBAWAH NAUNGAN PAK PURBAYA KALAU PERLU GANTI SEMUA PEGAWAINYA DIGANTI DENGAN ORG2 amanah banyak tuu yg bisa kerjakan yg takut korupsi salah satunya anak2 muda ex santri yg cerdas lean lincah dan ikhlas bekerja klu perlu turun tangan ganti mereka semua jalan satu2 nya 99 berhasil,cocok memang bea cukai kpk polri pengadilan ham bpk bumn perindustrian wajib dibawah naungan pak purbaya kalau perlu ganti semua pegawainya diganti org amanah banyak tuu bisa kerjakan takut korupsi salah satunya anak muda santri cerda lean lincah ikhla bekerja klu perlu turun tangan ganti semua jalan satu nya berhasil
H7NnXaQkG4w,@TonoDjumartono-po8rd,Sikat elite politik moral bejat.😅,1,2025-10-30T00:59:03Z,Sikat elite politik moral bejat,sikat elit politik moral bejat
H7NnXaQkG4w,@XaliLello,untuk mengatasi impor baju bekas sebaiknya kita harus memperbaiki. kualitas produksi kita misalnya 1 kualitas tekstilnya. 2 kualitas kompeksinya. mksh,1,2025-10-30T00:45:43Z,untuk mengatasi impor baju bekas sebaiknya kita harus memperbaiki kualitas produksi kita misalnya 1 kualitas tekstilnya 2 kualitas kompeksinya mksh,mengatasi impor baju beka sebaiknya haru memperbaiki kualita produksi misalnya kualita tekstilnya kualita kompeksinya mksh
H7NnXaQkG4w,@RafiArrasyid-br7gf,JOKOWI LAH MAFIA BESARNYA,1,2025-10-30T00:26:35Z,JOKOWI LAH MAFIA BESARNYA,jokowi lah mafia besarnya
H7NnXaQkG4w,@audione6219,"Setuju yang disampaikan pak Ichsan Nurdin Noorsy, Purbaya didepan  kamera jago cuap2 dan menikmati ketenarannya didukung netizen  dengan gaya koboinya, tapi instansi di kementriannya masih berantakan  apalagi bea cukai sampai saat ini belum ada tindakan nyata",1,2025-10-30T00:24:19Z,Setuju yang disampaikan pak Ichsan Nurdin Noorsy Purbaya didepan kamera jago cuap2 dan menikmati ketenarannya didukung netizen dengan gaya koboinya tapi instansi di kementriannya masih berantakan apalagi bea cukai sampai saat ini belum ada tindakan nyata,setuju disampaikan pak ichsan nurdin noorsi purbaya didepan kamera jago cuap menikmati ketenarannya didukung netizen gaya koboinya instansi kementriannya masih berantakan apalagi bea cukai saat belum tindakan nyata
H7NnXaQkG4w,@YulMan-gh8td,Memang indonesia sudah terlalu Fara mafia mafia semua fejabat lama tidak dafat di fercaya lagi afa di pemerintahan 1othn fak jokoui  sangat Fara fulau saja di jual siafa mafia nya,1,2025-10-30T00:20:41Z,Memang indonesia sudah terlalu Fara mafia mafia semua fejabat lama tidak dafat di fercaya lagi afa di pemerintahan 1othn fak jokoui sangat Fara fulau saja di jual siafa mafia nya,memang indonesia terlalu fara mafia mafia semua fejabat lama tidak dafat fercaya afa pemerintahan othn fak jokoui sangat fara fulau jual siafa mafia nya
H7NnXaQkG4w,@safriadigucci9588,"Aputasi semua,ganti degan yang baik",1,2025-10-29T23:46:53Z,Aputasi semua ganti degan yang baik,aputasi semua ganti degan baik
H7NnXaQkG4w,@arifinarifin773,Memotong generasi artinya perubahan aturan hukum secara mendasar dan penegakan hukum tegas benar seperti yang saat ini dilakukan oleh presiden Prabowo Subianto,1,2025-10-29T23:44:36Z,Memotong generasi artinya perubahan aturan hukum secara mendasar dan penegakan hukum tegas benar seperti yang saat ini dilakukan oleh presiden Prabowo Subianto,memotong generasi artinya perubahan aturan hukum secara mendasar penegakan hukum tega benar seperti saat dilakukan presiden prabowo subianto
H7NnXaQkG4w,@KoyongsekayuKoyong,Kalau Mentri ekonom yg lama tak di ganti.sia sia?udah tahu kerjanya?coba ganti dg.ibu susi.mendag.menpeg.irsan nursi.oast kreen,1,2025-10-29T22:51:57Z,Kalau Mentri ekonom yg lama tak di ganti sia sia udah tahu kerjanya coba ganti dg ibu susi mendag menpeg irsan nursi oast kreen,kalau mentri ekonom lama tak ganti sia sia udah tahu kerjanya coba ganti ibu susi mendag menpeg irsan nursi oast kreen
H7NnXaQkG4w,@KoyongsekayuKoyong,Irshan nurdin.mantab jadi perdagangan.biar nyambung dg purbaya,2,2025-10-29T22:48:00Z,Irshan nurdin mantab jadi perdagangan biar nyambung dg purbaya,irshan nurdin mantab jadi perdagangan biar nyambung purbaya
H7NnXaQkG4w,@KoyongsekayuKoyong,Yg namanya impor.harusnya beacukai yg paling mengetahui barang masuk,0,2025-10-29T22:47:00Z,Yg namanya impor harusnya beacukai yg paling mengetahui barang masuk,namanya impor harusnya beacukai pale mengetahui barang masuk
H7NnXaQkG4w,@KoyongsekayuKoyong,Yg jelas yg bertanggung jawab Mentri perdagangan.pihak keamanan?kalau memang elegal??,0,2025-10-29T22:45:51Z,Yg jelas yg bertanggung jawab Mentri perdagangan pihak keamanan kalau memang elegal,jela bertanggung jawab mentri perdagangan pihak keamanan kalau memang eleg
H7NnXaQkG4w,@kiosvendingmachinejakarta,"Dipastikan semua menteri saat ini bermain dibelakang kebijakan, seharusnya menteri perdagangan jelas memberi aturan ketat barang2 yg akan diperdagangkan di pasar apakah barang dengan status legal atau ilegal? Karena bila ilegal jelas menghancurkan produk dalam negeri dan pengurangan pendapatan negara melalui pajak, ini yg nanti akan dibasmi menteri keuangan kedepannya.",0,2025-10-29T22:38:18Z,Dipastikan semua menteri saat ini bermain dibelakang kebijakan seharusnya menteri perdagangan jelas memberi aturan ketat barang2 yg akan diperdagangkan di pasar apakah barang dengan status legal atau ilegal Karena bila ilegal jelas menghancurkan produk dalam negeri dan pengurangan pendapatan negara melalui pajak ini yg nanti akan dibasmi menteri keuangan kedepannya,dipastikan semua menteri saat bermain dibelakang kebijakan seharusnya menteri perdagangan jela memberi aturan ketat barang diperdagangkan pasar apakah barang statu legal ileg ileg jela menghancurkan produk negeri pengurangan pendapatan negara melalui pajak nanti dibasmi menteri keuangan kedepannya
H7NnXaQkG4w,@MuhammadzidanYusuf,Ichsan nudin kenapa ga di pake oleh pemerintah ya padahal pinter dan jujur tegas,0,2025-10-29T22:30:17Z,Ichsan nudin kenapa ga di pake oleh pemerintah ya padahal pinter dan jujur tegas,ichsan nudin kenapa pake pemerintah padah pinter jujur tega
H7NnXaQkG4w,@deskav7793,"Ada apa dengan Telkom, Pertamina dan PLN? Kok katanya asetnya mau dijual",0,2025-10-29T21:50:21Z,Ada apa dengan Telkom Pertamina dan PLN Kok katanya asetnya mau dijual,apa telkom pertamina pln kok katanya asetnya mau dijual
H7NnXaQkG4w,@muntahaljaza2307,"Saya hanya bisa bantu do'a saja pak, semoga Indonesia bisa semakin bersih",0,2025-10-29T21:14:55Z,Saya hanya bisa bantu do a saja pak semoga Indonesia bisa semakin bersih,hanya bisa bantu pak semoga indonesia bisa semakin bersih
H7NnXaQkG4w,@daddykeren9924,"NEGARA RUGI RATUSAN TRILIUN HANYA DARI SATU KERJAAN SAJA YAITU AKTIFASI SIGNAL UNTUK PONSEL HP BLACK MARKET.

ADA LEBIH DARI 20 JUTA UNIT HP BLACK MARKET YANG MASUK KE INDONESIA. SATU KALI AKTIFASI ILEGAL USER MEMBAYAR KURANG LEBIH 200.000 UNTUK 3 BLN. JIKA DITOTAL DALAM 1 TAHUN NEGARA KEBOCORAN UANG 40T X 4= 160 TRILIUN / TAHUN YANG DIGELAPKAN DARI SATU KERJAAN KECIL SAJA.

PURBAYA HARUS MELEK SIAPA PELAKU KASUS INI. SEGERA USUT PEGAWAI BEA CUKAI YANG BERMASALAH DAN TERLIBAT MERUGIKAN UANG NEGARA.",0,2025-10-29T18:08:55Z,NEGARA RUGI RATUSAN TRILIUN HANYA DARI SATU KERJAAN SAJA YAITU AKTIFASI SIGNAL UNTUK PONSEL HP BLACK MARKET ADA LEBIH DARI 20 JUTA UNIT HP BLACK MARKET YANG MASUK KE INDONESIA SATU KALI AKTIFASI ILEGAL USER MEMBAYAR KURANG LEBIH 200 000 UNTUK 3 BLN JIKA DITOTAL DALAM 1 TAHUN NEGARA KEBOCORAN UANG 40T X 4 160 TRILIUN TAHUN YANG DIGELAPKAN DARI SATU KERJAAN KECIL SAJA PURBAYA HARUS MELEK SIAPA PELAKU KASUS INI SEGERA USUT PEGAWAI BEA CUKAI YANG BERMASALAH DAN TERLIBAT MERUGIKAN UANG NEGARA,negara rugi ratusan triliun hanya satu kerjaan aktifasi signal ponsel black market lebih juta unit black market masuk indonesia satu kali aktifasi ileg user membayar kurang lebih bln ditot tahun negara kebocoran uang triliun tahun digelapkan satu kerjaan kecil purbaya haru melek siapa pelaku kasu segera usut pegawai bea cukai bermasalah terlibat merugikan uang negara
H7NnXaQkG4w,@TITOETNUGRAHA-o5x,HUKUMAN MATI JLN SATU-SATUNYA!!! GX ADA KOMPROMI.,0,2025-10-29T16:12:50Z,HUKUMAN MATI JLN SATU SATUNYA GX ADA KOMPROMI,hukuman mati jln satu satunya kompromi
H7NnXaQkG4w,@BambangWidoyoko-g5p,Tangkap proses hukum bea cukai dan pajak,0,2025-10-29T10:11:45Z,Tangkap proses hukum bea cukai dan pajak,tangkap prose hukum bea cukai pajak
H7NnXaQkG4w,@adityanpermana3561,In Purbaya we trust,0,2025-10-29T10:09:36Z,In Purbaya we trust,purbaya trust
H7NnXaQkG4w,@VeriBaliRoads,"kenapa malah nyalahin pak purbaya ya, beliau lho cuma menteri ekonomi.. ga bisa semua hal.. beliau juga sering ngomong hanya akan berjalan di koridor nya sendiri.",0,2025-10-29T09:42:01Z,kenapa malah nyalahin pak purbaya ya beliau lho cuma menteri ekonomi ga bisa semua hal beliau juga sering ngomong hanya akan berjalan di koridor nya sendiri,kenapa malah nyalahin pak purbaya beliau lho cuma menteri ekonomi bisa semua hal beliau sere ngomong hanya berjalan koridor nya sendiri
H7NnXaQkG4w,@aikoyunichi-m7g,Kalau saya lihat yang namanya Ichsanuddin Noorsy ini pintar pemikirannya..,0,2025-10-29T09:34:31Z,Kalau saya lihat yang namanya Ichsanuddin Noorsy ini pintar pemikirannya,kalau lihat namanya ichsanuddin noorsi pintar pemikirannya
H7NnXaQkG4w,@Avri_09,"Mantap, biar ekonomi lokal bisa bergerak",5,2025-10-29T08:47:58Z,Mantap biar ekonomi lokal bisa bergerak,mantap biar ekonomi lokal bisa bergerak
H7NnXaQkG4w,@doddymarantha7747,Negara calo,0,2025-10-29T07:10:40Z,Negara calo,negara calo
H7NnXaQkG4w,@alankardiansyah4410,Mendingan beli produk anak bangsa,0,2025-10-29T07:10:21Z,Mendingan beli produk anak bangsa,mendingan beli produk anak bangsa
H7NnXaQkG4w,@alankardiansyah4410,Iya sih ngapain ya beli baju bekas dr luar padahal pakaian buatan anak negri bagus bagus murah lagi,0,2025-10-29T07:09:50Z,Iya sih ngapain ya beli baju bekas dr luar padahal pakaian buatan anak negri bagus bagus murah lagi,iya sih ngapain beli baju beka luar padah pakaian buatan anak negri bagu bagu murah
H7NnXaQkG4w,@Icatriana-m9e,Lanjutkan pak Purbaya libas semua,0,2025-10-29T06:10:08Z,Lanjutkan pak Purbaya libas semua,lanjutkan pak purbaya liba semua
H7NnXaQkG4w,@kicauindah4526,Di kehawatirkan pak purbaya sudah menjadi Singa Tapi pak prabowo melempem,5,2025-10-29T05:36:56Z,Di kehawatirkan pak purbaya sudah menjadi Singa Tapi pak prabowo melempem,kehawatirkan pak purbaya menjadi singa pak prabowo melempem
H7NnXaQkG4w,@nabilnazmi1668,"INTI NYA UNTUK MEMAJUKAN EKONOMI ITU MUDAH.YANG SUSAH MEMPERBAIKI AHLAK MASING""PARA PEJABAT",2,2025-10-29T05:05:07Z,INTI NYA UNTUK MEMAJUKAN EKONOMI ITU MUDAH YANG SUSAH MEMPERBAIKI AHLAK MASING PARA PEJABAT,inti nya memajukan ekonomi mudah susah memperbaiki ahlak mase para pejabat
H7NnXaQkG4w,@oboaliita6376,"BPK Ikhsanudin norsi harusnya 
Berada dalam kabinet BPK presiden Prabowo",3,2025-10-29T04:29:10Z,BPK Ikhsanudin norsi harusnya Berada dalam kabinet BPK presiden Prabowo,bpk ikhsanudin norsi harusnya berada kabinet bpk presiden prabowo
H7NnXaQkG4w,@rajahbanjur2494,Pak iksan dia hebat bicara angkat dia jadi mentari perdagangan,18,2025-10-29T04:25:42Z,Pak iksan dia hebat bicara angkat dia jadi mentari perdagangan,pak iksan hebat bicara angkat jadi mentari perdagangan
H7NnXaQkG4w,@KartiAyu-j3o,"Maasyaa Allah...Pak Fuad bawazier ini kok awet banget ya,jadi mentri dari jaman Mbah harto tapi masih terlihat sehat bugar.",5,2025-10-29T04:13:04Z,Maasyaa Allah Pak Fuad bawazier ini kok awet banget ya jadi mentri dari jaman Mbah harto tapi masih terlihat sehat bugar,maasyaa allah pak fuad bawazi kok awet banget jadi mentri jaman mbah harto masih terlihat sehat bugar
H7NnXaQkG4w,@tokokoeu6736,Semenjak Purbaya membuka data harga gas LPG 3KG dulu di bontang gas 3kg 31 sekarang jadi 21 gilee mafianya ambil duit 10rebu,9,2025-10-29T03:50:00Z,Semenjak Purbaya membuka data harga gas LPG 3KG dulu di bontang gas 3kg 31 sekarang jadi 21 gilee mafianya ambil duit 10rebu,semenjak purbaya membuka data harga ga lpg dulu bontang ga sekarang jadi gile mafianya ambil duit rebu
H7NnXaQkG4w,@MTayudin,"Nice debat, Good👍👍👍",3,2025-10-29T03:38:30Z,Nice debat Good,nice debat good
H7NnXaQkG4w,@AxcelCell-y6v4n,Kalian cuman pintar bicara.hey ketahuilah.memberantas kerupsi.nyawa taruhannya bos bos yg cuman pintar ngmong itu.,1,2025-10-29T03:32:45Z,Kalian cuman pintar bicara hey ketahuilah memberantas kerupsi nyawa taruhannya bos bos yg cuman pintar ngmong itu,kalian cuman pintar bicara hey ketahuilah memberanta kerupsi nyawa taruhannya bo bo cuman pintar ngmong
H7NnXaQkG4w,@AxcelCell-y6v4n,Sudah susa2 pemerintah memberantas koruptor dan barang ilegal.bukan mendukung malah di salahkan.pemerita sebelum2nya kenapa tidak di permasalahkan.sekarang ini orang pintar.paling banyak pintar ngomong saja.kalian jangan pintar kritik pemerintah.tapi bantu pemerintah merantas perusak bangsa ini.jamgan cuman duduk dan mengkritik.kerja bos.,5,2025-10-29T03:28:55Z,Sudah susa2 pemerintah memberantas koruptor dan barang ilegal bukan mendukung malah di salahkan pemerita sebelum2nya kenapa tidak di permasalahkan sekarang ini orang pintar paling banyak pintar ngomong saja kalian jangan pintar kritik pemerintah tapi bantu pemerintah merantas perusak bangsa ini jamgan cuman duduk dan mengkritik kerja bos,susa pemerintah memberanta koruptor barang ileg bukan mendukung malah salahkan pemerita sebelumnya kenapa tidak permasalahkan sekarang orang pintar pale banyak pintar ngomong kalian jangan pintar kritik pemerintah bantu pemerintah meranta perusak bangsa jamgan cuman duduk mengkritik kerja bo
H7NnXaQkG4w,@BaharulHasan-n6n,Pak purbaya rajyat dibelakang pak pur,4,2025-10-29T03:12:02Z,Pak purbaya rajyat dibelakang pak pur,pak purbaya rajyat dibelakang pak pur
H7NnXaQkG4w,@BaharulHasan-n6n,Pejabat yang jadi mafia  kebocoran Anggaran dan penyeludupan yang merugikan negara  itu adalah penghiatan  NegaraHukum mati saja,3,2025-10-29T03:11:05Z,Pejabat yang jadi mafia kebocoran Anggaran dan penyeludupan yang merugikan negara itu adalah penghiatan NegaraHukum mati saja,pejabat jadi mafia kebocoran anggaran penyeludupan merugikan negara penghiatan negarahukum mati
H7NnXaQkG4w,@imronsyafeichenel264,Mentri terbaik sepanjang sejarah indonesia. Gila revolusi besar besaran . Pejabat indonesia di ajari cara bernegara yg benar,4,2025-10-29T02:58:13Z,Mentri terbaik sepanjang sejarah indonesia Gila revolusi besar besaran Pejabat indonesia di ajari cara bernegara yg benar,mentri terbaik sepanjang sejarah indonesia gila revolusi besar besaran pejabat indonesia ajari cara bernegara benar
H7NnXaQkG4w,@suhardisuhardi1001,Mengapa srimolyono dulu tidak memberantas?,1,2025-10-29T02:44:55Z,Mengapa srimolyono dulu tidak memberantas,mengapa srimolyono dulu tidak memberanta
H7NnXaQkG4w,@WakApet-d6o,"BANYAK ORANG PINTAR, SEDIKIT YG BERANI  ???",1,2025-10-29T02:25:37Z,BANYAK ORANG PINTAR SEDIKIT YG BERANI,banyak orang pintar sedikit berani
H7NnXaQkG4w,@infodaiking3835,"Banyak bukti negara2 yg berhasil merubah budaya birokrasi dan budaya korupsi.
Salah satunya adalah CHINA.
Semua merasa sulit dan enggan melakukan reformasi total karena selama ini PRESIDEN TIDAK KONSISTEN MEMBERANTAS KORUPSI,MALAH IKUTAN MENIKMATI HASIL KORUPSI BAHKAN LEBIH GILA LAGI PRESIDEN MENJADI SUTRADARANYA.",1,2025-10-29T02:13:37Z,Banyak bukti negara2 yg berhasil merubah budaya birokrasi dan budaya korupsi Salah satunya adalah CHINA Semua merasa sulit dan enggan melakukan reformasi total karena selama ini PRESIDEN TIDAK KONSISTEN MEMBERANTAS KORUPSI MALAH IKUTAN MENIKMATI HASIL KORUPSI BAHKAN LEBIH GILA LAGI PRESIDEN MENJADI SUTRADARANYA,banyak bukti negara berhasil merubah budaya birokrasi budaya korupsi salah satunya china semua merasa sulit enggan melakukan reformasi total presiden tidak konsisten memberanta korupsi malah ikutan menikmati hasil korupsi bahkan lebih gila presiden menjadi sutradaranya
H7NnXaQkG4w,@infodaiking3835,"Merubah Budaya Birokrasi tidak mungkin dilakukan?
“WHAT THE HELL”
Come on man..!!!!",0,2025-10-29T02:03:30Z,Merubah Budaya Birokrasi tidak mungkin dilakukan WHAT THE HELL Come on man,merubah budaya birokrasi tidak mungkin dilakukan what hell come man
H7NnXaQkG4w,@Ahmad-e1d4e,"Rakyat uda muak dengan koruptor dan para mafia impor, hukum mati aja lah 😂",36,2025-10-29T01:58:08Z,Rakyat uda muak dengan koruptor dan para mafia impor hukum mati aja lah,rakyat uda muak koruptor para mafia impor hukum mati aja lah
H7NnXaQkG4w,@l람베쿠드w2025,"Heran sama bangsa ini, kalo  Mafia pasti ada Relawannya, Tapi orang yang berjuang untuk Rakyat malah ga ada Relawan sama sekali...  Bisa  disimpulkan ya??",16,2025-10-29T01:42:46Z,Heran sama bangsa ini kalo Mafia pasti ada Relawannya Tapi orang yang berjuang untuk Rakyat malah ga ada Relawan sama sekali Bisa disimpulkan ya,heran sama bangsa kalo mafia pasti relawannya orang berjuang rakyat malah relawan sama sekali bisa disimpulkan
H7NnXaQkG4w,@delapan1-9,🎉 Zulkifli Hasan paling tidak bisa kerja 🎉,0,2025-10-29T01:39:36Z,Zulkifli Hasan paling tidak bisa kerja,zulkifli hasan pale tidak bisa kerja
H7NnXaQkG4w,@pran20000,Kalau limbah radio aktif kemarin yang rame apakah itu dari luar?,1,2025-10-29T01:33:38Z,Kalau limbah radio aktif kemarin yang rame apakah itu dari luar,kalau limbah radio aktif kemarin rame apakah luar
H7NnXaQkG4w,@hermansugiarto719,Mafia nya dirjen pajak sebelum dan sebelum nya,2,2025-10-29T01:26:36Z,Mafia nya dirjen pajak sebelum dan sebelum nya,mafia nya dirjen pajak nya
H7NnXaQkG4w,@yenalove1617,Menkeu ini ibarat patih gajah mada era majapahit siap tarung,19,2025-10-29T01:07:06Z,Menkeu ini ibarat patih gajah mada era majapahit siap tarung,menkeu ibarat patih gajah mada era majapahit siap tarung
H7NnXaQkG4w,@ApidCidahu,Berati ini kuncinya di mendag😂😂,1,2025-10-29T00:17:00Z,Berati ini kuncinya di mendag,berati kuncinya mendag
H7NnXaQkG4w,@RUMAH_ANGGUR24,Betul sekali jgn libatkan baju wareng utk beranras segala bentuk penyelupan barang infor,11,2025-10-28T23:58:06Z,Betul sekali jgn libatkan baju wareng utk beranras segala bentuk penyelupan barang infor,betul sekali jgn libatkan baju wareng beranra segala bentuk penyelupan barang infor
H7NnXaQkG4w,@indratosumantoro2659,"Indonesia sudah 50 tahun impor aspal, padahal Indonesia punya Aspal Buton.",47,2025-10-28T23:40:16Z,Indonesia sudah 50 tahun impor aspal padahal Indonesia punya Aspal Buton,indonesia tahun impor aspal padah indonesia punya aspal buton
H7NnXaQkG4w,@alhaedaredar9563,"Indonesia gak maju2 kalau korupsi masih menjadi -jadi, para elit pejabatnya tidak ingin Indonesia menjadi negara maju, pejabat zholim",3,2025-10-28T23:39:31Z,Indonesia gak maju2 kalau korupsi masih menjadi jadi para elit pejabatnya tidak ingin Indonesia menjadi negara maju pejabat zholim,indonesia gak maju kalau korupsi masih menjadi jadi para elit pejabatnya tidak ingin indonesia menjadi negara maju pejabat zholim
H7NnXaQkG4w,@sahrumaj4637,"Kebijakan Purbaya itu benar karena :1.setiap ilegal harus di tindak. 2.kalau barang ilegal terus berjalan barang legal atau industri dalam negeri terhimpit. 3. Kalau ilegal dan legal tidak jelas pasti ada mafianya di bea dan cukai.4. menteri terkait harus melakukan kajian apa dampaknya setiap kegiatan terhadap negara dan rakyat 
Memang betul kata Purbaya ya malas-malasan aja tidak mau bekerja dengan serius. Sampai kapan Indonesia tak akan maju. Karena malas dan mafia sangat membudaya.",16,2025-10-28T23:36:21Z,Kebijakan Purbaya itu benar karena 1 setiap ilegal harus di tindak 2 kalau barang ilegal terus berjalan barang legal atau industri dalam negeri terhimpit 3 Kalau ilegal dan legal tidak jelas pasti ada mafianya di bea dan cukai 4 menteri terkait harus melakukan kajian apa dampaknya setiap kegiatan terhadap negara dan rakyat Memang betul kata Purbaya ya malas malasan aja tidak mau bekerja dengan serius Sampai kapan Indonesia tak akan maju Karena malas dan mafia sangat membudaya,kebijakan purbaya benar setiap ileg haru tindak kalau barang ileg teru berjalan barang legal industri negeri terhimpit kalau ileg legal tidak jela pasti mafianya bea cukai menteri terkait haru melakukan kajian apa dampaknya setiap kegiatan terhadap negara rakyat memang betul kata purbaya mala malasan aja tidak mau bekerja seriu kapan indonesia tak maju mala mafia sangat membudaya
H7NnXaQkG4w,@KangJakatea,"Kalau Rayat miskin senang banyak pakaian bekas di pasar, soalnya bagus lagian murah, punya duit lima puluh ribu udah bisa beli pakaian, sisanya buat beli nasi rampas ke warteg👍",3,2025-10-28T23:10:56Z,Kalau Rayat miskin senang banyak pakaian bekas di pasar soalnya bagus lagian murah punya duit lima puluh ribu udah bisa beli pakaian sisanya buat beli nasi rampas ke warteg,kalau rayat miskin senang banyak pakaian beka pasar soalnya bagu lagian murah punya duit lima puluh ribu udah bisa beli pakaian sisanya buat beli nasi rampa warteg
H7NnXaQkG4w,@KangJakatea,"Kalau pakaian bekas,seken di Tanjung Balai Karimun pun banyak di pasar puakang, tapi itu bagus buat rayat usaha, para pedagang, kalau ga boleh jaga ketat perbatasan Negara kita.",3,2025-10-28T23:07:49Z,Kalau pakaian bekas seken di Tanjung Balai Karimun pun banyak di pasar puakang tapi itu bagus buat rayat usaha para pedagang kalau ga boleh jaga ketat perbatasan Negara kita,kalau pakaian beka seken tanjung balai karimun pun banyak pasar puakang bagu buat rayat usaha para pedagang kalau boleh jaga ketat perbatasan negara
H7NnXaQkG4w,@KangJakatea,"Huh kelamaan musiknya, ga usah pake lama musik pareasinya, langsung aja Berita gituh",0,2025-10-28T23:03:45Z,Huh kelamaan musiknya ga usah pake lama musik pareasinya langsung aja Berita gituh,huh kelamaan musiknya usah pake lama musik pareasinya langsung aja berita gituh
H7NnXaQkG4w,@Anyar-qy9oj,Ekspedisinya pakai punya siapa? Bisa banyak banget barang import masuk .punya gudang lagi.😂,1,2025-10-28T22:22:39Z,Ekspedisinya pakai punya siapa Bisa banyak banget barang import masuk punya gudang lagi,ekspedisinya pakai punya siapa bisa banyak banget barang import masuk punya gudang
H7NnXaQkG4w,@SumangsaUmang-s6k,Boleh saja Mentri mengkritik Mentri tentang kebijakannya yg merugikan negara atau rakyat,2,2025-10-28T22:21:50Z,Boleh saja Mentri mengkritik Mentri tentang kebijakannya yg merugikan negara atau rakyat,boleh mentri mengkritik mentri tentang kebijakannya merugikan negara rakyat
H7NnXaQkG4w,@Anyar-qy9oj,"Bubarkan bea cukai,barang gelap dari tekstil dan otomotif  dari luar masuk bebas aja dan makin besar besar volumenya. Menghancurkan UMKM Industri dalam negeri. Jangan2 birokrasi jadi importir semua.😂",3,2025-10-28T22:15:27Z,Bubarkan bea cukai barang gelap dari tekstil dan otomotif dari luar masuk bebas aja dan makin besar besar volumenya Menghancurkan UMKM Industri dalam negeri Jangan2 birokrasi jadi importir semua,bubarkan bea cukai barang gelap tekstil otomotif luar masuk beba aja makin besar besar volumenya menghancurkan umkm industri negeri jangan birokrasi jadi importir semua
H7NnXaQkG4w,@imadewidiadnyana5439,Yg bertugas untuk menumpas yg ilegal adalah yg diberi wewenang...tapi karena yg diberi wewenang tidak tegas...ya begini jadinya...!!??? Mereka yg main di elegal harus bertanggung jawab terhadap perbuatannya...pecat..tegakkan hukum..hanya itu jawaban yg harus mereka dapatkan...kalau mau negeri ini baik...(❤️🇮🇩NKRI harga mati.).,1,2025-10-28T21:46:45Z,Yg bertugas untuk menumpas yg ilegal adalah yg diberi wewenang tapi karena yg diberi wewenang tidak tegas ya begini jadinya Mereka yg main di elegal harus bertanggung jawab terhadap perbuatannya pecat tegakkan hukum hanya itu jawaban yg harus mereka dapatkan kalau mau negeri ini baik NKRI harga mati,bertuga menumpa ileg diberi wewenang diberi wewenang tidak tega begini jadinya main eleg haru bertanggung jawab terhadap perbuatannya pecat tegakkan hukum hanya jawaban haru dapatkan kalau mau negeri baik nkri harga mati
H7NnXaQkG4w,@Politely24,Angkat pak Pur jdi mntri ekonomi dan menteri perdagangan. Lumayan efisien si anggaran.,1,2025-10-28T19:08:07Z,Angkat pak Pur jdi mntri ekonomi dan menteri perdagangan Lumayan efisien si anggaran,angkat pak pur jdi mntri ekonomi menteri perdagangan lumayan efisien anggaran
H7NnXaQkG4w,@montinimawanputra9836,"Rusak era mulyono,,masa keemasan para bandit dan mafia",8,2025-10-28T18:43:20Z,Rusak era mulyono masa keemasan para bandit dan mafia,rusak era mulyono masa keemasan para bandit mafia
H7NnXaQkG4w,@RuiRaChiA,"KONOHA negara tak punya arah, kebijakannya cendrung biadab apakah disengaja atau memang aparaturnya diisi manusia2 culas bodoh dan koruf mudah disogok misalnya, sampai kapan KONOHA dijalankan ugal2an bodoh biadab seperti ini !! wkwkwkkw",8,2025-10-28T17:55:54Z,KONOHA negara tak punya arah kebijakannya cendrung biadab apakah disengaja atau memang aparaturnya diisi manusia2 culas bodoh dan koruf mudah disogok misalnya sampai kapan KONOHA dijalankan ugal2an bodoh biadab seperti ini wkwkwkkw,konoha negara tak punya arah kebijakannya cendrung biadab apakah disengaja memang aparaturnya diisi manusia cula bodoh koruf mudah disogok misalnya kapan konoha dijalankan ugalan bodoh biadab seperti wkwkwkkw
H7NnXaQkG4w,@armynj15,"5 TUNTUTAN RAKYAT WARGA N.K.R.I 🇮🇩 ERA KINI

Bismillahirromanirrohim

5 TUNTUTAN BESAR RAKYAT WARGA NKRI PADA PENYELENGGARA NEGARA UNTUK DIREALISASIKAN DLM WAKTU 3 BULAN S/D 1 TAHUN. (Sep 2025 - Sep2026)

I. # Para KORUPTOR harus ""dikandangi"" dg UU Perampasan Aset, KUHAP Baru (+ KUHP Baru + UU Tipikor Baru), dan HUKUMAN PENGASINGAN & PEMISKINAN SEUMUR HIDUP TANPA AMPUNAN APAPUN.
HUKUMAN SAMA BERLAKU BAGI PARA PENJAHAT PELAKU2 KEJAHATAN LUAR BIASA YANG TERSTRUKTUR, SISTEMATIS, DAN MASIF (KLB-TSM) SPT TOKOH2 PENJAHAT ""MAFIA HUKUM"", ""MAFIA NARKOBA"", ""MAFIA PERDAGANGAN MANUSIA"", ""MAFIA TAMBANG & S.D.A"", & ""MAFIA 'SAPI PERAH' B.U.M.N"".

II. # Para APH harus ""ditertibkan"" dg Pembaharuan UU  Kepolisian, UU TNI, dan REFORMASI HUKUM (Amandemen UUD-45 & Azas2 Dasar Hukum NKRI, UU Mekanisma PEMBUBARAN DPR dengan MOSI TIDAK PERCAYA RAKYAT pada DPR-MPR-Parpol2 dan MENGGANTI fungsi DPR dgn ""DEWAN WARGA ELEMEN BANGSA"" NKRI ber-anggotakan Ketua2 Organisasi Komponen Bangsa, Agama2, Suku2 Adat , Pemuda & Ketua Mahasiswa se-NKRI, Perwakilan Gen-Z, Tokoh2 Cendekia dan Akademisi, dsj.... dan Reformasi UU Kehakiman, Reformasi MA, Kejagung, KY, dan MK)

III. # Perilaku liar Orang2 Politik & Parpol2 harus ""ditertibkan"" via;
1. Pembaharuan UU Pemilu dan Pilkada (terutama ttg kwalitas dan persyaratan SDM Calon2 Anggota Legislatif, dan Sistem Pemilu & Pilkada), dan UU Tindak Pidana Pemilu/TPPU.

2. Penerbitan dan pemberlakuan UU PENDANAAN PARPOL.


IV# Penguatan BATASAN2 Pertahanan & Penyerangan Balik terhadap Infiltrasi Campur Tangan Asing pada Kedaulatan NKRI diseluruh dunia, juga terhadap ""penggembosan dan abusif internal NKRI, & perampokan aset2 NKRI"" oleh 'Deep State/Pemerintah Bayangan' (Intelejen yg dapat berkolaborasi dg kepentingan2 Oligarki & Mafia2) yg secara terselubung dapat menganiaya, menzolimi, dan menghisap ""hak azasi/darah/uang dan harta Rakyat"", ... dengan Pembaharuan/Reformasi UU Intelejen, UU HAM NKRI, dan Reformasi Hukum & Undang Undang NKRI.

V# Terus Perkuat & Percepat Ketahanan, Pengembangan dan Pemanfaatan EKONOMI NASIONAL yang bertumpu pada KEKUATAN DOMESTIK dan KEKAYAAN potensi ASET UTAMA BANGSA yaitu S.D.M & S.D.A NKRI dari hulu ke hilir disemua lini kehidupan rakyat dan sumber alam & lingkungan tanah air NKRI, dengan target zero kemiskinan dan zero pencemaran lingkungan bumi, dengan cara Intervensi Pemerintah thd KETIMPANGAN EKONOMI, KRISIS KESTABILAN PENGEMBANGAN FISKAL &/ MONETER, DAN PEMBUATAN ""SISTEM DIGITALISASI YG BEBAS TRANSPARAN TERKENDALI & BERTANGGUNG JAWAB""  PADA SISTEM2 MEKANISMA PELAYANAN EKONOMI (PROYEK2 FISKAL & OPERASIONAL2 MONETER), KEUANGAN & INVESTASI, KESEHATAN, HUKUM, PERTANAHAN/PERMUKIMAN, & KEBUTUHAN KOMUNIKASI SOSIAL DAN HAJAT HIDUP SEMUA SEKTOR KEBUTUHAN RAKYAT WARGA N.K.R.I. 

Semoga Allah SWT memberkahi N.K.R.I 🇮🇩✊",3,2025-10-28T16:26:12Z,5 TUNTUTAN RAKYAT WARGA N K R I ERA KINI Bismillahirromanirrohim 5 TUNTUTAN BESAR RAKYAT WARGA NKRI PADA PENYELENGGARA NEGARA UNTUK DIREALISASIKAN DLM WAKTU 3 BULAN S D 1 TAHUN Sep 2025 Sep2026 I Para KORUPTOR harus dikandangi dg UU Perampasan Aset KUHAP Baru KUHP Baru UU Tipikor Baru dan HUKUMAN PENGASINGAN PEMISKINAN SEUMUR HIDUP TANPA AMPUNAN APAPUN HUKUMAN SAMA BERLAKU BAGI PARA PENJAHAT PELAKU2 KEJAHATAN LUAR BIASA YANG TERSTRUKTUR SISTEMATIS DAN MASIF KLB TSM SPT TOKOH2 PENJAHAT MAFIA HUKUM MAFIA NARKOBA MAFIA PERDAGANGAN MANUSIA MAFIA TAMBANG S D A MAFIA SAPI PERAH B U M N II Para APH harus ditertibkan dg Pembaharuan UU Kepolisian UU TNI dan REFORMASI HUKUM Amandemen UUD 45 Azas2 Dasar Hukum NKRI UU Mekanisma PEMBUBARAN DPR dengan MOSI TIDAK PERCAYA RAKYAT pada DPR MPR Parpol2 dan MENGGANTI fungsi DPR dgn DEWAN WARGA ELEMEN BANGSA NKRI ber anggotakan Ketua2 Organisasi Komponen Bangsa Agama2 Suku2 Adat Pemuda Ketua Mahasiswa se NKRI Perwakilan Gen Z Tokoh2 Cendekia dan Akademisi dsj dan Reformasi UU Kehakiman Reformasi MA Kejagung KY dan MK III Perilaku liar Orang2 Politik Parpol2 harus ditertibkan via 1 Pembaharuan UU Pemilu dan Pilkada terutama ttg kwalitas dan persyaratan SDM Calon2 Anggota Legislatif dan Sistem Pemilu Pilkada dan UU Tindak Pidana Pemilu TPPU 2 Penerbitan dan pemberlakuan UU PENDANAAN PARPOL IV Penguatan BATASAN2 Pertahanan Penyerangan Balik terhadap Infiltrasi Campur Tangan Asing pada Kedaulatan NKRI diseluruh dunia juga terhadap penggembosan dan abusif internal NKRI perampokan aset2 NKRI oleh Deep State Pemerintah Bayangan Intelejen yg dapat berkolaborasi dg kepentingan2 Oligarki Mafia2 yg secara terselubung dapat menganiaya menzolimi dan menghisap hak azasi darah uang dan harta Rakyat dengan Pembaharuan Reformasi UU Intelejen UU HAM NKRI dan Reformasi Hukum Undang Undang NKRI V Terus Perkuat Percepat Ketahanan Pengembangan dan Pemanfaatan EKONOMI NASIONAL yang bertumpu pada KEKUATAN DOMESTIK dan KEKAYAAN potensi ASET UTAMA BANGSA yaitu S D M S D A NKRI dari hulu ke hilir disemua lini kehidupan rakyat dan sumber alam lingkungan tanah air NKRI dengan target zero kemiskinan dan zero pencemaran lingkungan bumi dengan cara Intervensi Pemerintah thd KETIMPANGAN EKONOMI KRISIS KESTABILAN PENGEMBANGAN FISKAL MONETER DAN PEMBUATAN SISTEM DIGITALISASI YG BEBAS TRANSPARAN TERKENDALI BERTANGGUNG JAWAB PADA SISTEM2 MEKANISMA PELAYANAN EKONOMI PROYEK2 FISKAL OPERASIONAL2 MONETER KEUANGAN INVESTASI KESEHATAN HUKUM PERTANAHAN PERMUKIMAN KEBUTUHAN KOMUNIKASI SOSIAL DAN HAJAT HIDUP SEMUA SEKTOR KEBUTUHAN RAKYAT WARGA N K R I Semoga Allah SWT memberkahi N K R I,tuntutan rakyat warga era kini bismillahirromanirrohim tuntutan besar rakyat warga nkri penyelenggara negara direalisasikan dlm waktu bulan tahun sep sep para koruptor haru dikandangi perampasan aset kuhap baru kuhp baru tipikor baru hukuman pengasingan pemiskinan seumur hidup tanpa ampunan apapun hukuman sama berlaku bagi para penjahat pelaku kejahatan luar biasa terstruktur sistemati masif klb tsm spt tokoh penjahat mafia hukum mafia narkoba mafia perdagangan manusia mafia tambang mafia sapi perah para aph haru ditertibkan pembaharuan kepolisian tni reformasi hukum amandemen uud aza dasar hukum nkri mekanisma pembubaran dpr mosi tidak percaya rakyat dpr mpr parpol mengganti fungsi dpr dewan warga elemen bangsa nkri ber anggotakan ketua organisasi komponen bangsa agama suku adat pemuda ketua mahasiswa nkri perwakilan gen tokoh cendekia akademisi dsj reformasi kehakiman reformasi kejagung iii perilaku liar orang politik parpol haru ditertibkan via pembaharuan pemilu pilkada terutama ttg kwalita persyaratan sdm calon anggota legislatif sistem pemilu pilkada tindak pidana pemilu tppu penerbitan pemberlakuan pendanaan parpol penguatan batasan pertahanan penyerangan balik terhadap infiltrasi campur tangan ase kedaulatan nkri diseluruh dunia terhadap penggembosan abusif intern nkri perampokan aset nkri deep state pemerintah bayangan intelejen dapat berkolaborasi kepentingan oligarki mafia secara terselubung dapat menganiaya menzolimi menghisap hak azasi darah uang harta rakyat pembaharuan reformasi intelejen ham nkri reformasi hukum undang undang nkri teru perkuat percepat ketahanan pengembangan pemanfaatan ekonomi nasion bertumpu kekuatan domestik kekayaan potensi aset utama bangsa nkri hulu hilir disemua lini kehidupan rakyat sumber alam lingkungan tanah air nkri target zero kemiskinan zero pencemaran lingkungan bumi cara intervensi pemerintah thd ketimpangan ekonomi krisi kestabilan pengembangan fiskal monet pembuatan sistem digitalisasi beba transparan terkendali bertanggung jawab sistem mekanisma pelayanan ekonomi proyek fiskal operasion monet keuangan investasi kesehatan hukum pertanahan permukiman kebutuhan komunikasi sosial hajat hidup semua sektor kebutuhan rakyat warga semoga allah swt memberkahi
H7NnXaQkG4w,@Suherihasibuan,Ya Allah😢😢 parah,8,2025-10-28T16:23:40Z,Ya Allah parah,allah parah
H7NnXaQkG4w,@bamsss,"Oknum pejabat pro rakyat ×
Oknum pejabat pro diri sendiri ✓",11,2025-10-28T16:18:25Z,Oknum pejabat pro rakyat Oknum pejabat pro diri sendiri,oknum pejabat pro rakyat oknum pejabat pro diri sendiri
H7NnXaQkG4w,@petanimerica,Bubarin bea cukai.dishub aja yg tangani lebih bagus.,16,2025-10-28T16:00:20Z,Bubarin bea cukai dishub aja yg tangani lebih bagus,bubarin bea cukai dishub aja tangani lebih bagu
H7NnXaQkG4w,@petanimerica,Kasus besar jangan diberikan ke baju coklat ga bakal selesai.makanya kasus besar langsung diberi ke pak Purbaya.,99,2025-10-28T15:56:37Z,Kasus besar jangan diberikan ke baju coklat ga bakal selesai makanya kasus besar langsung diberi ke pak Purbaya,kasu besar jangan diberikan baju coklat bakal selesai makanya kasu besar langsung diberi pak purbaya
H7NnXaQkG4w,@muhtadinciptaria,"Mafianya para pejabat ,bikin ancur ekonomi",81,2025-10-28T15:54:09Z,Mafianya para pejabat bikin ancur ekonomi,mafianya para pejabat bikin ancur ekonomi
H7NnXaQkG4w,@Juanandresiniesta1989,Msh hidup si fuad bawazier ini???,2,2025-10-28T15:19:11Z,Msh hidup si fuad bawazier ini,msh hidup fuad bawazi
eEMz6w_ZGmg,@abdulkholikbasoribasori4129,"Indonesia gila betul, di korupsi ribuan triliun saja masih tegak berdiri dan membangun di seluruh wilayah Indonesia.
Bayangkan jika Indonesia  agak bersih dari korupsi ,, Indonesia akan gacorr di mana mana 😂😂",0,2025-11-19T10:00:53Z,Indonesia gila betul di korupsi ribuan triliun saja masih tegak berdiri dan membangun di seluruh wilayah Indonesia Bayangkan jika Indonesia agak bersih dari korupsi Indonesia akan gacorr di mana mana,indonesia gila betul korupsi ribuan triliun masih tegak berdiri membangun seluruh wilayah indonesia bayangkan indonesia agak bersih korupsi indonesia gacorr
eEMz6w_ZGmg,@AhmadSyafik-i1m,LANJUT  !!!!!!!!!!!!!!!!!,0,2025-11-19T01:59:11Z,LANJUT,lanjut
eEMz6w_ZGmg,@LilikWinarni-x7g,Ya alloh lindungi bpk purbaya di manapun berada dan bdi kesehatan,0,2025-11-17T19:12:27Z,Ya alloh lindungi bpk purbaya di manapun berada dan bdi kesehatan,alloh lindungi bpk purbaya manapun berada bdi kesehatan
eEMz6w_ZGmg,@handayanisuci1547,Semoga pak Purbaya tetap sehat dan tetap amanah,0,2025-11-17T01:20:37Z,Semoga pak Purbaya tetap sehat dan tetap amanah,semoga pak purbaya tetap sehat tetap amanah
eEMz6w_ZGmg,@Herman-y9d,Itu pnghancur bangsa nmanya wajib dihukum mati itu,0,2025-11-16T12:47:18Z,Itu pnghancur bangsa nmanya wajib dihukum mati itu,pnghancur bangsa nmanya wajib dihukum mati
eEMz6w_ZGmg,@Herman-y9d,Yaampunnn 10 000 triliun itu pnghianat yg nyata dipan kita rakyat indonesia gila .kaget saya dgr 10ribu triliun.,0,2025-11-16T12:46:25Z,Yaampunnn 10 000 triliun itu pnghianat yg nyata dipan kita rakyat indonesia gila kaget saya dgr 10ribu triliun,yaampunnn triliun pnghianat nyata dipan rakyat indonesia gila kaget dgr ribu triliun
eEMz6w_ZGmg,@YonSahroni1965,Pak  Prabowo Rakyat mendukung jadi Presiden se umur Hidup.kupas tuntas para maling/Koruptor.,0,2025-11-16T05:14:54Z,Pak Prabowo Rakyat mendukung jadi Presiden se umur Hidup kupas tuntas para maling Koruptor,pak prabowo rakyat mendukung jadi presiden umur hidup kupa tunta para male koruptor
eEMz6w_ZGmg,@XenaYogaChandra,Mantap pak purbaya baru di pemerintahan p Prabowo  bisa bongkar kekayaan negara yg di curi orang2 ber dasi  bravo pak purbaya,0,2025-11-15T23:37:56Z,Mantap pak purbaya baru di pemerintahan p Prabowo bisa bongkar kekayaan negara yg di curi orang2 ber dasi bravo pak purbaya,mantap pak purbaya baru pemerintahan prabowo bisa bongkar kekayaan negara curi orang ber dasi bravo pak purbaya
eEMz6w_ZGmg,@wiwinnovitaarthavita5001,Itu kerjanya sri muryani apa ya selama ini😂😂😂,0,2025-11-15T22:00:03Z,Itu kerjanya sri muryani apa ya selama ini,kerjanya sri muryani apa
eEMz6w_ZGmg,@imamnurmansjah3209,Menko ekonomi dan metri perdagangan sebaiknya diganti. Ganti yg kerjanya dapat sinergis dg Menkeu 😀,0,2025-11-15T14:41:18Z,Menko ekonomi dan metri perdagangan sebaiknya diganti Ganti yg kerjanya dapat sinergis dg Menkeu,menko ekonomi metri perdagangan sebaiknya diganti ganti kerjanya dapat sinergi menkeu
eEMz6w_ZGmg,@msaleh-wv5qe,pa.perabowo tambalagi metrinya yg .baek seperti pa.purbawa sama p.amran sulaeman klu bisa  masukan ahok susisusanti .masarakat inak meliat kerjanya mentri yg jujur dan berani .berani krna kejujuran,0,2025-11-15T11:37:12Z,pa perabowo tambalagi metrinya yg baek seperti pa purbawa sama p amran sulaeman klu bisa masukan ahok susisusanti masarakat inak meliat kerjanya mentri yg jujur dan berani berani krna kejujuran,perabowo tambalagi metrinya baek seperti purbawa sama amran sulaeman klu bisa masukan ahok susisusanti masarakat inak meliat kerjanya mentri jujur berani berani krna kejujuran
eEMz6w_ZGmg,@danangalzena1125,"Mak Banteng, anaknya, dan kroconya kepanasan, ladang cuan mereka diganggu",1,2025-11-15T05:52:58Z,Mak Banteng anaknya dan kroconya kepanasan ladang cuan mereka diganggu,mak banteng anaknya kroconya kepanasan ladang cuan diganggu
eEMz6w_ZGmg,@SihWidicahyaniSihWidicahyani,"Pokoknya kalo ada yg fitnah pak Purbaya jgn percaya, pasti itu ulah Mafia",0,2025-11-15T04:50:26Z,Pokoknya kalo ada yg fitnah pak Purbaya jgn percaya pasti itu ulah Mafia,pokoknya kalo fitnah pak purbaya jgn percaya pasti ulah mafia
eEMz6w_ZGmg,@SukamatSantoso,Mantap pk purboyo,0,2025-11-13T10:06:43Z,Mantap pk purboyo,mantap purboyo
eEMz6w_ZGmg,@sugiantoantok932,"Gak asing rasanya Purbaya ngebrak tp gak punya fakta atau bukti hanya masih analisis.penelitian...
Seharusnya analisis penelitian blm bisa dipublikasikan..karna msh sumir..
Purbaya ambil langkah untuk menarik dukungan simpati publik...jangan jangan omdo...mirip Anis...
Kalau yg jadi soal import trifting pajaknya murah..jelas murah pak Purbaya..pakaian bekas diindonesia dikonsumsi kalangan bawah..cuma kalangan atas menengah..sebagian keranjingan jg beli pakaian trifting...jelas belinya disingapura ya murah..belinya gak perbiji tapi perton...
Awas info ini nyasar kepemimpinan Jokowi..
Purbaya adalah sesuatu yg Memeng disiapkan..untuk goyang indonesia yg gak ada akhirnya...",0,2025-11-13T09:28:33Z,Gak asing rasanya Purbaya ngebrak tp gak punya fakta atau bukti hanya masih analisis penelitian Seharusnya analisis penelitian blm bisa dipublikasikan karna msh sumir Purbaya ambil langkah untuk menarik dukungan simpati publik jangan jangan omdo mirip Anis Kalau yg jadi soal import trifting pajaknya murah jelas murah pak Purbaya pakaian bekas diindonesia dikonsumsi kalangan bawah cuma kalangan atas menengah sebagian keranjingan jg beli pakaian trifting jelas belinya disingapura ya murah belinya gak perbiji tapi perton Awas info ini nyasar kepemimpinan Jokowi Purbaya adalah sesuatu yg Memeng disiapkan untuk goyang indonesia yg gak ada akhirnya,gak ase rasanya purbaya ngebrak gak punya fakta bukti hanya masih analisi penelitian seharusnya analisi penelitian blm bisa dipublikasikan karna msh sumir purbaya ambil langkah menarik dukungan simpati publik jangan jangan omdo mirip ani kalau jadi soal import trift pajaknya murah jela murah pak purbaya pakaian beka diindonesia dikonsumsi kalangan bawah cuma kalangan ata menengah sebagian keranjingan beli pakaian trift jela belinya disingapura murah belinya gak perbiji perton awa info nyasar kepemimpinan jokowi purbaya sesuatu memeng disiapkan goyang indonesia gak akhirnya
eEMz6w_ZGmg,@LathifahNawwara,Maling yg seolah olah halal padahal haram,0,2025-11-13T08:23:23Z,Maling yg seolah olah halal padahal haram,male seolah olah halal padah haram
eEMz6w_ZGmg,@LathifahNawwara,"Wow,,,,merugikan 10 00 trilliun,,,, ngeri maling ,,,bukan lagi maling tapi penjajah,,teroris,,,mereka yg menyebabkan rakyat mati dalam kesengsaraan,,,,,betul2 ,,koruptor",0,2025-11-13T08:21:01Z,Wow merugikan 10 00 trilliun ngeri maling bukan lagi maling tapi penjajah teroris mereka yg menyebabkan rakyat mati dalam kesengsaraan betul2 koruptor,wow merugikan trilliun ngeri male bukan male penjajah terori menyebabkan rakyat mati kesengsaraan betul koruptor
eEMz6w_ZGmg,@HusenMursen,Pantasan rakyat indonesia 🇮🇩 miskin terus ternyata binatang2 koruptor banyak yg maling,0,2025-11-12T11:46:47Z,Pantasan rakyat indonesia miskin terus ternyata binatang2 koruptor banyak yg maling,pantasan rakyat indonesia miskin teru ternyata binatang koruptor banyak male
eEMz6w_ZGmg,@dinaherawati5034,"kok bu Sri dulu gak pernah cek ditempat ya, malas apa gak punya waktu apa kenapa ya?",0,2025-11-12T09:52:03Z,kok bu Sri dulu gak pernah cek ditempat ya malas apa gak punya waktu apa kenapa ya,kok sri dulu gak pernah cek ditempat mala apa gak punya waktu apa kenapa
eEMz6w_ZGmg,@fx.budiono9346,Mudah2an Indonesia terbebas dari masalah pelik berkat menkeu Bp. Purbaya,0,2025-11-12T08:35:35Z,Mudah2an Indonesia terbebas dari masalah pelik berkat menkeu Bp Purbaya,mudahan indonesia terbeba masalah pelik berkat menkeu purbaya
eEMz6w_ZGmg,@bangchalie,Betul sekali saya aja mafia toge tempe  tau klo Invoice import Pompa celup yg harganya cuma 100k perbiji 😱😱😱😱 wonk saya baru beli buat 25 m kedalaman 2 jt koq 🤪🤪🤪,0,2025-11-12T05:05:23Z,Betul sekali saya aja mafia toge tempe tau klo Invoice import Pompa celup yg harganya cuma 100k perbiji wonk saya baru beli buat 25 m kedalaman 2 jt koq,betul sekali aja mafia toge temp tau klo invoic import pompa celup harganya cuma perbiji wonk baru beli buat kedalaman koq
eEMz6w_ZGmg,@MuhammadBasriNasution-dz2tx,Tidak akan bisa di atasi klo kepala negaranya tdk tegas dalam mengambil tindakan hukum yg tegas tdk pandang bulu baik itu ke para pejabat atau oligarki. Siapapun yg terlibat hrs di buktikan dgn tindakan yg nyata dan pasti. Tdk ada lindungi br bs menghilang. Klo pr pengawai bea cukai yg terlibat hrs di hukum dan pecat br akan ada epek jera.,0,2025-11-11T12:40:45Z,Tidak akan bisa di atasi klo kepala negaranya tdk tegas dalam mengambil tindakan hukum yg tegas tdk pandang bulu baik itu ke para pejabat atau oligarki Siapapun yg terlibat hrs di buktikan dgn tindakan yg nyata dan pasti Tdk ada lindungi br bs menghilang Klo pr pengawai bea cukai yg terlibat hrs di hukum dan pecat br akan ada epek jera,tidak bisa atasi klo kepala negaranya tega mengambil tindakan hukum tega pandang bulu baik para pejabat oligarki siapapun terlibat hr buktikan tindakan nyata pasti lindungi menghilang klo pengawai bea cukai terlibat hr hukum pecat epek jera
eEMz6w_ZGmg,@YuliAmpera,Pak menkeu kira2 orang2nya bisa dihukum ga ? Di beacukai  kalau ga sampai sasaran ya dama omon2.  😊😊😊😊😊😊😊,0,2025-11-11T08:33:42Z,Pak menkeu kira2 orang2nya bisa dihukum ga Di beacukai kalau ga sampai sasaran ya dama omon2,pak menkeu kira orangnya bisa dihukum beacukai kalau sasaran dama omon
eEMz6w_ZGmg,@AsepSaepurrohman-gk8im,"Sangat kelihatan 10 Tahun  Jokowi, PDIP, Luhut Binsar jadi penguasa, negara sangat rusak, Pak Prabowo-Purbaya harus didukung masyarakat untuk membasmi koruptor yang terdiri dari oligarki dan pejabat-pejabat korup",0,2025-11-11T01:49:14Z,Sangat kelihatan 10 Tahun Jokowi PDIP Luhut Binsar jadi penguasa negara sangat rusak Pak Prabowo Purbaya harus didukung masyarakat untuk membasmi koruptor yang terdiri dari oligarki dan pejabat pejabat korup,sangat kelihatan tahun jokowi pdip luhut binsar jadi penguasa negara sangat rusak pak prabowo purbaya haru didukung masyarakat membasmi koruptor terdiri oligarki pejabat pejabat korup
eEMz6w_ZGmg,@NurdinJaman-q7r,Di masa kepemimpinan lalu mafia subur namun non partisan di kriminalisasi. Musuh politik di kebiri,0,2025-11-10T22:10:11Z,Di masa kepemimpinan lalu mafia subur namun non partisan di kriminalisasi Musuh politik di kebiri,masa kepemimpinan lalu mafia subur non partisan kriminalisasi musuh politik kebiri
eEMz6w_ZGmg,@riorio-m9m,Allah ya Allah ..lindungi PK Purbaya pnjang kn umur nya ..,0,2025-11-10T06:39:31Z,Allah ya Allah lindungi PK Purbaya pnjang kn umur nya,allah allah lindungi purbaya pnjang umur nya
eEMz6w_ZGmg,@UdinUcle,❤. Mikum kebohongan itu satu saat nanti pasti akan terbongkar juga amin,1,2025-11-09T18:02:48Z,Mikum kebohongan itu satu saat nanti pasti akan terbongkar juga amin,mikum kebohongan satu saat nanti pasti terbongkar amin
eEMz6w_ZGmg,@AlbertKusen,"Menkeu Purbaya & jaksa agung Burhanuddin mendesak utk klarifikasi 'dana gelap' puluhan ribu T hsl import. Demi reputasi ex menkeu SMI era SBY (2013 dan jokowi (2014-2019) perlu dijadikan saksi sbg ex menkeu yg membawahi dirjen pajak, khususnya bea cukai, terutama utk konfirmasi penjelasan narsum tsb.",0,2025-11-09T13:27:42Z,Menkeu Purbaya jaksa agung Burhanuddin mendesak utk klarifikasi dana gelap puluhan ribu T hsl import Demi reputasi ex menkeu SMI era SBY 2013 dan jokowi 2014 2019 perlu dijadikan saksi sbg ex menkeu yg membawahi dirjen pajak khususnya bea cukai terutama utk konfirmasi penjelasan narsum tsb,menkeu purbaya jaksa agung burhanuddin mendesak klarifikasi dana gelap puluhan ribu hsl import demi reputasi menkeu smi era sbi jokowi perlu dijadikan saksi sbg menkeu membawahi dirjen pajak khususnya bea cukai terutama konfirmasi penjelasan narsum tsb
eEMz6w_ZGmg,@KosasihAhmad-c8p,"WAJIB BUAT HARUM DAN DAPAT RIDHO NYA AAMIIN AMANAH SIDIQ FATHONAH TABLIGH DAN DAPAT RIDHO NYA AAMIIN UNTUK JADI INDONESIA MAKMUR EMAS MAJU SEGALA BIDANG DAN DAPAT RIDHO NYA AAMIIN BERKAH SELALU AAMIIN AMANAH SIDIQ FATHONAH TABLIGH DAN DAPAT RIDHO NYA AAMIIN DAN BANGSA RAKYAT INDONESIA MAKMUR EMAS MAJU SEGALA BIDANG DAN DAPAT RIDHO NYA AAMIIN BAHAGIA SELALU DIDUNIA DAN DI AKHIRAT KELAK KITE SEMUE SELALU AAMIIN DAN DAPAT RIDHO NYA AAMIIN BERKAH SELALU AAMIIN TAKBIRRR ALLOHU AKBARRR INSYAALLOH ALHAMDULILLAH ALLOHUMMA SOLI ALA MUHAMMAD WAALA ALIH MUHAMMAD 

HORMAT KAMI 
SELURUH BANGSA RAKYAT INDONESIA MAKMUR EMAS MAJU SEGALA BIDANG DAN DAPAT RIDHO NYA AAMIIN BERKAH SELALU AAMIIN AMANAH SIDIQ FATHONAH TABLIGH DAN DAPAT RIDHO NYA AAMIIN TAKBIRRR ALLOHU AKBARRR INSYAALLOH ALHAMDULILLAH ALLOHUMMA SOLI ALA MUHAMMAD WAALA ALIH MUHAMMAD",1,2025-11-09T07:02:09Z,WAJIB BUAT HARUM DAN DAPAT RIDHO NYA AAMIIN AMANAH SIDIQ FATHONAH TABLIGH DAN DAPAT RIDHO NYA AAMIIN UNTUK JADI INDONESIA MAKMUR EMAS MAJU SEGALA BIDANG DAN DAPAT RIDHO NYA AAMIIN BERKAH SELALU AAMIIN AMANAH SIDIQ FATHONAH TABLIGH DAN DAPAT RIDHO NYA AAMIIN DAN BANGSA RAKYAT INDONESIA MAKMUR EMAS MAJU SEGALA BIDANG DAN DAPAT RIDHO NYA AAMIIN BAHAGIA SELALU DIDUNIA DAN DI AKHIRAT KELAK KITE SEMUE SELALU AAMIIN DAN DAPAT RIDHO NYA AAMIIN BERKAH SELALU AAMIIN TAKBIRRR ALLOHU AKBARRR INSYAALLOH ALHAMDULILLAH ALLOHUMMA SOLI ALA MUHAMMAD WAALA ALIH MUHAMMAD HORMAT KAMI SELURUH BANGSA RAKYAT INDONESIA MAKMUR EMAS MAJU SEGALA BIDANG DAN DAPAT RIDHO NYA AAMIIN BERKAH SELALU AAMIIN AMANAH SIDIQ FATHONAH TABLIGH DAN DAPAT RIDHO NYA AAMIIN TAKBIRRR ALLOHU AKBARRR INSYAALLOH ALHAMDULILLAH ALLOHUMMA SOLI ALA MUHAMMAD WAALA ALIH MUHAMMAD,wajib buat harum dapat ridho nya aamiin amanah sidiq fathonah tabligh dapat ridho nya aamiin jadi indonesia makmur ema maju segala bidang dapat ridho nya aamiin berkah selalu aamiin amanah sidiq fathonah tabligh dapat ridho nya aamiin bangsa rakyat indonesia makmur ema maju segala bidang dapat ridho nya aamiin bahagia selalu didunia akhirat kelak kite semu selalu aamiin dapat ridho nya aamiin berkah selalu aamiin takbirrr allohu akbarrr insyaalloh alhamdulillah allohumma soli ala muhammad waala alih muhammad hormat kami seluruh bangsa rakyat indonesia makmur ema maju segala bidang dapat ridho nya aamiin berkah selalu aamiin amanah sidiq fathonah tabligh dapat ridho nya aamiin takbirrr allohu akbarrr insyaalloh alhamdulillah allohumma soli ala muhammad waala alih muhammad
eEMz6w_ZGmg,@KosasihAhmad-c8p,"JANGAN PAKE KENYI RAGU ATAU NYALI KECIL DAN WAJIB PUNYE NYALI GEDE UNTUK MEMBERANTAS KORUPSI KEJAHATAN KEZOLIMAN DAN WAJIB BERANI KOMPAK SEMUE MEMBELA KEJUJURAN KEADILAN CERDAS KUAT IMAN DAN TAQWA CINTA DAMAI SEJAHTERA SELALU DIDUNIA DAN DI AKHIRAT KELAK SELALU AAMIIN DAN DAPAT RIDHO NYA AAMIIN BERKAH SELALU AAMIIN AMANAH SIDIQ FATHONAH TABLIGH DAN DAPAT RIDHO NYA AAMIIN 
DAN WAJIB SEMUE BERANI KOMPAK SEMUE MEMBELA BANGSA RAKYAT INDONESIA MAKMUR EMAS MAJU SEGALA BIDANG DAN DAPAT RIDHO NYA AAMIIN AMANAH SIDIQ FATHONAH TABLIGH DAN DAPAT RIDHO NYA AAMIIN BERKAH SELALU AAMIIN TAKBIRRR ALLOHU AKBARRR INSYAALLOH ALHAMDULILLAH ALLOHUMMA SOLI ALA MUHAMMAD WAALA ALIH MUHAMMAD 

HORMAT KAMI 
SELURUH BANGSA RAKYAT INDONESIA MAKMUR EMAS MAJU SEGALA BIDANG DAN DAPAT RIDHO NYA AAMIIN AMANAH SIDIQ FATHONAH TABLIGH DAN DAPAT RIDHO NYA AAMIIN BERKAH SELALU AAMIIN TAKBIRRR ALLOHU AKBARRR INSYAALLOH ALHAMDULILLAH ALLOHUMMA SOLI ALA MUHAMMAD WAALA ALIH MUHAMMAD",1,2025-11-09T06:51:33Z,JANGAN PAKE KENYI RAGU ATAU NYALI KECIL DAN WAJIB PUNYE NYALI GEDE UNTUK MEMBERANTAS KORUPSI KEJAHATAN KEZOLIMAN DAN WAJIB BERANI KOMPAK SEMUE MEMBELA KEJUJURAN KEADILAN CERDAS KUAT IMAN DAN TAQWA CINTA DAMAI SEJAHTERA SELALU DIDUNIA DAN DI AKHIRAT KELAK SELALU AAMIIN DAN DAPAT RIDHO NYA AAMIIN BERKAH SELALU AAMIIN AMANAH SIDIQ FATHONAH TABLIGH DAN DAPAT RIDHO NYA AAMIIN DAN WAJIB SEMUE BERANI KOMPAK SEMUE MEMBELA BANGSA RAKYAT INDONESIA MAKMUR EMAS MAJU SEGALA BIDANG DAN DAPAT RIDHO NYA AAMIIN AMANAH SIDIQ FATHONAH TABLIGH DAN DAPAT RIDHO NYA AAMIIN BERKAH SELALU AAMIIN TAKBIRRR ALLOHU AKBARRR INSYAALLOH ALHAMDULILLAH ALLOHUMMA SOLI ALA MUHAMMAD WAALA ALIH MUHAMMAD HORMAT KAMI SELURUH BANGSA RAKYAT INDONESIA MAKMUR EMAS MAJU SEGALA BIDANG DAN DAPAT RIDHO NYA AAMIIN AMANAH SIDIQ FATHONAH TABLIGH DAN DAPAT RIDHO NYA AAMIIN BERKAH SELALU AAMIIN TAKBIRRR ALLOHU AKBARRR INSYAALLOH ALHAMDULILLAH ALLOHUMMA SOLI ALA MUHAMMAD WAALA ALIH MUHAMMAD,jangan pake kenyi ragu nyali kecil wajib puny nyali gede memberanta korupsi kejahatan kezoliman wajib berani kompak semu membela kejujuran keadilan cerda kuat iman taqwa cinta damai sejahtera selalu didunia akhirat kelak selalu aamiin dapat ridho nya aamiin berkah selalu aamiin amanah sidiq fathonah tabligh dapat ridho nya aamiin wajib semu berani kompak semu membela bangsa rakyat indonesia makmur ema maju segala bidang dapat ridho nya aamiin amanah sidiq fathonah tabligh dapat ridho nya aamiin berkah selalu aamiin takbirrr allohu akbarrr insyaalloh alhamdulillah allohumma soli ala muhammad waala alih muhammad hormat kami seluruh bangsa rakyat indonesia makmur ema maju segala bidang dapat ridho nya aamiin amanah sidiq fathonah tabligh dapat ridho nya aamiin berkah selalu aamiin takbirrr allohu akbarrr insyaalloh alhamdulillah allohumma soli ala muhammad waala alih muhammad
eEMz6w_ZGmg,@KosasihAhmad-c8p,"INSYAALLOH BAPAK PURBAYA SEGERA CEPET SEMUE KOMPAK MEMBERANTAS KORUPSI KEJAHATAN KEZOLIMAN DAN WAJIB BERANI KOMPAK SEMUE MEMBELA KEJUJURAN KEADILAN CERDAS KUAT IMAN DAN TAQWA CINTA DAMAI SEJAHTERA SELALU DIDUNIA DAN DI AKHIRAT KELAK SELALU AAMIIN AMANAH SIDIQ FATHONAH TABLIGH DAN DAPAT RIDHO NYA AAMIIN BERKAH SELALU AAMIIN DAN WAJIB BERANI KOMPAK SEMUE MEMBELA BANGSA RAKYAT INDONESIA MAKMUR EMAS MAJU SEGALA BIDANG DAN DAPAT RIDHO NYA AAMIIN BERKAH SELALU AAMIIN TAKBIRRR ALLOHU AKBARRR INSYAALLOH ALHAMDULILLAH ALLOHUMMA SOLI ALA MUHAMMAD WAALA ALIH MUHAMMAD 

HORMAT KAMI 
SELURUH BANGSA RAKYAT INDONESIA MAKMUR EMAS MAJU SEGALA BIDANG DAN DAPAT RIDHO NYA AAMIIN AMANAH SIDIQ FATHONAH TABLIGH DAN DAPAT RIDHO NYA AAMIIN BERKAH SELALU AAMIIN TAKBIRRR ALLOHU AKBARRR INSYAALLOH ALHAMDULILLAH ALLOHUMMA SOLI ALA MUHAMMAD WAALA ALIH MUHAMMAD",1,2025-11-09T06:43:25Z,INSYAALLOH BAPAK PURBAYA SEGERA CEPET SEMUE KOMPAK MEMBERANTAS KORUPSI KEJAHATAN KEZOLIMAN DAN WAJIB BERANI KOMPAK SEMUE MEMBELA KEJUJURAN KEADILAN CERDAS KUAT IMAN DAN TAQWA CINTA DAMAI SEJAHTERA SELALU DIDUNIA DAN DI AKHIRAT KELAK SELALU AAMIIN AMANAH SIDIQ FATHONAH TABLIGH DAN DAPAT RIDHO NYA AAMIIN BERKAH SELALU AAMIIN DAN WAJIB BERANI KOMPAK SEMUE MEMBELA BANGSA RAKYAT INDONESIA MAKMUR EMAS MAJU SEGALA BIDANG DAN DAPAT RIDHO NYA AAMIIN BERKAH SELALU AAMIIN TAKBIRRR ALLOHU AKBARRR INSYAALLOH ALHAMDULILLAH ALLOHUMMA SOLI ALA MUHAMMAD WAALA ALIH MUHAMMAD HORMAT KAMI SELURUH BANGSA RAKYAT INDONESIA MAKMUR EMAS MAJU SEGALA BIDANG DAN DAPAT RIDHO NYA AAMIIN AMANAH SIDIQ FATHONAH TABLIGH DAN DAPAT RIDHO NYA AAMIIN BERKAH SELALU AAMIIN TAKBIRRR ALLOHU AKBARRR INSYAALLOH ALHAMDULILLAH ALLOHUMMA SOLI ALA MUHAMMAD WAALA ALIH MUHAMMAD,insyaalloh bapak purbaya segera cepet semu kompak memberanta korupsi kejahatan kezoliman wajib berani kompak semu membela kejujuran keadilan cerda kuat iman taqwa cinta damai sejahtera selalu didunia akhirat kelak selalu aamiin amanah sidiq fathonah tabligh dapat ridho nya aamiin berkah selalu aamiin wajib berani kompak semu membela bangsa rakyat indonesia makmur ema maju segala bidang dapat ridho nya aamiin berkah selalu aamiin takbirrr allohu akbarrr insyaalloh alhamdulillah allohumma soli ala muhammad waala alih muhammad hormat kami seluruh bangsa rakyat indonesia makmur ema maju segala bidang dapat ridho nya aamiin amanah sidiq fathonah tabligh dapat ridho nya aamiin berkah selalu aamiin takbirrr allohu akbarrr insyaalloh alhamdulillah allohumma soli ala muhammad waala alih muhammad
eEMz6w_ZGmg,@wakbyuk7294,Nungguin di tangkep nya koruptor2 mega.. kelas kakap,0,2025-11-09T05:09:58Z,Nungguin di tangkep nya koruptor2 mega kelas kakap,nungguin tangkep nya koruptor mega kela kakap
eEMz6w_ZGmg,@SafrionoYono,Saya suka bang Iksan terus kan bang kritiknya untuk negara kita,0,2025-11-09T04:50:37Z,Saya suka bang Iksan terus kan bang kritiknya untuk negara kita,suka bang iksan teru kan bang kritiknya negara
eEMz6w_ZGmg,@baronslaluupdate6742,"Gelooo pisan ini yg ketauan 10rb T. Yg blm ketauan gimana kabarnya, well good job Pa Purbaya. Bongkar sampe tuntas rakyat bersama mu",0,2025-11-09T01:44:35Z,Gelooo pisan ini yg ketauan 10rb T Yg blm ketauan gimana kabarnya well good job Pa Purbaya Bongkar sampe tuntas rakyat bersama mu,gelooo pisan ketauan blm ketauan gimana kabarnya well good job purbaya bongkar samp tunta rakyat bersama
eEMz6w_ZGmg,@Supardi-fr1sc,Indonesia sedang tidak baik baik saja....dalam Birokrasi....HANCUR oleh Mapia mapia...Dosaaaaa di pikul di akhiratttttt nanti,0,2025-11-07T05:14:05Z,Indonesia sedang tidak baik baik saja dalam Birokrasi HANCUR oleh Mapia mapia Dosaaaaa di pikul di akhiratttttt nanti,indonesia sedang tidak baik baik birokrasi hancur mapia mapia dosaaaaa pikul akhiratttttt nanti
eEMz6w_ZGmg,@EndangSulistyowati-f1e,Yok Rakyat kawal P Purbaya. Semoga sehat selalu Alloh melindungi P Prabowo dan P Menkeu Purbaya 👍❤,1,2025-11-07T03:57:34Z,Yok Rakyat kawal P Purbaya Semoga sehat selalu Alloh melindungi P Prabowo dan P Menkeu Purbaya,yok rakyat kawal purbaya semoga sehat selalu alloh melindungi prabowo menkeu purbaya
eEMz6w_ZGmg,@dwardyoo9694,"Ijin bertanya apakah pada mesin dispenser SPBU pertamina yang mengurangi 1 digit angka 0 dibelakangnya apakah itu masuk kedalam kategori misinvoicing? 
Agar para pelaku usaha SPBU membayar faktur pajak sesuai dengan tacometer pada mesin dispenser?",0,2025-11-06T18:26:08Z,Ijin bertanya apakah pada mesin dispenser SPBU pertamina yang mengurangi 1 digit angka 0 dibelakangnya apakah itu masuk kedalam kategori misinvoicing Agar para pelaku usaha SPBU membayar faktur pajak sesuai dengan tacometer pada mesin dispenser,ijin bertanya apakah mesin dispens spbu pertamina mengurangi digit angka dibelakangnya apakah masuk kedalam kategori misinvo para pelaku usaha spbu membayar faktur pajak sesuai tacomet mesin dispens
eEMz6w_ZGmg,@sudiyanto3889,Panteslah para pejabat hidupnya mewah.harta melimpah.ini ternyata ada kerja sama para koruptor di segala sektor.😢😢,0,2025-11-06T06:02:53Z,Panteslah para pejabat hidupnya mewah harta melimpah ini ternyata ada kerja sama para koruptor di segala sektor,panteslah para pejabat hidupnya mewah harta melimpah ternyata kerja sama para koruptor segala sektor
eEMz6w_ZGmg,@heruheru5056,"Berantas koruptor pak..heran negeri ini banyak baget mailing uang rakyat, banyak banget koruptor pengkhianat bangsa penghisap uang rakyat..😢😮😮",0,2025-11-06T04:44:31Z,Berantas koruptor pak heran negeri ini banyak baget mailing uang rakyat banyak banget koruptor pengkhianat bangsa penghisap uang rakyat,beranta koruptor pak heran negeri banyak baget mail uang rakyat banyak banget koruptor pengkhianat bangsa penghisap uang rakyat
eEMz6w_ZGmg,@asriodeteke2783,"Owner Wuna Ekosinergi Teknologi berpendapat wajib kita out of the box dan prioritaskan pembangunan aset negara di bidang pangan dan lainnya. 
Bumi NKRI miliki segalanya Owner Wuna Ekosinergi Teknologi siap kerja cerdas tanpa basa basi  untuk Indonesia freedom bangsa Indonesia makmur insyaAllah❤🎉🎉🎉🎉",0,2025-11-06T01:25:30Z,Owner Wuna Ekosinergi Teknologi berpendapat wajib kita out of the box dan prioritaskan pembangunan aset negara di bidang pangan dan lainnya Bumi NKRI miliki segalanya Owner Wuna Ekosinergi Teknologi siap kerja cerdas tanpa basa basi untuk Indonesia freedom bangsa Indonesia makmur insyaAllah,owner wuna ekosinergi teknolog berpendapat wajib out box prioritaskan pembangunan aset negara bidang pangan lainnya bumi nkri miliki segalanya owner wuna ekosinergi teknolog siap kerja cerda tanpa basa basi indonesia freedom bangsa indonesia makmur insyaallah
eEMz6w_ZGmg,@MochMarfadie,"Pak Prabowo dan Pak Purbaya  bekerja keras bersih-bersih mafia dan koruptor serta menerapkan pejabat untuk jujur, disiplin menjalankan aturan dengan jiwa nasionalis.",1,2025-11-06T01:13:31Z,Pak Prabowo dan Pak Purbaya bekerja keras bersih bersih mafia dan koruptor serta menerapkan pejabat untuk jujur disiplin menjalankan aturan dengan jiwa nasionalis,pak prabowo pak purbaya bekerja kera bersih bersih mafia koruptor serta menerapkan pejabat jujur disiplin menjalankan aturan jiwa nasionali
eEMz6w_ZGmg,@ridwaniwan4619,"Sekuat apapun pak Purbaya,kalau presiden masih pilih2 pemberantasan korupsi akan sia2 (korupsi yg di lakukan pemerintahan Jokowi tdak berani sentuh)",0,2025-11-05T23:57:53Z,Sekuat apapun pak Purbaya kalau presiden masih pilih2 pemberantasan korupsi akan sia2 korupsi yg di lakukan pemerintahan Jokowi tdak berani sentuh,sekuat apapun pak purbaya kalau presiden masih pilih pemberantasan korupsi sia korupsi lakukan pemerintahan jokowi tdak berani sentuh
eEMz6w_ZGmg,@BayuPrakarso-x6f,"Dr 2014 sampai 2023, siapa yg jd presidennya dan siapa yg jd menteri segala urusan ? Apa Prabowo berani memerintahkan untuk memeriksa kedua orang itu, krn kedua orang itu yg banyak berurusan dgn tiongkok😢",0,2025-11-05T23:20:15Z,Dr 2014 sampai 2023 siapa yg jd presidennya dan siapa yg jd menteri segala urusan Apa Prabowo berani memerintahkan untuk memeriksa kedua orang itu krn kedua orang itu yg banyak berurusan dgn tiongkok,siapa presidennya siapa menteri segala urusan apa prabowo berani memerintahkan memeriksa kedua orang krn kedua orang banyak berurusan tiongkok
eEMz6w_ZGmg,@asriodeteke2783,Setelah menkeu RI Purbaya bicara vlak2an tentang kebocoran keuangan negara maka fakta tsb jadi aneh (mafia),0,2025-11-05T22:20:59Z,Setelah menkeu RI Purbaya bicara vlak2an tentang kebocoran keuangan negara maka fakta tsb jadi aneh mafia,menkeu purbaya bicara vlakan tentang kebocoran keuangan negara maka fakta tsb jadi aneh mafia
eEMz6w_ZGmg,@asriodeteke2783,Hal tsb merupakan kebiasaan yang terjadi dalam dunia bisnis  oleh pebisnis dan oknum pemerintah terkait(budaya),0,2025-11-05T22:15:43Z,Hal tsb merupakan kebiasaan yang terjadi dalam dunia bisnis oleh pebisnis dan oknum pemerintah terkait budaya,hal tsb merupakan kebiasaan terjadi dunia bisni pebisni oknum pemerintah terkait budaya
eEMz6w_ZGmg,@PakSardi-d4j,Mari p prabowo  p porbaya kita.dukong bersama sama jangan takot orang yg TK suka,0,2025-11-05T18:41:31Z,Mari p prabowo p porbaya kita dukong bersama sama jangan takot orang yg TK suka,mari prabowo porbaya dukong bersama sama jangan takot orang suka
eEMz6w_ZGmg,@PakSardi-d4j,P purbaya pra koropsi itu harus dihabiskan jangan tebangpiplih Lo inirakyat dismping itusemua perampok uang negara kapan rakyat merdeka,0,2025-11-05T18:36:13Z,P purbaya pra koropsi itu harus dihabiskan jangan tebangpiplih Lo inirakyat dismping itusemua perampok uang negara kapan rakyat merdeka,purbaya pra koropsi haru dihabiskan jangan tebangpiplih inirakyat dismp itusemua perampok uang negara kapan rakyat merdeka
eEMz6w_ZGmg,@syamsularifin8842,10 000 TRILYUN  = 10 Bilyun boss 😊😊😊😊😊😊😊,0,2025-11-05T18:33:13Z,10 000 TRILYUN 10 Bilyun boss,trilyun bilyun boss
eEMz6w_ZGmg,@AlAl-x9h6n,Purbaya Yudhi Sadewa Menkeu yang diutus Allah seperti nabi Yusuf di Mesir,0,2025-11-05T16:16:41Z,Purbaya Yudhi Sadewa Menkeu yang diutus Allah seperti nabi Yusuf di Mesir,purbaya yudhi sadewa menkeu diutu allah seperti nabi yusuf mesir
eEMz6w_ZGmg,@EdiNur-sz8ps,"Ini berjalan belasan tahun. , siapa yg diam selama ini  ,parah bangat .",0,2025-11-05T15:14:55Z,Ini berjalan belasan tahun siapa yg diam selama ini parah bangat,berjalan belasan tahun siapa diam parah bangat
eEMz6w_ZGmg,@kasturiyunani,"Spt pak Amran langkahnya, maka dlm waktu singkat pertanian brrhasil dsngat bsgus dan nyata. Semoga pak Purbaya juga sama, sehingga ekonomi membaik dlm waktu singjat",0,2025-11-05T13:47:32Z,Spt pak Amran langkahnya maka dlm waktu singkat pertanian brrhasil dsngat bsgus dan nyata Semoga pak Purbaya juga sama sehingga ekonomi membaik dlm waktu singjat,spt pak amran langkahnya maka dlm waktu singkat pertanian brrhasil dsngat bsgu nyata semoga pak purbaya sama ekonomi membaik dlm waktu singjat
eEMz6w_ZGmg,@KaiiGtg-tu4ur,Nah mafia migas mafia ekonomi inilah yang mendanai para bazer politikus pengamat para profesor menyerang Jokowi prabowo kerna terusik bisnis haramnya…ngeri sadis politikus dan oligarqi di negri konoha ini…untung rakyat sdh cerdas,0,2025-11-05T13:35:38Z,Nah mafia migas mafia ekonomi inilah yang mendanai para bazer politikus pengamat para profesor menyerang Jokowi prabowo kerna terusik bisnis haramnyangeri sadis politikus dan oligarqi di negri konoha iniuntung rakyat sdh cerdas,nah mafia miga mafia ekonomi inilah mendanai para bazer politiku pengamat para profesor menyerang jokowi prabowo kerna terusik bisni haramnyangeri sadi politiku oligarqi negri konoha iniuntung rakyat cerda
eEMz6w_ZGmg,@FahrowiFahrowi,Mantap tidak ada kata terlambat bapak Presiden qu utk member hangus rombongan yg merongrong perekonomian Indonesia menteri keuangan pokok nya top deh sikat habis pak purbaya,0,2025-11-05T13:01:24Z,Mantap tidak ada kata terlambat bapak Presiden qu utk member hangus rombongan yg merongrong perekonomian Indonesia menteri keuangan pokok nya top deh sikat habis pak purbaya,mantap tidak kata terlambat bapak presiden member hangu rombongan merongrong perekonomian indonesia menteri keuangan pokok nya top deh sikat habi pak purbaya
eEMz6w_ZGmg,@LilyXcoocies,MINYAK MENTAH,0,2025-11-05T11:01:21Z,MINYAK MENTAH,minyak mentah
eEMz6w_ZGmg,@Ger4rds,"Ntar lagi Purbaya pasti diserang utk dilengserkan, “ musuhnya” begitu banyak & punya uang.",0,2025-11-05T10:11:43Z,Ntar lagi Purbaya pasti diserang utk dilengserkan musuhnya begitu banyak punya uang,ntar purbaya pasti diserang dilengserkan musuhnya begitu banyak punya uang
eEMz6w_ZGmg,@AnomHarimurti,"Bagus, Trifting diberantas dari pelabuhan, bukan di pasarnya...
Fokus ke pedagang besarnya, bukan pedagang kecil.",1,2025-11-05T06:08:44Z,Bagus Trifting diberantas dari pelabuhan bukan di pasarnya Fokus ke pedagang besarnya bukan pedagang kecil,bagu trift diberanta pelabuhan bukan pasarnya foku pedagang besarnya bukan pedagang kecil
eEMz6w_ZGmg,@SanjayaRD-c5x,Rakyat jg ikut gruduk klo penyeludup jg mavia berbelit2. Tuntaskan yg buat rugi negara jg rakyat. Rakyat pantau trs,0,2025-11-05T05:18:49Z,Rakyat jg ikut gruduk klo penyeludup jg mavia berbelit2 Tuntaskan yg buat rugi negara jg rakyat Rakyat pantau trs,rakyat ikut gruduk klo penyeludup mavia berbelit tuntaskan buat rugi negara rakyat rakyat pantau tr
eEMz6w_ZGmg,@mediafunny1987,"Hayo lingkaran setan sudah mulai terlihat nih, tunggu clue selanjutnya",0,2025-11-05T05:16:26Z,Hayo lingkaran setan sudah mulai terlihat nih tunggu clue selanjutnya,hayo lingkaran setan mulai terlihat nih tunggu clue selanjutnya
eEMz6w_ZGmg,@milamilaaa6762,Kita dukung yg jujur dn pk purbaya,0,2025-11-05T02:27:09Z,Kita dukung yg jujur dn pk purbaya,dukung jujur purbaya
eEMz6w_ZGmg,@jeremiasimanjuntak6244,"Masak sih sebagai mentri keuangan gak bis nendeteksi under invoicing dan over invoicing? 
Kan pembayaran dilakukan atas tanda tangan mentri keuangan. 
Dan laporan  inspeksi lapaangan export importnya masak gak di baca? 
Apa waktu baca laporan sambil telponan sama doi? 😂😂😂",0,2025-11-05T02:00:38Z,Masak sih sebagai mentri keuangan gak bis nendeteksi under invoicing dan over invoicing Kan pembayaran dilakukan atas tanda tangan mentri keuangan Dan laporan inspeksi lapaangan export importnya masak gak di baca Apa waktu baca laporan sambil telponan sama doi,masak sih sebagai mentri keuangan gak bi nendeteksi under invoic over invoic kan pembayaran dilakukan ata tanda tangan mentri keuangan laporan inspeksi lapaangan export importnya masak gak baca apa waktu baca laporan telponan sama doi
eEMz6w_ZGmg,@jeremiasimanjuntak6244,"Ngeri ya, miss invoicing.",0,2025-11-05T01:50:42Z,Ngeri ya miss invoicing,ngeri miss invoic
eEMz6w_ZGmg,@WahidiGsk,"Nah kalau uang yg di rampok oleh manusia yg berdasi indonesia untuk bangun ikn g perlu pinjam duwit sama investor.
Jadi kota hantu spt yg diisukan oleh wartawan inggris sama manusia 2 indonesia yg jadi budak2 asing",0,2025-11-05T00:46:44Z,Nah kalau uang yg di rampok oleh manusia yg berdasi indonesia untuk bangun ikn g perlu pinjam duwit sama investor Jadi kota hantu spt yg diisukan oleh wartawan inggris sama manusia 2 indonesia yg jadi budak2 asing,nah kalau uang rampok manusia berdasi indonesia bangun ikn perlu pinjam duwit sama investor jadi kota hantu spt diisukan wartawan inggri sama manusia indonesia jadi budak ase
eEMz6w_ZGmg,@JokoSampurno-h1v,"Kata Mulyono dulu bhw : ""DIKANTONG SY ADA Rp. 11.000 T.""...mgk Pemerintahan Presiden Prabowo Subianto dlm hal ini,Aparat2 Penegak Hukumnya perlu sgt menelusuri kbenaran & keberadaan akn Dana tsb yaa..Mgk disimpan pd Bank2 di Luar Negri & dlm BUNGKER2 RAHASIA dlm upaya Pencucian Uang lwt Uang Deposito di Rekening- Kroni2nya...Mhn maaf, jk pendapat sy keliru.. Wsslmkm WW..",1,2025-11-05T00:38:18Z,Kata Mulyono dulu bhw DIKANTONG SY ADA Rp 11 000 T mgk Pemerintahan Presiden Prabowo Subianto dlm hal ini Aparat2 Penegak Hukumnya perlu sgt menelusuri kbenaran keberadaan akn Dana tsb yaa Mgk disimpan pd Bank2 di Luar Negri dlm BUNGKER2 RAHASIA dlm upaya Pencucian Uang lwt Uang Deposito di Rekening Kroni2nya Mhn maaf jk pendapat sy keliru Wsslmkm WW,kata mulyono dulu bhw dikantong mgk pemerintahan presiden prabowo subianto dlm hal aparat penegak hukumnya perlu sgt menelusuri kbenaran keberadaan akn dana tsb yaa mgk disimpan bank luar negri dlm bungker rahasia dlm upaya pencucian uang lwt uang deposito reken kroninya mhn maaf pendapat keliru wsslmkm
eEMz6w_ZGmg,@JokoSampurno-h1v,"Mhn Pak Presiden Prabowo Subianto,bt UU Negara RI, ykni HUKUMAN BERAT 30-40 thn, bgi para : Mafia, Pencuri, Perampok dn Koruptor yg sgt merugikan Negara..dn Penjarakan di Nusakambangan... 
Siapapun dia.., tnp pndang bulu.. Jgn takut Pak Presiden, Rakyat sllu setia berada dibelakang Anda.. Sebab, Rakyat sdh sgt MARAH, MUAK,mlihat perbuatan mrk...",1,2025-11-05T00:27:39Z,Mhn Pak Presiden Prabowo Subianto bt UU Negara RI ykni HUKUMAN BERAT 30 40 thn bgi para Mafia Pencuri Perampok dn Koruptor yg sgt merugikan Negara dn Penjarakan di Nusakambangan Siapapun dia tnp pndang bulu Jgn takut Pak Presiden Rakyat sllu setia berada dibelakang Anda Sebab Rakyat sdh sgt MARAH MUAK mlihat perbuatan mrk,mhn pak presiden prabowo subianto negara ykni hukuman berat thn bgi para mafia pencuri perampok koruptor sgt merugikan negara penjarakan nusakambangan siapapun tnp pndang bulu jgn takut pak presiden rakyat sllu setia berada dibelakang anda rakyat sgt marah muak mlihat perbuatan mrk
eEMz6w_ZGmg,@darmaparera5078,Indonesia ini banyak Pakar Pakar Ekonomi yang berjiwa Patriot @ Ichsanurdin Noorzi...🙏🇲🇨,0,2025-11-04T23:44:45Z,Indonesia ini banyak Pakar Pakar Ekonomi yang berjiwa Patriot Ichsanurdin Noorzi,indonesia banyak pakar pakar ekonomi berjiwa patriot ichsanurdin noorzi
eEMz6w_ZGmg,@darmaparera5078,Satu kata Hukuman Mati  bagi Koruptor...👎😠,0,2025-11-04T23:24:06Z,Satu kata Hukuman Mati bagi Koruptor,satu kata hukuman mati bagi koruptor
eEMz6w_ZGmg,@khumaidihmd7258,"Semoga upaya perintah membrantas mafia oknum ekspor impor berhasil, demi kemajuan dan kesejahteraan rakyat Indonesia",0,2025-11-04T21:53:44Z,Semoga upaya perintah membrantas mafia oknum ekspor impor berhasil demi kemajuan dan kesejahteraan rakyat Indonesia,semoga upaya perintah membranta mafia oknum ekspor impor berhasil demi kemajuan kesejahteraan rakyat indonesia
eEMz6w_ZGmg,@125Budi1967,Kelihatan si mantan menteri kuangan Fuad Bawazier itu juga gak ngapa-ngapain sekarang aja ngebacot.,0,2025-11-04T16:49:53Z,Kelihatan si mantan menteri kuangan Fuad Bawazier itu juga gak ngapa ngapain sekarang aja ngebacot,kelihatan mantan menteri kuangan fuad bawazi gak ngapa ngapain sekarang aja ngebacot
eEMz6w_ZGmg,@user-hw6mo3wx2l,Mari kita bersatu seluruh rakyat indonesia sa'atnya kita melawan mapia yg sudah merampok uang rakyat dn uang negara dan kita dukung Bpk presiden dn Bpk purbaya,0,2025-11-04T16:35:51Z,Mari kita bersatu seluruh rakyat indonesia sa atnya kita melawan mapia yg sudah merampok uang rakyat dn uang negara dan kita dukung Bpk presiden dn Bpk purbaya,mari bersatu seluruh rakyat indonesia atnya melawan mapia merampok uang rakyat uang negara dukung bpk presiden bpk purbaya
eEMz6w_ZGmg,@MuhMaris,"Sikat terus pelakux pak Purbaya ,itulah yg membuat rakyat menderita sekian lama .paling terasa 10 Tahun belakangan ini .",0,2025-11-04T11:27:32Z,Sikat terus pelakux pak Purbaya itulah yg membuat rakyat menderita sekian lama paling terasa 10 Tahun belakangan ini,sikat teru pelakux pak purbaya itulah membuat rakyat menderita sekian lama pale terasa tahun belakangan
eEMz6w_ZGmg,@ahmadyahya-u7r,Mantap kejar semua pihak  yang merugikan dan menyusahkan,0,2025-11-04T09:50:34Z,Mantap kejar semua pihak yang merugikan dan menyusahkan,mantap kejar semua pihak merugikan menyusahkan
eEMz6w_ZGmg,@Iwandoang-g9c,"RAKYAT  Mendukung  Pak  IKSAN  , Pemerintah  Harus  Memberatas  Para  MAFIA  (  PEMIMPINNYA  )  Jangan  Manyarakat  KECIL  yg  Di Berantas  Tidak  Tau  Masalahnya  ?",0,2025-11-04T09:33:02Z,RAKYAT Mendukung Pak IKSAN Pemerintah Harus Memberatas Para MAFIA PEMIMPINNYA Jangan Manyarakat KECIL yg Di Berantas Tidak Tau Masalahnya,rakyat mendukung pak iksan pemerintah haru memberata para mafia pemimpinnya jangan manyarakat kecil beranta tidak tau masalahnya
eEMz6w_ZGmg,@Iwandoang-g9c,"Pak  PRABOWO  harus  Mendukung  PROGRAM  MATERI  PURBAYA  !
RAKYAT  melihat  Masalah  ini  Sejak  Pemerintahan SUHARTO  !!!",0,2025-11-04T09:23:03Z,Pak PRABOWO harus Mendukung PROGRAM MATERI PURBAYA RAKYAT melihat Masalah ini Sejak Pemerintahan SUHARTO,pak prabowo haru mendukung program materi purbaya rakyat melihat masalah pemerintahan suharto
eEMz6w_ZGmg,@Iwandoang-g9c,Pak  Jelas  Ke Sengajaan  Jangan  Di Lindungi  RAKYAT  Tidak  Terima  Pak  PRESIDEN  HARUS  BERTINDAK  !!!,0,2025-11-04T09:13:46Z,Pak Jelas Ke Sengajaan Jangan Di Lindungi RAKYAT Tidak Terima Pak PRESIDEN HARUS BERTINDAK,pak jela sengajaan jangan lindungi rakyat tidak terima pak presiden haru bertindak
eEMz6w_ZGmg,@Iwandoang-g9c,"Pak  PRESIDEN  PRABOWO  TOLONG  RAKYAT  INDONESIA 
RAKYAT  Mendukung  Kerja  Pak  PURBAYA  ?  Memberantas  MAFIA  dan  KORUPTOR   !!!",0,2025-11-04T09:04:56Z,Pak PRESIDEN PRABOWO TOLONG RAKYAT INDONESIA RAKYAT Mendukung Kerja Pak PURBAYA Memberantas MAFIA dan KORUPTOR,pak presiden prabowo tolong rakyat indonesia rakyat mendukung kerja pak purbaya memberanta mafia koruptor
eEMz6w_ZGmg,@sugiharso9830,Sehat selalu untuk org2 yg berjuang dgn ikhlas untuk brantas KORUPSI,0,2025-11-04T08:40:38Z,Sehat selalu untuk org2 yg berjuang dgn ikhlas untuk brantas KORUPSI,sehat selalu org berjuang ikhla branta korupsi
eEMz6w_ZGmg,@sugiharso9830,Semoga bersih2 ini bisa sukses tanpa ekses dan dugunakan untuk kemakmuran masayrakat indonesia❤,0,2025-11-04T08:38:52Z,Semoga bersih2 ini bisa sukses tanpa ekses dan dugunakan untuk kemakmuran masayrakat indonesia,semoga bersih bisa suks tanpa eks dugunakan kemakmuran masayrakat indonesia
eEMz6w_ZGmg,@Gianetta-o2e,AUDIT semua lembaga2 pemerintah dan BUMN...,0,2025-11-04T08:29:44Z,AUDIT semua lembaga2 pemerintah dan BUMN,audit semua lembaga pemerintah bumn
eEMz6w_ZGmg,@holidaycell89,"mari kita dukung bpk porbaya untuk menyelamatkan uang NEGARA demi masa depan anak cucu bangsa, kita harus bersatu melawan para mafia brengsek.",0,2025-11-04T05:02:21Z,mari kita dukung bpk porbaya untuk menyelamatkan uang NEGARA demi masa depan anak cucu bangsa kita harus bersatu melawan para mafia brengsek,mari dukung bpk porbaya menyelamatkan uang negara demi masa depan anak cucu bangsa haru bersatu melawan para mafia brengsek
eEMz6w_ZGmg,@taukhidtaukhid8462,"Sumber kebocoran utama dari arah laut adalah bea cukai dan ikan ,penyelundup memasukkan banyak barang dr Thailand ,Malaysia , Singapura dan Asia timur , barang yg di selundup keluar masuk dr dan ke indonesia antara lain narkoba, gula , baju bekas , besi , nikel , timah , batubara , minyak , hp , emas , kain , sembako seperti bawang putih  merah , rokok , kayu dan banyak lagi , lubang terbanyak di Kepri , dan sepanjang pantai timur sumatra , terutama wilayah Riau , Sumut , Jambi , Babil, Kalbar ,  Kaltim , kaltara . Pelabuhan kecil dan besar juga ikut peran , contoh besi ambil dr China 1 juta ton maka di daftarkan 500 nanti bea cukai ikut kenduri , di laut juga penuh sandiwara apa yg penting pelicin begitulah Konoha mrereka melakukan demikian karena ada contoh , sbb si pembuat hukum adalh tokoh utama yg jadi pelanggar yaitu DPR yg penuh rasuah / korupsi,",0,2025-11-04T03:32:20Z,Sumber kebocoran utama dari arah laut adalah bea cukai dan ikan penyelundup memasukkan banyak barang dr Thailand Malaysia Singapura dan Asia timur barang yg di selundup keluar masuk dr dan ke indonesia antara lain narkoba gula baju bekas besi nikel timah batubara minyak hp emas kain sembako seperti bawang putih merah rokok kayu dan banyak lagi lubang terbanyak di Kepri dan sepanjang pantai timur sumatra terutama wilayah Riau Sumut Jambi Babil Kalbar Kaltim kaltara Pelabuhan kecil dan besar juga ikut peran contoh besi ambil dr China 1 juta ton maka di daftarkan 500 nanti bea cukai ikut kenduri di laut juga penuh sandiwara apa yg penting pelicin begitulah Konoha mrereka melakukan demikian karena ada contoh sbb si pembuat hukum adalh tokoh utama yg jadi pelanggar yaitu DPR yg penuh rasuah korupsi,sumber kebocoran utama arah laut bea cukai ikan penyelundup memasukkan banyak barang thailand malaysia singapura asia timur barang selundup keluar masuk indonesia antara lain narkoba gula baju beka besi nikel timah batubara minyak ema kain sembako seperti bawang putih merah rokok kayu banyak lubang terbanyak kepri sepanjang pantai timur sumatra terutama wilayah riau sumut jambi babil kalbar kaltim kaltara pelabuhan kecil besar ikut peran contoh besi ambil china juta ton maka daftarkan nanti bea cukai ikut kenduri laut penuh sandiwara apa pent pelicin begitulah konoha mrereka melakukan demikian contoh sbb pembuat hukum adalh tokoh utama jadi pelanggar dpr penuh rasuah korupsi
eEMz6w_ZGmg,@lalaroblox789,Syahkan dan berlakukan UU Peramposan Aset dan terapkan hukum mati.,0,2025-11-04T03:04:21Z,Syahkan dan berlakukan UU Peramposan Aset dan terapkan hukum mati,syahkan berlakukan peramposan aset terapkan hukum mati
eEMz6w_ZGmg,@TulungAgungStayTaiwan,"Keren kinerja bpk  Pkwadrat ini,lindungi kedua pahlawan negara ini yaAlloh sejahterakan seluruh rakyat indonesia  damai dan bahagiakan  kehidupan secara financial kami",0,2025-11-04T02:45:38Z,Keren kinerja bpk Pkwadrat ini lindungi kedua pahlawan negara ini yaAlloh sejahterakan seluruh rakyat indonesia damai dan bahagiakan kehidupan secara financial kami,keren kinerja bpk pkwadrat lindungi kedua pahlawan negara yaalloh sejahterakan seluruh rakyat indonesia damai bahagiakan kehidupan secara financi kami
eEMz6w_ZGmg,@Jun_like,"TANGKAP PELAKU2 YG MENGGEROGOTI NEGARA, INDONESIA SUDAH PARAH KORUPSINYA , LANGSUNG KEJAR PELAKUNYA SAMPAI KE AKAR2 NYA..",0,2025-11-04T01:58:27Z,TANGKAP PELAKU2 YG MENGGEROGOTI NEGARA INDONESIA SUDAH PARAH KORUPSINYA LANGSUNG KEJAR PELAKUNYA SAMPAI KE AKAR2 NYA,tangkap pelaku menggerogoti negara indonesia parah korupsinya langsung kejar pelakunya akar nya
eEMz6w_ZGmg,@pamomajid1408,Pak Prabowo harusnya ajak pak Ihsan bantu Purbaya,0,2025-11-04T01:32:26Z,Pak Prabowo harusnya ajak pak Ihsan bantu Purbaya,pak prabowo harusnya ajak pak ihsan bantu purbaya
eEMz6w_ZGmg,@on3setiawan910,dukung pak prabowo  dan pak purbaya,0,2025-11-04T01:26:08Z,dukung pak prabowo dan pak purbaya,dukung pak prabowo pak purbaya
eEMz6w_ZGmg,@IskandarDalle-p3t,"Bagaimanapun cangginya sistem di bangun, tdk akan efektip klu the men bihind the gun kongkalikong. Jadi harus dilakukan sidak sewaktu-waktu dan klu terjadi penyimpangan , oknum petugas yg terlibat harus ditindak dgn tegas.",0,2025-11-04T01:22:00Z,Bagaimanapun cangginya sistem di bangun tdk akan efektip klu the men bihind the gun kongkalikong Jadi harus dilakukan sidak sewaktu waktu dan klu terjadi penyimpangan oknum petugas yg terlibat harus ditindak dgn tegas,bagaimanapun cangginya sistem bangun efektip klu men bihind gun kongkalikong jadi haru dilakukan sidak sewaktu waktu klu terjadi penyimpangan oknum petuga terlibat haru ditindak tega
eEMz6w_ZGmg,@kangsur7185,Rakyat harus bergerak menangkap mafia ......bersama ..,0,2025-11-04T00:58:36Z,Rakyat harus bergerak menangkap mafia bersama,rakyat haru bergerak menangkap mafia bersama
eEMz6w_ZGmg,@zukkisolution,Maju pak purbaya dan pak prabowo,0,2025-11-04T00:33:42Z,Maju pak purbaya dan pak prabowo,maju pak purbaya pak prabowo
eEMz6w_ZGmg,@arifrachman6088,Era Jokowi era titik brutal mafia China,0,2025-11-03T23:21:09Z,Era Jokowi era titik brutal mafia China,era jokowi era titik brutal mafia china
eEMz6w_ZGmg,@tetegaul3040,Pak Mentri Purbaya kami rakyat RI siap mendukung basmi koropsi kami juga rakyat bertanya terhadap Sri Mulyani uang yg di sita ratusan sampai ribuan triliun ada di mana,0,2025-11-03T17:03:37Z,Pak Mentri Purbaya kami rakyat RI siap mendukung basmi koropsi kami juga rakyat bertanya terhadap Sri Mulyani uang yg di sita ratusan sampai ribuan triliun ada di mana,pak mentri purbaya kami rakyat siap mendukung basmi koropsi kami rakyat bertanya terhadap sri mulyani uang sita ratusan ribuan triliun
eEMz6w_ZGmg,@UjangHermansyah-z9t,Mereka layak dihukum mati . Dan sita semua aset aset mereka juga bekukan tabungan tabungan mereka . Uang negara harus kembali . Prabowo Subianto seluruh rakyat mendukung mu . Ini sudah sangat menyengsarakan rakyat Indonesia sampai 10 tahun . Ini harus segera dituntaskan . Pak Purbaya dan jaksa agung harapan rakyat ada di pundak mu ..,0,2025-11-03T16:16:49Z,Mereka layak dihukum mati Dan sita semua aset aset mereka juga bekukan tabungan tabungan mereka Uang negara harus kembali Prabowo Subianto seluruh rakyat mendukung mu Ini sudah sangat menyengsarakan rakyat Indonesia sampai 10 tahun Ini harus segera dituntaskan Pak Purbaya dan jaksa agung harapan rakyat ada di pundak mu,layak dihukum mati sita semua aset aset bekukan tabungan tabungan uang negara haru kembali prabowo subianto seluruh rakyat mendukung sangat menyengsarakan rakyat indonesia tahun haru segera dituntaskan pak purbaya jaksa agung harapan rakyat pundak
eEMz6w_ZGmg,@SyaminManap,Ya Alloh..ya rob...berikan kebarokahan dan kesehatan serta panjang umur kepada bapak Purbaya Budi Sadewa amin Alloh Huma amin....,0,2025-11-03T15:48:24Z,Ya Alloh ya rob berikan kebarokahan dan kesehatan serta panjang umur kepada bapak Purbaya Budi Sadewa amin Alloh Huma amin,alloh rob berikan kebarokahan kesehatan serta panjang umur kepada bapak purbaya budi sadewa amin alloh huma amin
eEMz6w_ZGmg,@MochamadIlham-xv7zk,Secepatnya Purbaya diberi wewenang lebih luas jadi wapres biar Prabowo kurang kesibukannya mereka berdua bapak bangsa,0,2025-11-03T14:01:33Z,Secepatnya Purbaya diberi wewenang lebih luas jadi wapres biar Prabowo kurang kesibukannya mereka berdua bapak bangsa,secepatnya purbaya diberi wewenang lebih lua jadi wapr biar prabowo kurang kesibukannya berdua bapak bangsa
eEMz6w_ZGmg,@ezraalviano-gn2wt,"kami sangat bersukur pmrintahan sprti ini yg rakyat nanti2kan dari dulu tgas tuntas,,ayo trus kjar plaku pngglapan sluruh rakyat siap brgrak lindungi bliau2,..👍👍👍",0,2025-11-03T13:56:07Z,kami sangat bersukur pmrintahan sprti ini yg rakyat nanti2kan dari dulu tgas tuntas ayo trus kjar plaku pngglapan sluruh rakyat siap brgrak lindungi bliau2,kami sangat bersukur pmrintahan sprti rakyat nantikan dulu tga tunta ayo tru kjar plaku pngglapan sluruh rakyat siap brgrak lindungi bliau
eEMz6w_ZGmg,@ezraalviano-gn2wt,"jangannsampei bliou2 ini sampai trluka,,ayo rak yat kita dukung dan lindungi tokoh2 hebat ini",0,2025-11-03T13:46:29Z,jangannsampei bliou2 ini sampai trluka ayo rak yat kita dukung dan lindungi tokoh2 hebat ini,jangannsampei bliou trluka ayo rak yat dukung lindungi tokoh hebat
eEMz6w_ZGmg,@ezraalviano-gn2wt,"kawalan purbaya harus lbih aktip dan lbih ktat ayo putra bangsa beking purbata,,,,harus kapan lagi kita indonesia mmiliki sikap sprti bliau yg harus patut di tiru,,indonesia megah",0,2025-11-03T13:44:16Z,kawalan purbaya harus lbih aktip dan lbih ktat ayo putra bangsa beking purbata harus kapan lagi kita indonesia mmiliki sikap sprti bliau yg harus patut di tiru indonesia megah,kawalan purbaya haru lbih aktip lbih ktat ayo putra bangsa beke purbata haru kapan indonesia mmiliki sikap sprti bliau haru patut tiru indonesia megah
eEMz6w_ZGmg,@ezraalviano-gn2wt,"mantap trus maju,,jangan takut hidup cuma skali,,akan tetapi sjarah ttap trknang slama dunia ini utuh",0,2025-11-03T13:38:15Z,mantap trus maju jangan takut hidup cuma skali akan tetapi sjarah ttap trknang slama dunia ini utuh,mantap tru maju jangan takut hidup cuma skali tetapi sjarah ttap trknang slama dunia utuh
eEMz6w_ZGmg,@musyafakyahya9848,Namanya mafia sdh disengaja dn firencanakan,0,2025-11-03T13:27:31Z,Namanya mafia sdh disengaja dn firencanakan,namanya mafia disengaja firencanakan
eEMz6w_ZGmg,@musyafakyahya9848,"Sehat slalu p. Pur 
Dan sukses",1,2025-11-03T13:15:16Z,Sehat slalu p Pur Dan sukses,sehat slalu pur suks
eEMz6w_ZGmg,@muhtarquraini9832,Masyarakat harus bersatu untuk melawan mafia yang memiskinkanasyarakat.,0,2025-11-03T12:18:56Z,Masyarakat harus bersatu untuk melawan mafia yang memiskinkanasyarakat,masyarakat haru bersatu melawan mafia memiskinkanasyarakat
eEMz6w_ZGmg,@DestroMet-kd8yf,"Tukang ngakali, dunia adalah tuhannya. dianggap dapat melindunginya, dapat membahagiakannya.",0,2025-11-03T11:58:59Z,Tukang ngakali dunia adalah tuhannya dianggap dapat melindunginya dapat membahagiakannya,tukang ngakali dunia tuhannya dianggap dapat melindunginya dapat membahagiakannya
eEMz6w_ZGmg,@sumantriyahoo1622,"Para mafia  ini banyak merugikan negara, imbasnya yang kena adalah rakyat kecil, kalau mafia ini di biarkan negara bisa ambruk lagi, maka dari itu habisin  semua para mafia yang ada bumn  2 dan sektor manapun, supaya negara nggak menanggung beban hutang yang memberatkan, dan rakyat segera dapat menikmati kesejahteraan yang sesungguhnya. Selamat berjuang pak presiden, dan pak menkeu purbaya. 👍💪🇲🇨MERDEKA",0,2025-11-03T11:12:05Z,Para mafia ini banyak merugikan negara imbasnya yang kena adalah rakyat kecil kalau mafia ini di biarkan negara bisa ambruk lagi maka dari itu habisin semua para mafia yang ada bumn 2 dan sektor manapun supaya negara nggak menanggung beban hutang yang memberatkan dan rakyat segera dapat menikmati kesejahteraan yang sesungguhnya Selamat berjuang pak presiden dan pak menkeu purbaya MERDEKA,para mafia banyak merugikan negara imbasnya kena rakyat kecil kalau mafia biarkan negara bisa ambruk maka habisin semua para mafia bumn sektor manapun negara nggak menanggung beban hutang memberatkan rakyat segera dapat menikmati kesejahteraan sesungguhnya selamat berjuang pak presiden pak menkeu purbaya merdeka
eEMz6w_ZGmg,@HendoraHendri,BAGUS ... Tangkap para  penipu dan para koruptor... Hukum berat bahkan hukum mati serta Sita semua harta nya.,0,2025-11-03T09:09:58Z,BAGUS Tangkap para penipu dan para koruptor Hukum berat bahkan hukum mati serta Sita semua harta nya,bagu tangkap para penipu para koruptor hukum berat bahkan hukum mati serta sita semua harta nya
eEMz6w_ZGmg,@suharto2852,"Pak mentri purbaya, masalah IKN blm disinggung dr awal pembangunan pak prabowo sdh tdk setuju dg pindahnya Istana ke IKN sehubungan dg jaraknya sangat dekat dg negara asing, sisi keamanan kurang strategis. Dari sisi posisi lbh rawan/beresiko.",0,2025-11-03T05:38:33Z,Pak mentri purbaya masalah IKN blm disinggung dr awal pembangunan pak prabowo sdh tdk setuju dg pindahnya Istana ke IKN sehubungan dg jaraknya sangat dekat dg negara asing sisi keamanan kurang strategis Dari sisi posisi lbh rawan beresiko,pak mentri purbaya masalah ikn blm disinggung awal pembangunan pak prabowo setuju pindahnya istana ikn sehubungan jaraknya sangat dekat negara ase sisi keamanan kurang strategi sisi posisi lbh rawan beresiko
eEMz6w_ZGmg,@antoniuswidjaja1237,"Kita tunggu realisasinya, akan ada penangkapan besar-besaran",0,2025-11-03T04:26:41Z,Kita tunggu realisasinya akan ada penangkapan besar besaran,tunggu realisasinya penangkapan besar besaran
eEMz6w_ZGmg,@Faruk-x4g5r,"Saya berpikir kalo kerja niat baik spti bpk Purbaya pro Rakyat bnyk pejabat dg bermacam cara utk menggagalkannya, bahkan membunuh karakter dari niat tulus ikhlas untuk bpk Purbaya. Ada baiknya, pak Purbaya punya teman kerjanya yg niat tulus & ikhlas buat negara yang hampir ambruk ini. Sy cuma ksi masukkan saja, ijin kalo sy menyarankan, kpd bpk2 krn bnyk pejabat sdh gila harta. Tarik kembali bpk "" Jhonan Ignasius"" yg di depak di Era jokowi. Pdhl kerja bpk Jhonan utk negara 👍👍 sdh bnyk bukti Riel, bank, pupuk puasri d Palembang hampir kolep, jadi sehat kembali, PT KAI. Yg bobrok jadi maju spti yg kita liat dan rasakan skrg ini..blm mslh free pot Dar i 1% berubah 51% . Coba bpk2 banding kan dg para menteri lain' nya..gk ada, cuman mau ngakalin duit APBN. Mhn bpk dengar dan liat jejak nya bpk Jhonan. Sy tdk ada kepentingan dg beliau ( Jhonan) tpi fakta di lapangan bpk. Smg bpk Prabowo mendengar apa yg sy sampai kan krn kasian dg bpk Purbaya seorang diri d dlm memberantas para Mafia di negeri ini. Sy doa kan bpk Purbaya sllu sehat Dan kuat di dlm niat nya yg luhur demi kemakmuran rakyat Indonesia..🖐️👍👍👍👍☝️☝️😆😆💪💪🖐️🖐️",0,2025-11-03T03:53:37Z,Saya berpikir kalo kerja niat baik spti bpk Purbaya pro Rakyat bnyk pejabat dg bermacam cara utk menggagalkannya bahkan membunuh karakter dari niat tulus ikhlas untuk bpk Purbaya Ada baiknya pak Purbaya punya teman kerjanya yg niat tulus ikhlas buat negara yang hampir ambruk ini Sy cuma ksi masukkan saja ijin kalo sy menyarankan kpd bpk2 krn bnyk pejabat sdh gila harta Tarik kembali bpk Jhonan Ignasius yg di depak di Era jokowi Pdhl kerja bpk Jhonan utk negara sdh bnyk bukti Riel bank pupuk puasri d Palembang hampir kolep jadi sehat kembali PT KAI Yg bobrok jadi maju spti yg kita liat dan rasakan skrg ini blm mslh free pot Dar i 1 berubah 51 Coba bpk2 banding kan dg para menteri lain nya gk ada cuman mau ngakalin duit APBN Mhn bpk dengar dan liat jejak nya bpk Jhonan Sy tdk ada kepentingan dg beliau Jhonan tpi fakta di lapangan bpk Smg bpk Prabowo mendengar apa yg sy sampai kan krn kasian dg bpk Purbaya seorang diri d dlm memberantas para Mafia di negeri ini Sy doa kan bpk Purbaya sllu sehat Dan kuat di dlm niat nya yg luhur demi kemakmuran rakyat Indonesia,berpikir kalo kerja niat baik spti bpk purbaya pro rakyat bnyk pejabat bermacam cara menggagalkannya bahkan membunuh karakt niat tulu ikhla bpk purbaya baiknya pak purbaya punya teman kerjanya niat tulu ikhla buat negara hampir ambruk cuma ksi masukkan ijin kalo menyarankan kpd bpk krn bnyk pejabat gila harta tarik kembali bpk jhonan ignasiu depak era jokowi pdhl kerja bpk jhonan negara bnyk bukti riel bank pupuk puasri palembang hampir kolep jadi sehat kembali kai bobrok jadi maju spti liat rasakan skrg blm mslh free pot dar berubah coba bpk band kan para menteri lain nya cuman mau ngakalin duit apbn mhn bpk dengar liat jejak nya bpk jhonan kepentingan beliau jhonan tpi fakta lapangan bpk smg bpk prabowo mendengar apa kan krn kasian bpk purbaya seorang diri dlm memberanta para mafia negeri doa kan bpk purbaya sllu sehat kuat dlm niat nya luhur demi kemakmuran rakyat indonesia
eEMz6w_ZGmg,@KhairilAnwar-u2k1t,Alhamdulilàh kutang bucok 😮,0,2025-11-03T03:06:32Z,Alhamdulilh kutang bucok,alhamdulilh kutang bucok
eEMz6w_ZGmg,@KhairilAnwar-u2k1t,Indonesia import kutang bekas nyaman 😅,0,2025-11-03T03:05:29Z,Indonesia import kutang bekas nyaman,indonesia import kutang beka nyaman
eEMz6w_ZGmg,@KhairilAnwar-u2k1t,Hidup korupsi Indonesia 😅,0,2025-11-03T02:59:15Z,Hidup korupsi Indonesia,hidup korupsi indonesia
eEMz6w_ZGmg,@KhairilAnwar-u2k1t,Hahahaha Indonesia makin rusak 😅,0,2025-11-03T02:58:18Z,Hahahaha Indonesia makin rusak,hahahaha indonesia makin rusak
eEMz6w_ZGmg,@nanangwahid8127,Udah jelas bangsa ini butuh pejabat yg jujur yg pro rakyat bukan hanya omongan tp tindakan do'a terbaik bagi pejabat2 yg jujur RAHAYU 🙏,0,2025-11-03T02:10:43Z,Udah jelas bangsa ini butuh pejabat yg jujur yg pro rakyat bukan hanya omongan tp tindakan do a terbaik bagi pejabat2 yg jujur RAHAYU,udah jela bangsa butuh pejabat jujur pro rakyat bukan hanya omongan tindakan terbaik bagi pejabat jujur rahayu
eEMz6w_ZGmg,@eti6527,Terimakasih atas tindakan positif dari pihak terkait.semoga dengan nyata dan gerak cepat menindaklanjuti penyeludupan minyak di seluruh Indonesia termasuk daerah penghasil migas terbesar Saya termasuk juga provinsi Riau sampai saat ini pun masih bergerak aktivitas mafia BBM di Riau yang di sebabkan oleh adanya celah-celah untuk Mereka melancarkan akses penjualan secara gelap.tentunya tindakan melawan hukum tsbt di bekingi oleh aparat tertentu.saya belum percaya jikalau belum mendengar berita jika di provinsi Riau sudah bersih dari mafia minyak.buktikab segera pak purbaya ... kirim pasukan tanpa bayangan untuk berantas mafia di provinsi Riau kami yg kami cintai sebagai warga Riau.dan mohon ciptakan dan permudahkan lapangan pekerjaan buat anak cucu kami.karena selama ini perusahaan/pabrik PKS di Riau lebih dominan di isi tenaga asing.,0,2025-11-03T01:45:13Z,Terimakasih atas tindakan positif dari pihak terkait semoga dengan nyata dan gerak cepat menindaklanjuti penyeludupan minyak di seluruh Indonesia termasuk daerah penghasil migas terbesar Saya termasuk juga provinsi Riau sampai saat ini pun masih bergerak aktivitas mafia BBM di Riau yang di sebabkan oleh adanya celah celah untuk Mereka melancarkan akses penjualan secara gelap tentunya tindakan melawan hukum tsbt di bekingi oleh aparat tertentu saya belum percaya jikalau belum mendengar berita jika di provinsi Riau sudah bersih dari mafia minyak buktikab segera pak purbaya kirim pasukan tanpa bayangan untuk berantas mafia di provinsi Riau kami yg kami cintai sebagai warga Riau dan mohon ciptakan dan permudahkan lapangan pekerjaan buat anak cucu kami karena selama ini perusahaan pabrik PKS di Riau lebih dominan di isi tenaga asing,terimakasih ata tindakan positif pihak terkait semoga nyata gerak cepat menindaklanjuti penyeludupan minyak seluruh indonesia termasuk daerah penghasil miga terbesar termasuk provinsi riau saat pun masih bergerak aktivita mafia bbm riau sebabkan adanya celah celah melancarkan aks penjualan secara gelap tentunya tindakan melawan hukum tsbt bekingi aparat tertentu belum percaya belum mendengar berita provinsi riau bersih mafia minyak buktikab segera pak purbaya kirim pasukan tanpa bayangan beranta mafia provinsi riau kami kami cintai sebagai warga riau mohon ciptakan permudahkan lapangan pekerjaan buat anak cucu kami perusahaan pabrik pk riau lebih dominan isi tenaga ase
eEMz6w_ZGmg,@UtrechtRumbino,"Ketidak konsistensi nilai2 moral, norma2  hukum dan etis  dalam ketatanegaraan merupakan cerminan dari  kedangkalan  sikap  hidup beragama yg palsu, karena itu masih banyak terjadi ""korupsi, manipulasi, maupun praktek mafia, juga di sektor impor maupun eksport yg terus membudaya dan menjadi budaya dalam kegiatan2 termasuk kegiatan dan praktek bea cukai.Solusinya harus diberantas secara tegas dan hukum dgn memanfaatkan alat kontrol teknologi yg sekarang sudah tersistem apalagi perkembangan dan inovasi Artificial Intelejen.😊😊",0,2025-11-02T23:56:43Z,Ketidak konsistensi nilai2 moral norma2 hukum dan etis dalam ketatanegaraan merupakan cerminan dari kedangkalan sikap hidup beragama yg palsu karena itu masih banyak terjadi korupsi manipulasi maupun praktek mafia juga di sektor impor maupun eksport yg terus membudaya dan menjadi budaya dalam kegiatan2 termasuk kegiatan dan praktek bea cukai Solusinya harus diberantas secara tegas dan hukum dgn memanfaatkan alat kontrol teknologi yg sekarang sudah tersistem apalagi perkembangan dan inovasi Artificial Intelejen,ketidak konsistensi nilai moral norma hukum eti ketatanegaraan merupakan cerminan kedangkalan sikap hidup beragama palsu masih banyak terjadi korupsi manipulasi maupun praktek mafia sektor impor maupun eksport teru membudaya menjadi budaya kegiatan termasuk kegiatan praktek bea cukai solusinya haru diberanta secara tega hukum memanfaatkan alat kontrol teknolog sekarang tersistem apalagi perkembangan inovasi artifici intelejen
eEMz6w_ZGmg,@Tuti-e4n,Ya Robb lindungi p Purbaya p Prabowo dan orang2 yg amanah dr segala gangguan ..Allohu akbar,1,2025-11-02T23:41:26Z,Ya Robb lindungi p Purbaya p Prabowo dan orang2 yg amanah dr segala gangguan Allohu akbar,robb lindungi purbaya prabowo orang amanah segala gangguan allohu akbar
eEMz6w_ZGmg,@jokoDS,INDONESIA TIDAK KEKURANGAN ORANG CERDAS AKAN TETAPI KEKURANGAN ORANG YG BERIMAN DAN BERTAKWA YA INI AKIBARNYA  pancasila saja sering diLanggar akhirnya rakyat banyak yg miskin 🤑🤑🤑🤑🤑🤑🤑🤑🤑🤑🤑,0,2025-11-02T23:23:27Z,INDONESIA TIDAK KEKURANGAN ORANG CERDAS AKAN TETAPI KEKURANGAN ORANG YG BERIMAN DAN BERTAKWA YA INI AKIBARNYA pancasila saja sering diLanggar akhirnya rakyat banyak yg miskin,indonesia tidak kekurangan orang cerda tetapi kekurangan orang beriman bertakwa akibarnya pancasila sere dilanggar akhirnya rakyat banyak miskin
eEMz6w_ZGmg,@jokoDS,Selama ini yg tampak  aktif  PPurbaya  terus yg lainya kemana nggak ada yg kreatif spt pa k Purbaya  kalau ngurussi yg berbahaya nyingsep  kalau ada keberhasillan coar coarnya paling keras minta jatah  ternyata banyak sengkuninya  ayo bantu P Purbaya jangan memble😂😂😂😂😂😂😂😂,0,2025-11-02T23:15:44Z,Selama ini yg tampak aktif PPurbaya terus yg lainya kemana nggak ada yg kreatif spt pa k Purbaya kalau ngurussi yg berbahaya nyingsep kalau ada keberhasillan coar coarnya paling keras minta jatah ternyata banyak sengkuninya ayo bantu P Purbaya jangan memble,tampak aktif ppurbaya teru lainya kemana nggak kreatif spt purbaya kalau ngurussi berbahaya nyingsep kalau keberhasillan coar coarnya pale kera minta jatah ternyata banyak sengkuninya ayo bantu purbaya jangan membl
eEMz6w_ZGmg,@jokoDS,Sekarang jelas sudah masyarakat tahu ternyata  pengkhianatnya  lebih banyak daripada pejuangnya dulu pejuang ikhas dan tidak rakus dan serakah  kenyataan  sekarang dirusak para pengkhianat ngeri 😭😭😭😭😭😭😭,0,2025-11-02T23:03:58Z,Sekarang jelas sudah masyarakat tahu ternyata pengkhianatnya lebih banyak daripada pejuangnya dulu pejuang ikhas dan tidak rakus dan serakah kenyataan sekarang dirusak para pengkhianat ngeri,sekarang jela masyarakat tahu ternyata pengkhianatnya lebih banyak daripada pejuangnya dulu pejuang ikha tidak raku serakah kenyataan sekarang dirusak para pengkhianat ngeri
eEMz6w_ZGmg,@parjioboyolali634,Under invoicing dan over invoicing saya yakin juga terjadi pada klaim RS ke BPJS tlg diteliti juga,0,2025-11-02T22:39:33Z,Under invoicing dan over invoicing saya yakin juga terjadi pada klaim RS ke BPJS tlg diteliti juga,under invoic over invoic yakin terjadi klaim bpj tlg ditel
eEMz6w_ZGmg,@parjioboyolali634,Selama ininu sri mulyani ngapain aja ya,0,2025-11-02T22:36:08Z,Selama ininu sri mulyani ngapain aja ya,ininu sri mulyani ngapain aja
eEMz6w_ZGmg,@belankri6342,"Bubarin bea cukai,pajak rombak bentuk baru",0,2025-11-02T12:08:37Z,Bubarin bea cukai pajak rombak bentuk baru,bubarin bea cukai pajak rombak bentuk baru
eEMz6w_ZGmg,@nartotani6049,"Prioritas buat pengaman pejabat yang jujur dan pintar berani
Pak perbaya 
Pak Amran 
Dan pejabat lain",0,2025-11-02T09:39:31Z,Prioritas buat pengaman pejabat yang jujur dan pintar berani Pak perbaya Pak Amran Dan pejabat lain,priorita buat pengaman pejabat jujur pintar berani pak perbaya pak amran pejabat lain
eEMz6w_ZGmg,@ukarkurtubi4724,"Semoga bp Presiden, kepolisian, jaksa, hakim, KPK serta aparat penegak hukum lajnya, terus komit dan konsisten, berani  serta loyal berantas korupsi❤🇮🇩",1,2025-11-02T06:30:16Z,Semoga bp Presiden kepolisian jaksa hakim KPK serta aparat penegak hukum lajnya terus komit dan konsisten berani serta loyal berantas korupsi,semoga presiden kepolisian jaksa hakim kpk serta aparat penegak hukum lajnya teru komit konsisten berani serta loyal beranta korupsi
eEMz6w_ZGmg,@bungaliairmina8928,Segitu ngerinya pejabat bea cukai dan pajak,0,2025-11-02T05:13:17Z,Segitu ngerinya pejabat bea cukai dan pajak,segitu ngerinya pejabat bea cukai pajak
eEMz6w_ZGmg,@NurSalim-ti4vs,Teruskan pMenteti adili si penggrogot uang Negara  lanjutkan p Porbaya rakyat mendukungmu semoga berhasi Aamiin,0,2025-11-02T01:56:15Z,Teruskan pMenteti adili si penggrogot uang Negara lanjutkan p Porbaya rakyat mendukungmu semoga berhasi Aamiin,teruskan pmenteti adili penggrogot uang negara lanjutkan porbaya rakyat mendukungmu semoga berhasi aamiin
eEMz6w_ZGmg,@kasturiyunani,Astagfirullahal adziiim.....,0,2025-11-01T16:47:35Z,Astagfirullahal adziiim,astagfirullah adziiim
eEMz6w_ZGmg,,Mafia import ibarat preman yang minta jatah atas masuknya barang-barang yang akan menjadi komoditas perdagangan di pasar. Makanya nilai harga barang menjadi melonjak tajam lebih mahal dari nilai awal yang wajar.,0,2025-11-01T15:59:13Z,Mafia import ibarat preman yang minta jatah atas masuknya barang barang yang akan menjadi komoditas perdagangan di pasar Makanya nilai harga barang menjadi melonjak tajam lebih mahal dari nilai awal yang wajar,mafia import ibarat preman minta jatah ata masuknya barang barang menjadi komodita perdagangan pasar makanya nilai harga barang menjadi melonjak tajam lebih mahal nilai awal wajar
eEMz6w_ZGmg,@Angkringan_AJ,Lenyapkan tikus berdasi,0,2025-11-01T15:31:40Z,Lenyapkan tikus berdasi,lenyapkan tiku berdasi
eEMz6w_ZGmg,@afterdawn-n1s,"BUKAN 10.000 T, YG DULU DIAKUI DI SAKU BOS MAFIA ITU ADL 11.000 T",2,2025-11-01T15:09:34Z,BUKAN 10 000 T YG DULU DIAKUI DI SAKU BOS MAFIA ITU ADL 11 000 T,bukan dulu diakui saku bo mafia adl
eEMz6w_ZGmg,@AminahIsmail-dn7of,"Pak Ihsan kaya nya bagus ni kalau gabung jadi pemberantasan korupsi...pak Gatot mana, pk Ahok juga mana ngak pernah nongol, kgen juga dgn orang2 yg berjiwa patriot...",0,2025-11-01T14:05:42Z,Pak Ihsan kaya nya bagus ni kalau gabung jadi pemberantasan korupsi pak Gatot mana pk Ahok juga mana ngak pernah nongol kgen juga dgn orang2 yg berjiwa patriot,pak ihsan kaya nya bagu kalau gabung jadi pemberantasan korupsi pak gatot ahok ngak pernah nongol kgen orang berjiwa patriot
eEMz6w_ZGmg,@AminahIsmail-dn7of,"Pak Prabowo tolong cari orang2 yg keras dan tegas serta teguh pendirian untuk memberantas korupsi ini udah keterlaluan ,,kita harus bangkit karna dunia sedang guncang ,kita butuh pondasi yg kokoh untuk menghadapi dunia yg sedang kacau ....",0,2025-11-01T14:02:29Z,Pak Prabowo tolong cari orang2 yg keras dan tegas serta teguh pendirian untuk memberantas korupsi ini udah keterlaluan kita harus bangkit karna dunia sedang guncang kita butuh pondasi yg kokoh untuk menghadapi dunia yg sedang kacau,pak prabowo tolong cari orang kera tega serta teguh pendirian memberanta korupsi udah keterlaluan haru bangkit karna dunia sedang guncang butuh pondasi kokoh menghadapi dunia sedang kacau
eEMz6w_ZGmg,@bandibri8932,"Innalillahi wainnailaihi rojiun
Smg para termul tahu dan sgr taubat",0,2025-11-01T13:00:24Z,Innalillahi wainnailaihi rojiun Smg para termul tahu dan sgr taubat,innalillahi wainnailaihi rojiun smg para termul tahu sgr taubat
eEMz6w_ZGmg,@achmadabu953,"Klu terkait dg baju atau kain bekas atau selundupan, daya rusaknya bikin bangkrut pabrik textil",0,2025-11-01T12:45:31Z,Klu terkait dg baju atau kain bekas atau selundupan daya rusaknya bikin bangkrut pabrik textil,klu terkait baju kain beka selundupan daya rusaknya bikin bangkrut pabrik textil
eEMz6w_ZGmg,@mnagari-wg1tt,"10. 000 TRILYUN, LUNAS UTANG NEGARA",0,2025-11-01T12:38:19Z,10 000 TRILYUN LUNAS UTANG NEGARA,trilyun luna utang negara
eEMz6w_ZGmg,@jimmypiri5674,Pak presiden prabowo dan purbaya jangan capek2 bekerja untuk rakyat Indonesia memberantas para koruptor agar rakyat Indonesia menjadi sejatra. Kami rakyat mendukung dan menjaga pak presiden prabowo dan pak purbaya.,0,2025-11-01T11:00:10Z,Pak presiden prabowo dan purbaya jangan capek2 bekerja untuk rakyat Indonesia memberantas para koruptor agar rakyat Indonesia menjadi sejatra Kami rakyat mendukung dan menjaga pak presiden prabowo dan pak purbaya,pak presiden prabowo purbaya jangan capek bekerja rakyat indonesia memberanta para koruptor rakyat indonesia menjadi sejatra kami rakyat mendukung menjaga pak presiden prabowo pak purbaya
eEMz6w_ZGmg,@WasidiWasidi-c1i,Smoga lancar niat baik pak Purbaya untuk mencari pembelok ke uangan dan KORUBTOR yang meraja lele.,0,2025-11-01T10:53:20Z,Smoga lancar niat baik pak Purbaya untuk mencari pembelok ke uangan dan KORUBTOR yang meraja lele,smoga lancar niat baik pak purbaya mencari pembelok uangan korubtor meraja lele
eEMz6w_ZGmg,@jimmypiri5674,"Kami rakyat Indonesia menjaga pak purbaya,",0,2025-11-01T10:40:37Z,Kami rakyat Indonesia menjaga pak purbaya,kami rakyat indonesia menjaga pak purbaya
eEMz6w_ZGmg,@muhammadarifin8742,"Tolong presiden prabowo ganti mentri dgn org 2 berani, cerdas dan jujur seperti pak ikhsanuddin. pak Mahfud MD, pak Anis, Ahok, Tom Lembong dll masih banyak org berintegrita yg lebih layak jad Mentri dibanding anggita kabinet saat ini. Kami mencintai bpk presiden dan bpk Menkeu Purbaya",0,2025-11-01T10:09:45Z,Tolong presiden prabowo ganti mentri dgn org 2 berani cerdas dan jujur seperti pak ikhsanuddin pak Mahfud MD pak Anis Ahok Tom Lembong dll masih banyak org berintegrita yg lebih layak jad Mentri dibanding anggita kabinet saat ini Kami mencintai bpk presiden dan bpk Menkeu Purbaya,tolong presiden prabowo ganti mentri org berani cerda jujur seperti pak ikhsanuddin pak mahfud pak ani ahok tom lembong masih banyak org berintegrita lebih layak jad mentri diband anggita kabinet saat kami mencintai bpk presiden bpk menkeu purbaya
eEMz6w_ZGmg,@muhammadarifin8742,Ya Allah Lindungi Presiden prabowo dan Menkeu purbaya dari orang orang jahat. para mafia dan koruptor yg membut  rakyat miskin dan negara nyaris tdk berdaya,0,2025-11-01T09:55:12Z,Ya Allah Lindungi Presiden prabowo dan Menkeu purbaya dari orang orang jahat para mafia dan koruptor yg membut rakyat miskin dan negara nyaris tdk berdaya,allah lindungi presiden prabowo menkeu purbaya orang orang jahat para mafia koruptor membut rakyat miskin negara nyari berdaya
eEMz6w_ZGmg,@muhammadarifin8742,Kami rakyat mencintai prabowo dan purbaya kami doakan semoga beiiau berdua sehat Selalu dan panjang umur berjuang demi rakyat bangsa dan negara Aamiin YRA,1,2025-11-01T09:42:35Z,Kami rakyat mencintai prabowo dan purbaya kami doakan semoga beiiau berdua sehat Selalu dan panjang umur berjuang demi rakyat bangsa dan negara Aamiin YRA,kami rakyat mencintai prabowo purbaya kami doakan semoga beiiau berdua sehat selalu panjang umur berjuang demi rakyat bangsa negara aamiin yra
eEMz6w_ZGmg,@muhammadarifin8742,kami rakyat mencintai dan melindungi presuden prabowo dan Menkeu Purbaya,1,2025-11-01T09:35:25Z,kami rakyat mencintai dan melindungi presuden prabowo dan Menkeu Purbaya,kami rakyat mencintai melindungi presuden prabowo menkeu purbaya
eEMz6w_ZGmg,@Jack34323,"Gw koq malah takut sama keselamatanmu om, agak rem dikit dinegeri.para maling ini apapu bisa terjadi",0,2025-11-01T08:38:06Z,Gw koq malah takut sama keselamatanmu om agak rem dikit dinegeri para maling ini apapu bisa terjadi,koq malah takut sama keselamatanmu agak rem dikit dinegeri para male apapu bisa terjadi
eEMz6w_ZGmg,@muhammadiwan4392,"SELAMA SI MAKHLUK JUARA DUNIA SANG GURU, SANG BIANG KORUPTOR- BIANG KOLUSI- BIANG NEPOTISME (BIANG KKN) DI NKRI KITA INI BELUM DIPROSES HUKUM / DIADILI, DISITA ASSETNYA & DIHUKUM MATI....., 
MAKA KAMI SEBAGAI RAKYAT WARAS ""TETAP TDK PERCAYA AKAN KESUNGGUHAN"" REZIM OMON-2 INI DLM MENGEJAR KORUPTOR (YG KATANYA) SAMPAI KE ANTARTIKA YG SDH DIJANJIKAN.....!!!!",0,2025-11-01T08:09:46Z,SELAMA SI MAKHLUK JUARA DUNIA SANG GURU SANG BIANG KORUPTOR BIANG KOLUSI BIANG NEPOTISME BIANG KKN DI NKRI KITA INI BELUM DIPROSES HUKUM DIADILI DISITA ASSETNYA DIHUKUM MATI MAKA KAMI SEBAGAI RAKYAT WARAS TETAP TDK PERCAYA AKAN KESUNGGUHAN REZIM OMON 2 INI DLM MENGEJAR KORUPTOR YG KATANYA SAMPAI KE ANTARTIKA YG SDH DIJANJIKAN,makhluk juara dunia sang guru sang biang koruptor biang kolusi biang nepotism biang kkn nkri belum dipros hukum diadili disita assetnya dihukum mati maka kami sebagai rakyat wara tetap percaya kesungguhan rezim omon dlm mengejar koruptor katanya antartika dijanjikan
eEMz6w_ZGmg,@IKWN7737,"Menkeu diangkat dan dilantik oleh presiden maka hanya bertanggung jwb kpd presiden dlm struktur organisasi, bukan diangkat oleh dpr ! Dpr sebaiknya fokus pd ijasah palsu jokowi dan pelengseran gibran krn ternyata tidak punya ijasah sma !!!?",0,2025-11-01T08:05:41Z,Menkeu diangkat dan dilantik oleh presiden maka hanya bertanggung jwb kpd presiden dlm struktur organisasi bukan diangkat oleh dpr Dpr sebaiknya fokus pd ijasah palsu jokowi dan pelengseran gibran krn ternyata tidak punya ijasah sma,menkeu diangkat dilantik presiden maka hanya bertanggung jwb kpd presiden dlm struktur organisasi bukan diangkat dpr dpr sebaiknya foku ijasah palsu jokowi pelengseran gibran krn ternyata tidak punya ijasah sma
eEMz6w_ZGmg,@sa-id5zk,"Pak,  bapak semoga jadi  wakil presiden",0,2025-11-01T07:31:34Z,Pak bapak semoga jadi wakil presiden,pak bapak semoga jadi wakil presiden
eEMz6w_ZGmg,@simonkurniawantube,"Birocratic culture diatasi dengan digitalisasi, bea cukai tidak boleh bersentuhan ofline dengan exportir dan importir.",0,2025-11-01T07:07:37Z,Birocratic culture diatasi dengan digitalisasi bea cukai tidak boleh bersentuhan ofline dengan exportir dan importir,birocrat cultur diatasi digitalisasi bea cukai tidak boleh bersentuhan oflin exportir importir
eEMz6w_ZGmg,@MuhidinPaputungan-bp3cg,Harga Patokan zaman dulu.,0,2025-11-01T06:22:57Z,Harga Patokan zaman dulu,harga patokan zaman dulu
eEMz6w_ZGmg,@simonkurniawantube,Musiknya terlalu keras dan tidak enak. Mengganggu.,0,2025-11-01T03:32:00Z,Musiknya terlalu keras dan tidak enak Mengganggu,musiknya terlalu kera tidak enak mengganggu
eEMz6w_ZGmg,@ghofarismail1854,"banyak pabrik garmen dan umkm jahit yang tutup, teman saya juga punya usaha konveksi tutup karena kekurangan pesanan, ini akibat banyaknya impor gelap di bawah pemerintahan jokowi, gak ada ketegasan malah dibiarkan.",0,2025-11-01T02:39:52Z,banyak pabrik garmen dan umkm jahit yang tutup teman saya juga punya usaha konveksi tutup karena kekurangan pesanan ini akibat banyaknya impor gelap di bawah pemerintahan jokowi gak ada ketegasan malah dibiarkan,banyak pabrik garmen umkm jahit tutup teman punya usaha konveksi tutup kekurangan pesanan akibat banyaknya impor gelap bawah pemerintahan jokowi gak ketegasan malah dibiarkan
eEMz6w_ZGmg,@IdaRufaendah,Bagus P Prabowo...smg AllahSWT melancarkn dn melindungi❤❤❤,2,2025-11-01T02:31:23Z,Bagus P Prabowo smg AllahSWT melancarkn dn melindungi,bagu prabowo smg allahswt melancarkn melindungi
eEMz6w_ZGmg,@ImamFauzie-t1o,"Indonesia jaya,rakyat sejahtera bersama BPK Prabowo -purbaya dn Amran,",0,2025-11-01T01:42:27Z,Indonesia jaya rakyat sejahtera bersama BPK Prabowo purbaya dn Amran,indonesia jaya rakyat sejahtera bersama bpk prabowo purbaya amran
eEMz6w_ZGmg,@WakApet-d6o,"SANGAT MENGERIKAN KAPAL BISA TENGGELAM, BANYAK KEBOCORAN  .",0,2025-11-01T01:20:35Z,SANGAT MENGERIKAN KAPAL BISA TENGGELAM BANYAK KEBOCORAN,sangat mengerikan kapal bisa tenggelam banyak kebocoran
eEMz6w_ZGmg,@bisribisri5873,"Pak Pur , Segera secepat nya orang orang yg sudah terbukti Rakyat seluruh Indonesi ingin tau orang yg megrogoti uang Negara",0,2025-11-01T00:31:53Z,Pak Pur Segera secepat nya orang orang yg sudah terbukti Rakyat seluruh Indonesi ingin tau orang yg megrogoti uang Negara,pak pur segera secepat nya orang orang terbukti rakyat seluruh indonesi ingin tau orang megrogoti uang negara
eEMz6w_ZGmg,@darwindarwinsyah6446,Kalau semua Mentri kerja penuh dgn gebrakan dan terobosan utk membangun negara ini kita akan makmur ini semua Mentri kebanyakan tidur nyaman dg mencari aman dgn jabatan yg di dapat tidak ada perubahan dan gebrakan adem ayem,0,2025-10-31T22:43:00Z,Kalau semua Mentri kerja penuh dgn gebrakan dan terobosan utk membangun negara ini kita akan makmur ini semua Mentri kebanyakan tidur nyaman dg mencari aman dgn jabatan yg di dapat tidak ada perubahan dan gebrakan adem ayem,kalau semua mentri kerja penuh gebrakan terobosan membangun negara makmur semua mentri kebanyakan tidur nyaman mencari aman jabatan dapat tidak perubahan gebrakan adem ayem
eEMz6w_ZGmg,@Munip-e2g,"Mafia prifod emas yg baik dicuri keluar negri.,dalam negri cumak dikasi no 2 tapisan ya,ni mafia org d p r",0,2025-10-31T21:21:42Z,Mafia prifod emas yg baik dicuri keluar negri dalam negri cumak dikasi no 2 tapisan ya ni mafia org d p r,mafia prifod ema baik dicuri keluar negri negri cumak dikasi tapisan mafia org
eEMz6w_ZGmg,@Aufa-z3r,"Yg gapang dapt, yg nyogok, yg ga nyogok, buktinya sy",0,2025-10-31T16:25:19Z,Yg gapang dapt yg nyogok yg ga nyogok buktinya sy,gapang dapt nyogok nyogok buktinya
eEMz6w_ZGmg,@Aufa-z3r,"Atu enak juga, dgr bp ngoceh tp anak buah bp ga bakal nurut, ttp aja seperti yang dl",0,2025-10-31T16:22:26Z,Atu enak juga dgr bp ngoceh tp anak buah bp ga bakal nurut ttp aja seperti yang dl,atu enak dgr ngoceh anak buah bakal nurut ttp aja seperti
eEMz6w_ZGmg,@Aufa-z3r,"Atu jgn ngomong doang p, sy ajajinkan sertipikat buat tambahan warung, harus menuhin warung dl kl penge 50 jt kalau warungnya begitu, hanya bisa dapt 10 atau 20 jt, eh 50 ga dpt, 20 jg ga ga jls anak buah bp",0,2025-10-31T16:20:10Z,Atu jgn ngomong doang p sy ajajinkan sertipikat buat tambahan warung harus menuhin warung dl kl penge 50 jt kalau warungnya begitu hanya bisa dapt 10 atau 20 jt eh 50 ga dpt 20 jg ga ga jls anak buah bp,atu jgn ngomong doang ajajinkan sertipikat buat tambahan warung haru menuhin warung peng kalau warungnya begitu hanya bisa dapt dpt jl anak buah
eEMz6w_ZGmg,@hismailsiip8081,Kelamahan pabeyan negara masalah impor ekpor itu di sebabkan kelemahan hukum tidak bekerja dan dibuat tidak berdaya oleh mafia impor ekpor,0,2025-10-31T15:43:10Z,Kelamahan pabeyan negara masalah impor ekpor itu di sebabkan kelemahan hukum tidak bekerja dan dibuat tidak berdaya oleh mafia impor ekpor,kelamahan pabeyan negara masalah impor ekpor sebabkan kelemahan hukum tidak bekerja dibuat tidak berdaya mafia impor ekpor
eEMz6w_ZGmg,@Evolution234-Speed,"Namanya Menkeu itu antara lain bukan hy tugas menerima duit..tp mengawasi dengan ketat duit yg dtg dan pergi dr negara ..dr jenis apa saja,bendahara negara harus teliti jika tidak mau kehilangan duit pemasukan negara...makanya saya heran ekspor sgl jenis tp kenapa duit cukainya kok seperti tak ada?!😢sedih banget lah kalau byk x tikus di antara org2 yg hrs bertanggung jawab tp malah terlibat kongkalikong korupsi...",0,2025-10-31T15:32:19Z,Namanya Menkeu itu antara lain bukan hy tugas menerima duit tp mengawasi dengan ketat duit yg dtg dan pergi dr negara dr jenis apa saja bendahara negara harus teliti jika tidak mau kehilangan duit pemasukan negara makanya saya heran ekspor sgl jenis tp kenapa duit cukainya kok seperti tak ada sedih banget lah kalau byk x tikus di antara org2 yg hrs bertanggung jawab tp malah terlibat kongkalikong korupsi,namanya menkeu antara lain bukan tuga menerima duit mengawasi ketat duit dtg pergi negara jeni apa bendahara negara haru teliti tidak mau kehilangan duit pemasukan negara makanya heran ekspor sgl jeni kenapa duit cukainya kok seperti tak sedih banget lah kalau byk tiku antara org hr bertanggung jawab malah terlibat kongkalikong korupsi
eEMz6w_ZGmg,@AlimSah-z2y,"Ya Allah selama ini Rakyat selalu di jadikan tumbal sangat ngeri dan sedih,😢😢 mudah-mudahan Pak Presiden kita dan pak Purbaya bisa mengembalikan ekonomi bangsa ini dengan baik dan rakyat tidak akan hidup sengsara. Aamiin yrb 🤲🤲😢😢",3,2025-10-31T14:20:11Z,Ya Allah selama ini Rakyat selalu di jadikan tumbal sangat ngeri dan sedih mudah mudahan Pak Presiden kita dan pak Purbaya bisa mengembalikan ekonomi bangsa ini dengan baik dan rakyat tidak akan hidup sengsara Aamiin yrb,allah rakyat selalu jadikan tumbal sangat ngeri sedih mudah mudahan pak presiden pak purbaya bisa mengembalikan ekonomi bangsa baik rakyat tidak hidup sengsara aamiin yrb
eEMz6w_ZGmg,@sumardihartosanjoyo3358,Ayo pak prabowo gercep.....pak purbya btuh tmbhan peluru pak....sy usul bu susi cpt diangkt jd.mentri....biar makin seru...salam akal waras,0,2025-10-31T14:07:19Z,Ayo pak prabowo gercep pak purbya btuh tmbhan peluru pak sy usul bu susi cpt diangkt jd mentri biar makin seru salam akal waras,ayo pak prabowo gercep pak purbya btuh tmbhan peluru pak usul susi cpt diangkt mentri biar makin seru salam akal wara
eEMz6w_ZGmg,@ikin-dt6gu,Masyarakat sudah waktunya memilih orang yg jujur bersih berani karena benar maju terus kami masyarakat doakan terimabkasih❤❤❤,0,2025-10-31T13:51:17Z,Masyarakat sudah waktunya memilih orang yg jujur bersih berani karena benar maju terus kami masyarakat doakan terimabkasih,masyarakat waktunya memilih orang jujur bersih berani benar maju teru kami masyarakat doakan terimabkasih
eEMz6w_ZGmg,@ikin-dt6gu,Bersihkan mafia apa saja yg merugikan masyarakat dan Negara itulah sebab Negara Indonesia TDK adil dan makmur tuntaskan Tuhan menyertai yg jujur iklas demi kepentingan  Negara dan masyarakat terima kasih❤❤❤,0,2025-10-31T13:48:38Z,Bersihkan mafia apa saja yg merugikan masyarakat dan Negara itulah sebab Negara Indonesia TDK adil dan makmur tuntaskan Tuhan menyertai yg jujur iklas demi kepentingan Negara dan masyarakat terima kasih,bersihkan mafia apa merugikan masyarakat negara itulah negara indonesia adil makmur tuntaskan tuhan menyertai jujur ikla demi kepentingan negara masyarakat terima kasih
eEMz6w_ZGmg,@sitirohanasiahaan5912,Kenapa baru sekarang terbongkar,0,2025-10-31T13:17:38Z,Kenapa baru sekarang terbongkar,kenapa baru sekarang terbongkar
eEMz6w_ZGmg,@Malikiau-d7j,"Apresiasi buat mr Purbaya, penyelamat indonesia...
Rakyat harus bersatu mendukung,...
Blum ada yg memiliki niat tulus dan punya tekad dn keberanian seperti ini slama ini",6,2025-10-31T12:02:40Z,Apresiasi buat mr Purbaya penyelamat indonesia Rakyat harus bersatu mendukung Blum ada yg memiliki niat tulus dan punya tekad dn keberanian seperti ini slama ini,apresiasi buat purbaya penyelamat indonesia rakyat haru bersatu mendukung blum memiliki niat tulu punya tekad keberanian seperti slama
eEMz6w_ZGmg,@NikenDamayanti-f1f,Akhirnya ada yg berani terobos lautan api!!!,0,2025-10-31T11:19:16Z,Akhirnya ada yg berani terobos lautan api,akhirnya berani terobo lautan api
eEMz6w_ZGmg,@syahrirbgm7246,"Singapura ini mirip usrael..
Negara kecil tapi penjajah...
Mereka ini harus dilenyapkan...",1,2025-10-31T10:56:45Z,Singapura ini mirip usrael Negara kecil tapi penjajah Mereka ini harus dilenyapkan,singapura mirip usrael negara kecil penjajah haru dilenyapkan
eEMz6w_ZGmg,@ngocmay1688,Wadow importir dan para pemain di pelabuhan mulai sport jantung,0,2025-10-31T10:34:15Z,Wadow importir dan para pemain di pelabuhan mulai sport jantung,wadow importir para pemain pelabuhan mulai sport jantung
eEMz6w_ZGmg,@dudurisana9643,"Rakyat dibohongi terus, saatnya buka mata jgn mau dikibulin terus sama orang2 rakus....",0,2025-10-31T10:31:00Z,Rakyat dibohongi terus saatnya buka mata jgn mau dikibulin terus sama orang2 rakus,rakyat dibohongi teru saatnya buka mata jgn mau dikibulin teru sama orang raku
eEMz6w_ZGmg,@Sambah50-pf9ru,MANTAP KALO DITEGAKKAN DNGN BENAR DI KALANGAN ATAS DN BUKAN PDGNG KCIL MAKA NKRI POSITIF MAJU,0,2025-10-31T10:13:09Z,MANTAP KALO DITEGAKKAN DNGN BENAR DI KALANGAN ATAS DN BUKAN PDGNG KCIL MAKA NKRI POSITIF MAJU,mantap kalo ditegakkan dngn benar kalangan ata bukan pdgng kcil maka nkri positif maju
eEMz6w_ZGmg,@ErmanSyah-f6m,"Wah sorry ni gila banget permainannya , kok baru sekarang ke Tahuan ya ? Bu Sri kontrol & monitoringnya gimana ? 

Semoga pak Purbaya dan team bisa hajar semua yang terlibat sampai ke akarnya. 

Pantasan Ekonomi indonesia Morat marid dan korban rakyat kecil . Kita jangan mau kalah dengan mafiia hanya beberapa orang , rakyat 300 JT siap perang dukung pak Prabowo dan mentri2 nya",0,2025-10-31T08:47:55Z,Wah sorry ni gila banget permainannya kok baru sekarang ke Tahuan ya Bu Sri kontrol monitoringnya gimana Semoga pak Purbaya dan team bisa hajar semua yang terlibat sampai ke akarnya Pantasan Ekonomi indonesia Morat marid dan korban rakyat kecil Kita jangan mau kalah dengan mafiia hanya beberapa orang rakyat 300 JT siap perang dukung pak Prabowo dan mentri2 nya,wah sorri gila banget permainannya kok baru sekarang tahuan sri kontrol monitoringnya gimana semoga pak purbaya team bisa hajar semua terlibat akarnya pantasan ekonomi indonesia morat marid korban rakyat kecil jangan mau kalah mafiia hanya beberapa orang rakyat siap perang dukung pak prabowo mentri nya
eEMz6w_ZGmg,@SlametKajen-p5j,"Saya harap dngn hadirnya purbaya yg menduduki sebagai mentri keuangan negara, memberi secerca harapan untuk rakyat indonesia menuju kesejahteraan rakyat yg merata dan menghapus selogan yg kaya makin kaya yg miskin makin tercekik",0,2025-10-31T08:38:41Z,Saya harap dngn hadirnya purbaya yg menduduki sebagai mentri keuangan negara memberi secerca harapan untuk rakyat indonesia menuju kesejahteraan rakyat yg merata dan menghapus selogan yg kaya makin kaya yg miskin makin tercekik,harap dngn hadirnya purbaya menduduki sebagai mentri keuangan negara memberi secerca harapan rakyat indonesia menuju kesejahteraan rakyat merata menghapu selogan kaya makin kaya miskin makin tercekik
eEMz6w_ZGmg,@mirnarastina8206,"Saya mendukung langkah presiden dan menkru pak purbaya....tolong pak Purbaya diberi pengaman khusus ,Jang sampai menteti jujur jadi target korban mafia...pengaman khusus diperlukan tuk menteri kita Purbaya....doa terbaik selalu tuk pak Purbaya semoga diberi perlindungan selalu dan semoga pak presiden sehat selalu bisa memimpin indonesia sehingga bs sejahtera anak cucu,aamiin",0,2025-10-31T08:05:48Z,Saya mendukung langkah presiden dan menkru pak purbaya tolong pak Purbaya diberi pengaman khusus Jang sampai menteti jujur jadi target korban mafia pengaman khusus diperlukan tuk menteri kita Purbaya doa terbaik selalu tuk pak Purbaya semoga diberi perlindungan selalu dan semoga pak presiden sehat selalu bisa memimpin indonesia sehingga bs sejahtera anak cucu aamiin,mendukung langkah presiden menkru pak purbaya tolong pak purbaya diberi pengaman khusu jang menteti jujur jadi target korban mafia pengaman khusu diperlukan tuk menteri purbaya doa terbaik selalu tuk pak purbaya semoga diberi perlindungan selalu semoga pak presiden sehat selalu bisa memimpin indonesia sejahtera anak cucu aamiin
eEMz6w_ZGmg,@FhgfGtghh,Tangkap.semua.nya.pak.aku.setuju.sm.bapak.❤❤❤❤❤❤❤,0,2025-10-31T07:57:02Z,Tangkap semua nya pak aku setuju sm bapak,tangkap semua nya pak setuju bapak
eEMz6w_ZGmg,@FhgfGtghh,Banar.pak.biar.rakyat.tau.❤❤❤❤❤❤❤❤❤,0,2025-10-31T07:56:09Z,Banar pak biar rakyat tau,banar pak biar rakyat tau
eEMz6w_ZGmg,@PendiEfendi-qv4kt,Jaksa jangan semangat menghakimi orang mencuri ayam. Mending cari maling di bea cukai banyak maling kelas kakap,0,2025-10-31T06:29:31Z,Jaksa jangan semangat menghakimi orang mencuri ayam Mending cari maling di bea cukai banyak maling kelas kakap,jaksa jangan semangat menghakimi orang mencuri ayam mend cari male bea cukai banyak male kela kakap
eEMz6w_ZGmg,@NadiraNuralifah-m7u1n,"rakyat bersama pak Purbaya 
lanjut terus pak Purbaya",0,2025-10-31T06:26:16Z,rakyat bersama pak Purbaya lanjut terus pak Purbaya,rakyat bersama pak purbaya lanjut teru pak purbaya
eEMz6w_ZGmg,@AkunpakSuparno,"Sip pak Fuad , koruptor tak pandang bulu, sikat",0,2025-10-31T06:22:17Z,Sip pak Fuad koruptor tak pandang bulu sikat,sip pak fuad koruptor tak pandang bulu sikat
eEMz6w_ZGmg,@AkunpakSuparno,Harusnya bang Ichsan duduk di staf kepresidenan,0,2025-10-31T06:02:52Z,Harusnya bang Ichsan duduk di staf kepresidenan,harusnya bang ichsan duduk staf kepresidenan
eEMz6w_ZGmg,@AkunpakSuparno,"Sejak dulu pegawai pajak dan beacukai main mata, bersihkan dulu",0,2025-10-31T06:00:28Z,Sejak dulu pegawai pajak dan beacukai main mata bersihkan dulu,dulu pegawai pajak beacukai main mata bersihkan dulu
eEMz6w_ZGmg,@AkunpakSuparno,"Dukung terus pak Pur , jangan takut dg cukong yg kerja duduk koar koar",0,2025-10-31T05:59:16Z,Dukung terus pak Pur jangan takut dg cukong yg kerja duduk koar koar,dukung teru pak pur jangan takut cukong kerja duduk koar koar
eEMz6w_ZGmg,@AkunpakSuparno,"Nitizen suarakan agar pak Purbaya tidak masuk partai politik,biar idialismenya terjaga",0,2025-10-31T05:55:22Z,Nitizen suarakan agar pak Purbaya tidak masuk partai politik biar idialismenya terjaga,nitizen suarakan pak purbaya tidak masuk partai politik biar idialismenya terjaga
eEMz6w_ZGmg,@AkunpakSuparno,"Oyo suarakan agar pak Pur ,tidak masuk partai politik",0,2025-10-31T05:54:09Z,Oyo suarakan agar pak Pur tidak masuk partai politik,oyo suarakan pak pur tidak masuk partai politik
eEMz6w_ZGmg,@AkunpakSuparno,"Semoga pak Prabowo dan pak Pur dijaga Alloh , selama ini rakyat hanya SBG obyek, cukong ..yg kaya",0,2025-10-31T05:53:25Z,Semoga pak Prabowo dan pak Pur dijaga Alloh selama ini rakyat hanya SBG obyek cukong yg kaya,semoga pak prabowo pak pur dijaga alloh rakyat hanya sbg obyek cukong kaya
eEMz6w_ZGmg,@SujudSantoso,"Apakah bisa penertiban penggelapan pendapatan negara tsb dibrantas jawabannya pasti bisa .Negara punya kekuatan potensi keluasan,sdm dlsb negara tidak boleh kalah sama penjahat2 keuangan negara ,sikat habis mereka rakyat SDH bosan menderita .Maju terus utk NKRI",0,2025-10-31T03:28:49Z,Apakah bisa penertiban penggelapan pendapatan negara tsb dibrantas jawabannya pasti bisa Negara punya kekuatan potensi keluasan sdm dlsb negara tidak boleh kalah sama penjahat2 keuangan negara sikat habis mereka rakyat SDH bosan menderita Maju terus utk NKRI,apakah bisa penertiban penggelapan pendapatan negara tsb dibranta jawabannya pasti bisa negara punya kekuatan potensi keluasan sdm dlsb negara tidak boleh kalah sama penjahat keuangan negara sikat habi rakyat bosan menderita maju teru nkri
eEMz6w_ZGmg,@destianization,10.000 triliyun auto jadi orang terkaya didunia ya gak si?,0,2025-10-31T01:57:02Z,10 000 triliyun auto jadi orang terkaya didunia ya gak si,triliyun auto jadi orang terkaya didunia gak
eEMz6w_ZGmg,@LeoTedo,"Wah ,😮pemaparan dari pak ichsanul ini sangat fantastis .moga"" pak presiden  & Pak Menkeu bisa melihat ini . Good job pak ichsanul .❤👍",0,2025-10-31T01:39:04Z,Wah pemaparan dari pak ichsanul ini sangat fantastis moga pak presiden Pak Menkeu bisa melihat ini Good job pak ichsanul,wah pemaparan pak ichsanul sangat fantasti moga pak presiden pak menkeu bisa melihat good job pak ichsanul
eEMz6w_ZGmg,@LeoTedo,"Sy beri jempol sama pak ikhsan beliau ini sdh lama berkecimpung di media .sehat selalu pak . Pahlawan "" media ❤👍",0,2025-10-31T01:33:36Z,Sy beri jempol sama pak ikhsan beliau ini sdh lama berkecimpung di media sehat selalu pak Pahlawan media,beri jempol sama pak ikhsan beliau lama berkecimpung media sehat selalu pak pahlawan media
eEMz6w_ZGmg,@KolojengkingJengking,Halah dulu kamu ngapain....saat jabat,0,2025-10-31T01:26:00Z,Halah dulu kamu ngapain saat jabat,halah dulu ngapain saat jabat
eEMz6w_ZGmg,@LeoTedo,"Ya Allah berarti tahun "" ini zaman Jokowi dgn Menkeu Sri Mulyani .  Apa mmg mereka tdk tau sehingga ke rugian negara sampe 10 rb trilyun . Iya semoga bisa terselesaikan dan rakyat indonesia yg berkekurangan bisa jg menikmatinya .❤presidenku & Menkeu Purbaya.",4,2025-10-31T01:21:01Z,Ya Allah berarti tahun ini zaman Jokowi dgn Menkeu Sri Mulyani Apa mmg mereka tdk tau sehingga ke rugian negara sampe 10 rb trilyun Iya semoga bisa terselesaikan dan rakyat indonesia yg berkekurangan bisa jg menikmatinya presidenku Menkeu Purbaya,allah berarti tahun zaman jokowi menkeu sri mulyani apa mmg tau rugian negara samp trilyun iya semoga bisa terselesaikan rakyat indonesia berkekurangan bisa menikmatinya presidenku menkeu purbaya
eEMz6w_ZGmg,@johanesihan6199,"Pak Pur, diam² aja tdk usah terlalu byk omon langsung aja tangkap baru konpers",0,2025-10-31T01:04:21Z,Pak Pur diam aja tdk usah terlalu byk omon langsung aja tangkap baru konpers,pak pur diam aja usah terlalu byk omon langsung aja tangkap baru konper
eEMz6w_ZGmg,@mamankarnani4884,"Itu gilanya mafia2 di jaman si jokodok dan itu dibiarkan, pasti kegiatan ilegal ini kolusi antara pemerintah lingkar istana para oligharki dan legislatif dg para mafia2 jd betapa lemahnya pemerintahan si jokodokmulyono,",0,2025-10-31T00:44:16Z,Itu gilanya mafia2 di jaman si jokodok dan itu dibiarkan pasti kegiatan ilegal ini kolusi antara pemerintah lingkar istana para oligharki dan legislatif dg para mafia2 jd betapa lemahnya pemerintahan si jokodokmulyono,gilanya mafia jaman jokodok dibiarkan pasti kegiatan ileg kolusi antara pemerintah lingkar istana para oligharki legislatif para mafia betapa lemahnya pemerintahan jokodokmulyono
eEMz6w_ZGmg,@setyowahyuningsih-j5m,Ayo pak purbaya tangani serius agar satu persatu  pencuri2 ini di tangkap..agar negara segra kaya..rakyat juga kaya..kaya bersama2❤❤❤,0,2025-10-31T00:02:47Z,Ayo pak purbaya tangani serius agar satu persatu pencuri2 ini di tangkap agar negara segra kaya rakyat juga kaya kaya bersama2,ayo pak purbaya tangani seriu satu persatu pencuri tangkap negara segra kaya rakyat kaya kaya bersama
eEMz6w_ZGmg,@budiharnawa613,1 Purbaya tdk akan cukup !!!!!!!!😅,0,2025-10-30T22:42:07Z,1 Purbaya tdk akan cukup,purbaya cukup
eEMz6w_ZGmg,@sulinasulina472,Jadi manusia yg bermaafaat kebaikan bagi org lain dan tdk merugikan  hajat org banyak,11,2025-10-30T21:32:43Z,Jadi manusia yg bermaafaat kebaikan bagi org lain dan tdk merugikan hajat org banyak,jadi manusia bermaafaat kebaikan bagi org lain merugikan hajat org banyak
eEMz6w_ZGmg,@agusaliwardana,Cek mafia tambang min....,0,2025-10-30T16:17:59Z,Cek mafia tambang min,cek mafia tambang min
eEMz6w_ZGmg,@TapsirTapsir-d9g,"Negara penduduknya makin banyak,neraca perdagangan export import semakin besar tapi tax rasio semakin turun..sangat aneh kan...bener di bea cukai dan kepabeanan bermasalah dan termasuk pelaku pengusaha jasa export dan import...wajib tindak tegas.tangkap kasih efek jera karna main agar pajak bayarnya kecil.luar biasa nilainya.",0,2025-10-30T15:12:58Z,Negara penduduknya makin banyak neraca perdagangan export import semakin besar tapi tax rasio semakin turun sangat aneh kan bener di bea cukai dan kepabeanan bermasalah dan termasuk pelaku pengusaha jasa export dan import wajib tindak tegas tangkap kasih efek jera karna main agar pajak bayarnya kecil luar biasa nilainya,negara penduduknya makin banyak neraca perdagangan export import semakin besar tax rasio semakin turun sangat aneh kan bener bea cukai kepabeanan bermasalah termasuk pelaku pengusaha jasa export import wajib tindak tega tangkap kasih efek jera karna main pajak bayarnya kecil luar biasa nilainya
eEMz6w_ZGmg,@VivoY19S-v9s,"Sekarang pihak aparat hukum bisa tidak memberantas korupsi, agar rakyat tau mau kemana negri ini.",0,2025-10-30T15:11:55Z,Sekarang pihak aparat hukum bisa tidak memberantas korupsi agar rakyat tau mau kemana negri ini,sekarang pihak aparat hukum bisa tidak memberanta korupsi rakyat tau mau kemana negri
eEMz6w_ZGmg,@rujubaee1199,Dukung bapa menkeu.,0,2025-10-30T14:48:08Z,Dukung bapa menkeu,dukung bapa menkeu
eEMz6w_ZGmg,@OeArd,"Sejak ada negara ini,,mungkin baru kali ini ada pejabat negara yang sangat terbuka seperti p, Purbaya, dengan bekingan PK Prabowo sbg presiden",0,2025-10-30T14:36:57Z,Sejak ada negara ini mungkin baru kali ini ada pejabat negara yang sangat terbuka seperti p Purbaya dengan bekingan PK Prabowo sbg presiden,negara mungkin baru kali pejabat negara sangat terbuka seperti purbaya bekingan prabowo sbg presiden
eEMz6w_ZGmg,@SugiArto-i5r,"Maaf kalo boleh tanya , kenapa yg di telusuri harus mulai tahun 2013, apakah sebelum tahun itu belum ada korupsi,atau ini kasus bernuansa politik 🙏🙏🙏🙏",0,2025-10-30T14:08:34Z,Maaf kalo boleh tanya kenapa yg di telusuri harus mulai tahun 2013 apakah sebelum tahun itu belum ada korupsi atau ini kasus bernuansa politik,maaf kalo boleh tanya kenapa telusuri haru mulai tahun apakah tahun belum korupsi kasu bernuansa politik
eEMz6w_ZGmg,@VivoY19S-v9s,Terbongkar semua rakusnya pejabat negara manipu rakyat pencuri di gaji rakyat. Harus dihukum mati dan sita semua asetnya.,0,2025-10-30T13:39:40Z,Terbongkar semua rakusnya pejabat negara manipu rakyat pencuri di gaji rakyat Harus dihukum mati dan sita semua asetnya,terbongkar semua rakusnya pejabat negara manipu rakyat pencuri gaji rakyat haru dihukum mati sita semua asetnya
eEMz6w_ZGmg,@BijiBedut,Bung Leo ada salah baca data tuh pas bagian under invoicing malah dibaca over invoicing...,0,2025-10-30T13:27:39Z,Bung Leo ada salah baca data tuh pas bagian under invoicing malah dibaca over invoicing,bung leo salah baca data tuh pa bagian under invoic malah dibaca over invoic
eEMz6w_ZGmg,@alipikoli7405,HARUS bisa dilenyapkan serta dimusnahkan,0,2025-10-30T13:18:45Z,HARUS bisa dilenyapkan serta dimusnahkan,haru bisa dilenyapkan serta dimusnahkan
eEMz6w_ZGmg,@Devanoari-y2f,Dulu jaman raja Jawa jokowow bilang nya uang 11000trilyun sudah di kantong sekarang 10000Trilyun lebih udah lah ga usah pada ngecap Klian pejabat baru di bilang sukses KLW tidak menipu masarakyat pake bansos. Gitu aja ko repot,0,2025-10-30T12:17:45Z,Dulu jaman raja Jawa jokowow bilang nya uang 11000trilyun sudah di kantong sekarang 10000Trilyun lebih udah lah ga usah pada ngecap Klian pejabat baru di bilang sukses KLW tidak menipu masarakyat pake bansos Gitu aja ko repot,dulu jaman raja jawa jokowow bilang nya uang trilyun kantong sekarang trilyun lebih udah lah usah ngecap klian pejabat baru bilang suks klw tidak menipu masarakyat pake banso gitu aja repot
eEMz6w_ZGmg,@561-m3s,"80% orang kaya  indomaret  dr hasil pajak, sda dan hasil infrasruktur belanja maupun  infraksutktur  lain nya",0,2025-10-30T08:16:32Z,80 orang kaya indomaret dr hasil pajak sda dan hasil infrasruktur belanja maupun infraksutktur lain nya,orang kaya indomaret hasil pajak sda hasil infrasruktur belanja maupun infraksutktur lain nya
eEMz6w_ZGmg,@kartikaprincess4511,"Semoga tdk hanya wacana, tapi segera ada tindakan nyata.",0,2025-10-30T08:13:37Z,Semoga tdk hanya wacana tapi segera ada tindakan nyata,semoga hanya wacana segera tindakan nyata
eEMz6w_ZGmg,@dewilovina4151,Ya Tuhan....apa kerja sri mulyani selama ini???,0,2025-10-30T07:49:16Z,Ya Tuhan apa kerja sri mulyani selama ini,tuhan apa kerja sri mulyani
eEMz6w_ZGmg,@rahmatmansyur7661,kalo ini bisa ditarik cukai dan pajaknya...2028 APBN Rp 5000 T mah ditangan..kedepannya MBG cuma duit kecil ..semangat Pak Purbaya ...,0,2025-10-30T07:00:17Z,kalo ini bisa ditarik cukai dan pajaknya 2028 APBN Rp 5000 T mah ditangan kedepannya MBG cuma duit kecil semangat Pak Purbaya,kalo bisa ditarik cukai pajaknya apbn mah ditangan kedepannya mbg cuma duit kecil semangat pak purbaya
eEMz6w_ZGmg,@bambooori2262,Semua yg berhubungan dg uang korupsi pasti bersinggungan dg menkeu.  Negara rugi gara² korupsi uang apbn,0,2025-10-30T06:31:33Z,Semua yg berhubungan dg uang korupsi pasti bersinggungan dg menkeu Negara rugi gara korupsi uang apbn,semua berhubungan uang korupsi pasti bersinggungan menkeu negara rugi gara korupsi uang apbn
eEMz6w_ZGmg,@mardianto5391,"cerdik vs licik
slmt datang di pertempuran abadi",0,2025-10-30T06:30:16Z,cerdik vs licik slmt datang di pertempuran abadi,cerdik licik slmt datang pertempuran abadi
eEMz6w_ZGmg,@RabbaniRabbani-dk3ub,"Sekarang di Kalimantan barat
Masih banyak Maria. Undang undang. Pemerintah daerah
Kerjasama dengan BBM. Sawit
Tambang dan pembangunan
Perdagangan  tekstil elegar malasiya negara tetangga mulai dari hilir sampai  kehulu
Titik",0,2025-10-30T06:22:13Z,Sekarang di Kalimantan barat Masih banyak Maria Undang undang Pemerintah daerah Kerjasama dengan BBM Sawit Tambang dan pembangunan Perdagangan tekstil elegar malasiya negara tetangga mulai dari hilir sampai kehulu Titik,sekarang kalimantan barat masih banyak maria undang undang pemerintah daerah kerjasama bbm sawit tambang pembangunan perdagangan tekstil elegar malasiya negara tetangga mulai hilir kehulu titik
eEMz6w_ZGmg,@guthemapada4,Agak lucu Juga Ya...Masa Kita mau nyebar info tangkap Pencuri pencuri tersebut..seharusnya  Tangkap dulu baru infonya di publikasi.,0,2025-10-30T06:05:24Z,Agak lucu Juga Ya Masa Kita mau nyebar info tangkap Pencuri pencuri tersebut seharusnya Tangkap dulu baru infonya di publikasi,agak lucu masa mau nyebar info tangkap pencuri pencuri tersebut seharusnya tangkap dulu baru infonya publikasi
eEMz6w_ZGmg,@Prabowo_Hari.septo5,Singapura lagi singapura lagi 😂,1,2025-10-30T06:01:40Z,Singapura lagi singapura lagi,singapura singapura
eEMz6w_ZGmg,@alanmyfocus,"Modusnya selain Under Invoice yaitu Quantity yang dikecilkan, baranga yang di Impor 40.000 di PIB (Pemberitahuan Impor Barang) menjadi 4.000 jadi yang 36.000 GAK BAYAR PAJAK",0,2025-10-30T05:52:47Z,Modusnya selain Under Invoice yaitu Quantity yang dikecilkan baranga yang di Impor 40 000 di PIB Pemberitahuan Impor Barang menjadi 4 000 jadi yang 36 000 GAK BAYAR PAJAK,modusnya selain under invoic quantiti dikecilkan baranga impor pib pemberitahuan impor barang menjadi jadi gak bayar pajak
eEMz6w_ZGmg,@RizkyRidwan-j3n,"10k triliun bisa seluruh rakyat Indonesia kaya raya 😂😂 GK akan ada gembel, kesehatan terjamin, pendidikan gratis sampe S1 bahkan bisa S3 GK akan ada pengemis,kang parkir,ormas,begal dll",0,2025-10-30T05:33:01Z,10k triliun bisa seluruh rakyat Indonesia kaya raya GK akan ada gembel kesehatan terjamin pendidikan gratis sampe S1 bahkan bisa S3 GK akan ada pengemis kang parkir ormas begal dll,triliun bisa seluruh rakyat indonesia kaya raya gembel kesehatan terjamin pendidikan grati samp bahkan bisa pengemi kang parkir orma begal
eEMz6w_ZGmg,@nadineghassani5289,Kalau DPR tdk menyetujui penyitaan asset dr hasil korupsi maka hrs di kepres..,0,2025-10-30T05:24:00Z,Kalau DPR tdk menyetujui penyitaan asset dr hasil korupsi maka hrs di kepres,kalau dpr menyetujui penyitaan asset hasil korupsi maka hr kepr
eEMz6w_ZGmg,@nadineghassani5289,"Pejabat harus seperti ini, biar koruptor² takut",0,2025-10-30T05:17:22Z,Pejabat harus seperti ini biar koruptor takut,pejabat haru seperti biar koruptor takut
eEMz6w_ZGmg,@andisugiono8609,Fuad B ini dulu selain mantan Menkeu jg mantan Dirjen Pajak😂,0,2025-10-30T03:33:46Z,Fuad B ini dulu selain mantan Menkeu jg mantan Dirjen Pajak,fuad dulu selain mantan menkeu mantan dirjen pajak
eEMz6w_ZGmg,@561-m3s,Wow,0,2025-10-30T02:36:17Z,Wow,wow
eEMz6w_ZGmg,@eckoramadhan3240,"Ya allah Lindungi lah mereka mereka yang bekerja menggunakan hati nurani, yg jujur dan amanah.
Aku ga tau harus sedih atau senang. Disatu sisi sedih karna bobroknya orang orang kita yg tanpa hati korupsi begitu besar tanpa melihat masyarakat kita masih banyak yang bersusah payah mencari rezeki.
Disatu sisi juga senang karna uda mulai terungkap para mafia yg selama ini sudah terlalu nyaman untuk mencuri.",0,2025-10-30T02:32:02Z,Ya allah Lindungi lah mereka mereka yang bekerja menggunakan hati nurani yg jujur dan amanah Aku ga tau harus sedih atau senang Disatu sisi sedih karna bobroknya orang orang kita yg tanpa hati korupsi begitu besar tanpa melihat masyarakat kita masih banyak yang bersusah payah mencari rezeki Disatu sisi juga senang karna uda mulai terungkap para mafia yg selama ini sudah terlalu nyaman untuk mencuri,allah lindungi lah bekerja menggunakan hati nurani jujur amanah tau haru sedih senang disatu sisi sedih karna bobroknya orang orang tanpa hati korupsi begitu besar tanpa melihat masyarakat masih banyak bersusah payah mencari rezeki disatu sisi senang karna uda mulai terungkap para mafia terlalu nyaman mencuri
eEMz6w_ZGmg,@TTK549,Kehadiran P.Pur dikabinet membuat bangsa ini optimis bangkit 🔥🔥🔥,1,2025-10-30T01:36:26Z,Kehadiran P Pur dikabinet membuat bangsa ini optimis bangkit,kehadiran pur dikabinet membuat bangsa optimi bangkit
eEMz6w_ZGmg,@fajarlaufi,usut srimulyani!,0,2025-10-30T00:53:54Z,usut srimulyani,usut srimulyani
eEMz6w_ZGmg,@soetarsyahmsb8896,"Naah ini, yg. buat ""INDONESIA GELAP'.!! 👎
Modus 378 MISINVOICING. 
Dari para Pengusaha Oligarki Nakal dan para Pejabat yang Culas, Rakus dan Tamak..👊😡👎😡👊",0,2025-10-30T00:32:18Z,Naah ini yg buat INDONESIA GELAP Modus 378 MISINVOICING Dari para Pengusaha Oligarki Nakal dan para Pejabat yang Culas Rakus dan Tamak,naah buat indonesia gelap modu misinvo para pengusaha oligarki nakal para pejabat cula raku tamak
eEMz6w_ZGmg,@WitMalang,Yerim betul lah rezim Jokowi!!!,0,2025-10-29T23:52:51Z,Yerim betul lah rezim Jokowi,yerim betul lah rezim jokowi
eEMz6w_ZGmg,@HartiniAti-p3c,"Ya, Allah lindung8lah orang2 yg selalu, ingin melindungi negeri kami, orang orang yg ingin memajukan negeri kami dari orang  orang yg zholim,",1,2025-10-29T23:28:28Z,Ya Allah lindung8lah orang2 yg selalu ingin melindungi negeri kami orang orang yg ingin memajukan negeri kami dari orang orang yg zholim,allah lindunglah orang selalu ingin melindungi negeri kami orang orang ingin memajukan negeri kami orang orang zholim
eEMz6w_ZGmg,@adijaya-p7w,"Astaghfirullooooh....La pd waktu itu mentri Srimulat dmn kok gak tahu?katanya mentri paling cerdas sejagat.
Kok pajak rakyat aja yg diperkosa?",0,2025-10-29T23:19:10Z,Astaghfirullooooh La pd waktu itu mentri Srimulat dmn kok gak tahu katanya mentri paling cerdas sejagat Kok pajak rakyat aja yg diperkosa,astaghfirullooooh waktu mentri srimulat dmn kok gak tahu katanya mentri pale cerda sejagat kok pajak rakyat aja diperkosa
eEMz6w_ZGmg,@adijaya-p7w,"Pemimpin bangsa dan rakyat sdh toleran banget,msh dikadali jg.
Sikat aja dah pk Presiden...!
Biar bangsa ini cepat makmur.",0,2025-10-29T23:11:47Z,Pemimpin bangsa dan rakyat sdh toleran banget msh dikadali jg Sikat aja dah pk Presiden Biar bangsa ini cepat makmur,pemimpin bangsa rakyat toleran banget msh dikadali sikat aja dah presiden biar bangsa cepat makmur
eEMz6w_ZGmg,@jajamjamilah664,Pantes negara miskin terus rakyat merasa lara terus ternyata uang2 pd di timbun berpuluh2 tahun bongkar terus pak purbaya bpk prabowo bpk sejalan ingin bersihkan orang bedosa agar terselamatkan dari fahsha dan munkar❤,0,2025-10-29T21:37:10Z,Pantes negara miskin terus rakyat merasa lara terus ternyata uang2 pd di timbun berpuluh2 tahun bongkar terus pak purbaya bpk prabowo bpk sejalan ingin bersihkan orang bedosa agar terselamatkan dari fahsha dan munkar,pant negara miskin teru rakyat merasa lara teru ternyata uang timbun berpuluh tahun bongkar teru pak purbaya bpk prabowo bpk sejalan ingin bersihkan orang bedosa terselamatkan fahsha munkar
eEMz6w_ZGmg,@KodokBancet-f1,MAFIA DAN KORUPTOR GANGGU PAK PURBAYA RAKYAT SIAP TURUN MENCARI PARA PENGGANGU ITU.,0,2025-10-29T20:13:39Z,MAFIA DAN KORUPTOR GANGGU PAK PURBAYA RAKYAT SIAP TURUN MENCARI PARA PENGGANGU ITU,mafia koruptor ganggu pak purbaya rakyat siap turun mencari para penggangu
eEMz6w_ZGmg,@KenziArka-z5r,"Smoga segera lahir purbaya2 baru..untuk membantu memberastas mafia2 di negri ini, ayolah orang2 pintar kalian bisa bersatu untuk kemajuan bangsa indonesia ini.",2,2025-10-29T18:01:54Z,Smoga segera lahir purbaya2 baru untuk membantu memberastas mafia2 di negri ini ayolah orang2 pintar kalian bisa bersatu untuk kemajuan bangsa indonesia ini,smoga segera lahir purbaya baru membantu memberasta mafia negri ayolah orang pintar kalian bisa bersatu kemajuan bangsa indonesia
eEMz6w_ZGmg,@musasabrowi5840,Daya rusak paling dasyat era Jokowi,0,2025-10-29T17:48:06Z,Daya rusak paling dasyat era Jokowi,daya rusak pale dasyat era jokowi
eEMz6w_ZGmg,@HeruSagitaWijaya,Bukan oknum bea cukai tidak tau tapi TST,0,2025-10-29T16:32:38Z,Bukan oknum bea cukai tidak tau tapi TST,bukan oknum bea cukai tidak tau tst
eEMz6w_ZGmg,@retnohanggarArniati-r7m,"Betapa hebat dahsyat persoalan yg ada dalam bea cukai yg bisa meruntuhkan perekonomian NKRI , harus ada orang kuat yg di beri kekuatan maksimal untuk memberantas mafia yg melibatkan beberapa kementrian, kita sama ber doa agar kesulitan yg ada bisa Ter urai untuk di benahi n kemudian melakukan tindakan  tegas KPD mafia yg menghancurkan ekonomi NKRI .Pak PRESIDEN n Pak PURBAYA agar sehat slalu bertugas di jalan ALLAH utk RAKYAT yg selama ini tertindas oleh kejahatan mafia perusak ekonomi NKRI .... Mohon ridho Allah untuk berhasil n sukses.",0,2025-10-29T16:10:19Z,Betapa hebat dahsyat persoalan yg ada dalam bea cukai yg bisa meruntuhkan perekonomian NKRI harus ada orang kuat yg di beri kekuatan maksimal untuk memberantas mafia yg melibatkan beberapa kementrian kita sama ber doa agar kesulitan yg ada bisa Ter urai untuk di benahi n kemudian melakukan tindakan tegas KPD mafia yg menghancurkan ekonomi NKRI Pak PRESIDEN n Pak PURBAYA agar sehat slalu bertugas di jalan ALLAH utk RAKYAT yg selama ini tertindas oleh kejahatan mafia perusak ekonomi NKRI Mohon ridho Allah untuk berhasil n sukses,betapa hebat dahsyat persoalan bea cukai bisa meruntuhkan perekonomian nkri haru orang kuat beri kekuatan maksim memberanta mafia melibatkan beberapa kementrian sama ber doa kesulitan bisa ter urai benahi kemudian melakukan tindakan tega kpd mafia menghancurkan ekonomi nkri pak presiden pak purbaya sehat slalu bertuga jalan allah rakyat tertinda kejahatan mafia perusak ekonomi nkri mohon ridho allah berhasil suks
eEMz6w_ZGmg,@IyamCici,Yg saya lihat dari pemerintahan Suharto sampai sekarang baru di pemerintahan pa Prabowo yg benar benar ingin memberantas korupsi dan para mapia memang benar korupsi dan mapia itu sangat merugikan ngr dan menyengsarakan rakyat RI saya doakan SMG pa Prabowo dan pjt yg jujur SMG di lindungi Alloh dan di jaga dari ancaman orang orang yg zolim amin,0,2025-10-29T15:07:27Z,Yg saya lihat dari pemerintahan Suharto sampai sekarang baru di pemerintahan pa Prabowo yg benar benar ingin memberantas korupsi dan para mapia memang benar korupsi dan mapia itu sangat merugikan ngr dan menyengsarakan rakyat RI saya doakan SMG pa Prabowo dan pjt yg jujur SMG di lindungi Alloh dan di jaga dari ancaman orang orang yg zolim amin,lihat pemerintahan suharto sekarang baru pemerintahan prabowo benar benar ingin memberanta korupsi para mapia memang benar korupsi mapia sangat merugikan ngr menyengsarakan rakyat doakan smg prabowo pjt jujur smg lindungi alloh jaga ancaman orang orang zolim amin
eEMz6w_ZGmg,@SyahrulHaeruddin-p9l,"Ayo rakyat Indonesia,kita dukung terus pak presiden Kita untuk memberantas para koruptor dan mafia tanpa pandang bulu.",3,2025-10-29T15:04:04Z,Ayo rakyat Indonesia kita dukung terus pak presiden Kita untuk memberantas para koruptor dan mafia tanpa pandang bulu,ayo rakyat indonesia dukung teru pak presiden memberanta para koruptor mafia tanpa pandang bulu
eEMz6w_ZGmg,@IyamCici,Mapia bisa di lenyapkan asalkan para pjt nya jujur dan kompak satu jalan satu prekwensi tidak simpang siur dan punya tekad baja yg kuat jgn tekad oncom yg di pegang,0,2025-10-29T14:53:31Z,Mapia bisa di lenyapkan asalkan para pjt nya jujur dan kompak satu jalan satu prekwensi tidak simpang siur dan punya tekad baja yg kuat jgn tekad oncom yg di pegang,mapia bisa lenyapkan para pjt nya jujur kompak satu jalan satu prekwensi tidak simpang siur punya tekad baja kuat jgn tekad oncom pegang
eEMz6w_ZGmg,@SupariYanto-b1m,BETUL ZAMAN SEKARANG BANYAK PEGAWAI TERTINGGI JADI MAFIA NEGARA ..! MENJADIKAN INDONESIA MENJADI LEMAH DAN BANYAK UTANG NEGARA YANG  DITANGGUNG MASYARAKAT INDONESIA ...! AKHIRNYA  PENDERITAAN RAKYAT TAK KUNJUNG MISKIN TERUS ..! JAWABPANNYA MENUNGGU PENGADILAN DARI YANG  MAHA  BERKUASA BARULAH BISA DIRASAKAN SEMUA MANUSIA / ORANG SEINDONESIA ..!,0,2025-10-29T14:49:43Z,BETUL ZAMAN SEKARANG BANYAK PEGAWAI TERTINGGI JADI MAFIA NEGARA MENJADIKAN INDONESIA MENJADI LEMAH DAN BANYAK UTANG NEGARA YANG DITANGGUNG MASYARAKAT INDONESIA AKHIRNYA PENDERITAAN RAKYAT TAK KUNJUNG MISKIN TERUS JAWABPANNYA MENUNGGU PENGADILAN DARI YANG MAHA BERKUASA BARULAH BISA DIRASAKAN SEMUA MANUSIA ORANG SEINDONESIA,betul zaman sekarang banyak pegawai tertinggi jadi mafia negara menjadikan indonesia menjadi lemah banyak utang negara ditanggung masyarakat indonesia akhirnya penderitaan rakyat tak kunjung miskin teru jawabpannya menunggu pengadilan maha berkuasa barulah bisa dirasakan semua manusia orang seindonesia
eEMz6w_ZGmg,@jajananzayyan-family,"Pak purbaya tolong hentikan pertalite di campur etanol,,d wilayah Jawa Timur sudah banyak sepeda motor berebet karena ulah dari pak Bahlil🙏🙏",0,2025-10-29T14:30:59Z,Pak purbaya tolong hentikan pertalite di campur etanol d wilayah Jawa Timur sudah banyak sepeda motor berebet karena ulah dari pak Bahlil,pak purbaya tolong hentikan pertalit campur etanol wilayah jawa timur banyak sepeda motor berebet ulah pak bahlil
eEMz6w_ZGmg,@idibasuki1281,Asstaghfirruloh bgt jahat nya Menkeu yg lalu memeras rakyat kecil dgn pajak tapi membiarkan perampok uang negara.,0,2025-10-29T14:25:23Z,Asstaghfirruloh bgt jahat nya Menkeu yg lalu memeras rakyat kecil dgn pajak tapi membiarkan perampok uang negara,asstaghfirruloh bgt jahat nya menkeu lalu memera rakyat kecil pajak membiarkan perampok uang negara
eEMz6w_ZGmg,@davidleeroth007,menteri keuangan yg kemaren molor,0,2025-10-29T14:07:28Z,menteri keuangan yg kemaren molor,menteri keuangan kemaren molor
eEMz6w_ZGmg,@BuzarMan,"Mohon pak Purbaya, ini utk nambah ilmu pak menkau ini org pintar juga dan cukup pengalaman utk menambah depisa negara mengejar ekonomi 8% th 2028, program Pak Probowo pro rakyat.",7,2025-10-29T14:06:37Z,Mohon pak Purbaya ini utk nambah ilmu pak menkau ini org pintar juga dan cukup pengalaman utk menambah depisa negara mengejar ekonomi 8 th 2028 program Pak Probowo pro rakyat,mohon pak purbaya nambah ilmu pak menkau org pintar cukup pengalaman menambah depisa negara mengejar ekonomi program pak probowo pro rakyat
eEMz6w_ZGmg,@aansubarnas,SIAP2. SINGAPURA  MISKQUIN SEMISQUINNYA  BILA APARATUR INDONESIA TEGAKAN HUKUM HILANG KOLUSI KORUPSINYA...,3,2025-10-29T14:05:28Z,SIAP2 SINGAPURA MISKQUIN SEMISQUINNYA BILA APARATUR INDONESIA TEGAKAN HUKUM HILANG KOLUSI KORUPSINYA,siap singapura miskquin semisquinnya aparatur indonesia tegakan hukum hilang kolusi korupsinya
eEMz6w_ZGmg,@toyibah7922,Mantap pak purbaya.kalo udah terkumpul .uangnya bisa bayar hutang negara❤,0,2025-10-29T13:57:13Z,Mantap pak purbaya kalo udah terkumpul uangnya bisa bayar hutang negara,mantap pak purbaya kalo udah terkumpul uangnya bisa bayar hutang negara
eEMz6w_ZGmg,@idabagussuryamanuaba4784,"ya Tuhan lindungilah orang-orang baik di negeri ini. Indonesia sangat kaya raya, semestinya sudah jadi negara super power.",1,2025-10-29T13:47:52Z,ya Tuhan lindungilah orang orang baik di negeri ini Indonesia sangat kaya raya semestinya sudah jadi negara super power,tuhan lindungilah orang orang baik negeri indonesia sangat kaya raya semestinya jadi negara super power
eEMz6w_ZGmg,@sirraj6943,Mntap pk ...🎉🎉🎉,0,2025-10-29T13:43:59Z,Mntap pk,mntap
eEMz6w_ZGmg,@ananto_kusumo,"TENTU SAJA ADA, . . . Prabowo akan disogok 16T ??? . . . . berarti . . .BETAPA BANYAKNYA DUIT YANG BEREDAR DI 'LUAR NEGARA' !!

(SARAN SAYA , PRABOWO TERIMA SAJA ITU , dan TANGKAP DIA dkknya)",0,2025-10-29T13:28:19Z,TENTU SAJA ADA Prabowo akan disogok 16T berarti BETAPA BANYAKNYA DUIT YANG BEREDAR DI LUAR NEGARA SARAN SAYA PRABOWO TERIMA SAJA ITU dan TANGKAP DIA dkknya,tentu prabowo disogok berarti betapa banyaknya duit beredar luar negara saran prabowo terima tangkap dkknya
eEMz6w_ZGmg,@robertw3010,"Emang benar para pemain Exspor - Import pasti dari orang - orang mereka ,,,, ??",0,2025-10-29T13:23:23Z,Emang benar para pemain Exspor Import pasti dari orang orang mereka,emang benar para pemain exspor import pasti orang orang
eEMz6w_ZGmg,@muhammadgazali7639,Semoga pak purbaya ttp tegu pendirian x sesuai kometmen bp presiden jgn pernah takut rakyat mendukung bpk,0,2025-10-29T13:22:49Z,Semoga pak purbaya ttp tegu pendirian x sesuai kometmen bp presiden jgn pernah takut rakyat mendukung bpk,semoga pak purbaya ttp tegu pendirian sesuai kometmen presiden jgn pernah takut rakyat mendukung bpk
eEMz6w_ZGmg,@m.harrywahyudi8177,10 tahun terakhir brarti jaman jokowi dong😢😢,0,2025-10-29T13:19:13Z,10 tahun terakhir brarti jaman jokowi dong,tahun terakhir brarti jaman jokowi dong
eEMz6w_ZGmg,@riskyardiansyah7471,Mentri lain lagi sibuk ngilangin barbuk 😂,0,2025-10-29T13:10:46Z,Mentri lain lagi sibuk ngilangin barbuk,mentri lain sibuk ngilangin barbuk
eEMz6w_ZGmg,@ngintip4708,"Gilaaaa!!! Gebrakan pa Prabowo & pa Purbaya 🔥 Mari kita kawal mereka, Semoga Allah SWT melindungi keduanya, amin.",56,2025-10-29T13:09:35Z,Gilaaaa Gebrakan pa Prabowo pa Purbaya Mari kita kawal mereka Semoga Allah SWT melindungi keduanya amin,gilaaaa gebrakan prabowo purbaya mari kawal semoga allah swt melindungi keduanya amin
eEMz6w_ZGmg,@hajienjat423,Pantesan selama Jokowi jadi presiden sangat timpang yang punya jabatan yang Deket sama Jokowi sangat kelimpahan kekayaan sedangkan rakyat dibawah cuma jadi penonton mau makan aja susah,0,2025-10-29T13:05:12Z,Pantesan selama Jokowi jadi presiden sangat timpang yang punya jabatan yang Deket sama Jokowi sangat kelimpahan kekayaan sedangkan rakyat dibawah cuma jadi penonton mau makan aja susah,pantesan jokowi jadi presiden sangat timpang punya jabatan deket sama jokowi sangat kelimpahan kekayaan sedangkan rakyat dibawah cuma jadi penonton mau makan aja susah
eEMz6w_ZGmg,@indrawanindrawan5509,Koruptor harus dihukum mati,0,2025-10-29T13:04:59Z,Koruptor harus dihukum mati,koruptor haru dihukum mati
eEMz6w_ZGmg,@budjechannel8455,Pelaku korupsi di atas 1M di hukum mati baru akan habis kerugian negara,0,2025-10-29T12:51:27Z,Pelaku korupsi di atas 1M di hukum mati baru akan habis kerugian negara,pelaku korupsi ata hukum mati baru habi kerugian negara
eEMz6w_ZGmg,@dwiparisi9594,Hidup kang norsy,0,2025-10-29T12:51:27Z,Hidup kang norsy,hidup kang norsi
eEMz6w_ZGmg,@muhamadmahari,rakyat bangga dan punya harapan sangat positif kepemimpinan P Perabowo P Purbaya semoga keduanya dalam lindungan Allah swt yg maha kuasa yg maha bisa yg maha segalanya keberhasilan P Perabowo purbaya insyaallah negara makmur rakyat sejahtera,1,2025-10-29T12:48:33Z,rakyat bangga dan punya harapan sangat positif kepemimpinan P Perabowo P Purbaya semoga keduanya dalam lindungan Allah swt yg maha kuasa yg maha bisa yg maha segalanya keberhasilan P Perabowo purbaya insyaallah negara makmur rakyat sejahtera,rakyat bangga punya harapan sangat positif kepemimpinan perabowo purbaya semoga keduanya lindungan allah swt maha kuasa maha bisa maha segalanya keberhasilan perabowo purbaya insyaallah negara makmur rakyat sejahtera
eEMz6w_ZGmg,@WerSanl,Rakyat kecil sangat mendukung kejar koruptor. Rakyat didesa hidup sangat susah. Siap bela mati tumpas koruptor,0,2025-10-29T12:40:45Z,Rakyat kecil sangat mendukung kejar koruptor Rakyat didesa hidup sangat susah Siap bela mati tumpas koruptor,rakyat kecil sangat mendukung kejar koruptor rakyat didesa hidup sangat susah siap bela mati tumpa koruptor
eEMz6w_ZGmg,@didikdoang7628,Trus kapan *UU PERAMPASAN ASET* disahkan oleh DPR ??,0,2025-10-29T12:29:49Z,Trus kapan UU PERAMPASAN ASET disahkan oleh DPR,tru kapan perampasan aset disahkan dpr
eEMz6w_ZGmg,@aliwahdi,"Saya dukung Menkeu Purbaya Yudhi Sadewa karena beliau menteri yang jujur dan cerdas , apalagi semangat beliau mengajak rakyat untuk kaya bersama, beliau juga sangat tegas memberantas mafia-mafia di negeri ini ..",0,2025-10-29T12:27:59Z,Saya dukung Menkeu Purbaya Yudhi Sadewa karena beliau menteri yang jujur dan cerdas apalagi semangat beliau mengajak rakyat untuk kaya bersama beliau juga sangat tegas memberantas mafia mafia di negeri ini,dukung menkeu purbaya yudhi sadewa beliau menteri jujur cerda apalagi semangat beliau mengajak rakyat kaya bersama beliau sangat tega memberanta mafia mafia negeri
eEMz6w_ZGmg,@seruni481,"Rakyat dicekiq bunga bang ....kita disengsarakan .dpt mnjm di bang tpi mencekiq .satu kali minjam di bang seorang guru ,langsung melarat .gaji nol yg pulang .habis terpotong bang krn bunga tinggi .",0,2025-10-29T12:25:52Z,Rakyat dicekiq bunga bang kita disengsarakan dpt mnjm di bang tpi mencekiq satu kali minjam di bang seorang guru langsung melarat gaji nol yg pulang habis terpotong bang krn bunga tinggi,rakyat dicekiq bunga bang disengsarakan dpt mnjm bang tpi mencekiq satu kali minjam bang seorang guru langsung melarat gaji nol pulang habi terpotong bang krn bunga tinggi
eEMz6w_ZGmg,@kasiminlaso9134,"Rakyat indonesia memang seharusnya sejahtera, kesehatan dan pendidikan gratis karena negara kita kaya raya.",0,2025-10-29T12:10:21Z,Rakyat indonesia memang seharusnya sejahtera kesehatan dan pendidikan gratis karena negara kita kaya raya,rakyat indonesia memang seharusnya sejahtera kesehatan pendidikan grati negara kaya raya
eEMz6w_ZGmg,@ramsyahse,"Sikat bersih para penipu negara Indonesia
Jangan diberi ampun",0,2025-10-29T11:59:06Z,Sikat bersih para penipu negara Indonesia Jangan diberi ampun,sikat bersih para penipu negara indonesia jangan diberi ampun
eEMz6w_ZGmg,@suriana8131,"Pak Prabowo dan pak Purbaya, bekinganmu rakyat Indonesia pak, jangan takut untuk terus berjuang, rakyat bersama kalian ❤🙏",1,2025-10-29T11:49:08Z,Pak Prabowo dan pak Purbaya bekinganmu rakyat Indonesia pak jangan takut untuk terus berjuang rakyat bersama kalian,pak prabowo pak purbaya bekinganmu rakyat indonesia pak jangan takut teru berjuang rakyat bersama kalian
eEMz6w_ZGmg,@LaluGaruda,10.000 Triliun bisa buat Indonesia jadi negara maju😭😭😭,0,2025-10-29T11:41:51Z,10 000 Triliun bisa buat Indonesia jadi negara maju,triliun bisa buat indonesia jadi negara maju
eEMz6w_ZGmg,@edyriswanto7134,Tak perlu di expose ke 2 nya masih baik dibanding yang dipilih dititipkan Joko ntol,0,2025-10-29T11:35:14Z,Tak perlu di expose ke 2 nya masih baik dibanding yang dipilih dititipkan Joko ntol,tak perlu expos nya masih baik diband dipilih dititipkan joko ntol
eEMz6w_ZGmg,@AjidinNoer,"Pa Presiden, selidik juga aparat Polri dan TNI aktif yg membackup tambang ilegal. Gas pol pak❤️🇲🇨",0,2025-10-29T11:27:00Z,Pa Presiden selidik juga aparat Polri dan TNI aktif yg membackup tambang ilegal Gas pol pak,presiden selidik aparat polri tni aktif membackup tambang ileg ga pol pak
eEMz6w_ZGmg,@funandlearningm,"Begitu, devisa negara di korupt, Sampai 10.000 Trillium? Tidak Aneh tapi karena pembiaran dan pejabat tinggi penakut dengan korupt  atau menjadi korupto menyebabkan bertahun tahun seperti ini.",0,2025-10-29T11:25:46Z,Begitu devisa negara di korupt Sampai 10 000 Trillium Tidak Aneh tapi karena pembiaran dan pejabat tinggi penakut dengan korupt atau menjadi korupto menyebabkan bertahun tahun seperti ini,begitu devisa negara korupt trillium tidak aneh pembiaran pejabat tinggi penakut korupt menjadi korupto menyebabkan bertahun tahun seperti
eEMz6w_ZGmg,@terijengki2871,"Dynamic Duo,pak Prabowo & pak Purbaya 🔥",1,2025-10-29T11:23:35Z,Dynamic Duo pak Prabowo pak Purbaya,dynam duo pak prabowo pak purbaya
eEMz6w_ZGmg,@ramsessimamora2444,Perusahaan kedua negara sekongkol,0,2025-10-29T11:18:55Z,Perusahaan kedua negara sekongkol,perusahaan kedua negara sekongkol
eEMz6w_ZGmg,@VankoiChannel,Luar biasa nilai korupainya sangat sangat fantastis,0,2025-10-29T11:15:28Z,Luar biasa nilai korupainya sangat sangat fantastis,luar biasa nilai korupainya sangat sangat fantasti
eEMz6w_ZGmg,@ramsessimamora2444,Negara tujuan inportir ikut mafia,0,2025-10-29T11:11:11Z,Negara tujuan inportir ikut mafia,negara tujuan inportir ikut mafia
eEMz6w_ZGmg,@PetZhen,Pantasan serah terima jabatan menteri keuangan yang lama agak ragu2 karena banyak dia melindungi koruptor 😊😅,0,2025-10-29T10:56:18Z,Pantasan serah terima jabatan menteri keuangan yang lama agak ragu2 karena banyak dia melindungi koruptor,pantasan serah terima jabatan menteri keuangan lama agak ragu banyak melindungi koruptor
eEMz6w_ZGmg,@fusauphiau2994,"Negara tak maju2 karna hambatan para koruptor, klu tidak disikat hbs atau bikin undang2 hukuman mati para koruptor. sampai kpn pun gak akan maju, bisa2 tambah ambruk",0,2025-10-29T10:46:36Z,Negara tak maju2 karna hambatan para koruptor klu tidak disikat hbs atau bikin undang2 hukuman mati para koruptor sampai kpn pun gak akan maju bisa2 tambah ambruk,negara tak maju karna hambatan para koruptor klu tidak disikat hb bikin undang hukuman mati para koruptor kpn pun gak maju bisa tambah ambruk
eEMz6w_ZGmg,@EdusiswaUntukNegeri,INDONESIA SE KAYA INI YA ALLAH,0,2025-10-29T10:22:26Z,INDONESIA SE KAYA INI YA ALLAH,indonesia kaya allah
eEMz6w_ZGmg,@ardy_rich-3268,Kami sebagai rakyat Indonesia senang dan mendukung pak Prabowo dan pak Purbaya 👍👍,1,2025-10-29T09:57:56Z,Kami sebagai rakyat Indonesia senang dan mendukung pak Prabowo dan pak Purbaya,kami sebagai rakyat indonesia senang mendukung pak prabowo pak purbaya
eEMz6w_ZGmg,@ibusuryati5328,"Pelan tapi pasti kinerja MenKeu pk Purbaya!!! Smg sehat slalu, dilindungi Allah SWA, sukses terusss pk.  
🤲💪🙂👍👍👏👏🇮🇩",4,2025-10-29T09:56:09Z,Pelan tapi pasti kinerja MenKeu pk Purbaya Smg sehat slalu dilindungi Allah SWA sukses terusss pk,pelan pasti kinerja menkeu purbaya smg sehat slalu dilindungi allah swa suks terusss
eEMz6w_ZGmg,@wawanpj4352,"Saya menduga kelakuan ini dr jaman suharto juga sdh sprti itu.... hubungannya dg keberanian. barulah saat ini ketemunya, Krn ada political weel dr presidennya.

Makanya dr dulu prabowo susah trpilih jd presiden. Krn prabowo punya keberanian dan cukup keras kpd orang2 yg merusak negara.

Makanya prabowo merubah pola yg seolah tdk akn keras, jdinya semua politikus tertipu.

Klo semua maling ya pasti aman. Jd klo ingin negara aman yg jngan ada perbedaan saja. Tinggal memilih mau benar atau salah.",0,2025-10-29T09:43:45Z,Saya menduga kelakuan ini dr jaman suharto juga sdh sprti itu hubungannya dg keberanian barulah saat ini ketemunya Krn ada political weel dr presidennya Makanya dr dulu prabowo susah trpilih jd presiden Krn prabowo punya keberanian dan cukup keras kpd orang2 yg merusak negara Makanya prabowo merubah pola yg seolah tdk akn keras jdinya semua politikus tertipu Klo semua maling ya pasti aman Jd klo ingin negara aman yg jngan ada perbedaan saja Tinggal memilih mau benar atau salah,menduga kelakuan jaman suharto sprti hubungannya keberanian barulah saat ketemunya krn polit weel presidennya makanya dulu prabowo susah trpilih presiden krn prabowo punya keberanian cukup kera kpd orang merusak negara makanya prabowo merubah pola seolah akn kera jdinya semua politiku tertipu klo semua male pasti aman klo ingin negara aman jngan perbedaan tinggal memilih mau benar salah
eEMz6w_ZGmg,@UlaikaChanel,Pak semua pengusaha nipu dak tertip,0,2025-10-29T09:36:34Z,Pak semua pengusaha nipu dak tertip,pak semua pengusaha nipu dak tertip
eEMz6w_ZGmg,@uciita8324,"Sikaattttt  abisss  bos. Terutama yg lakukan under n over invoicing. RAMPAS  DUIT MEREKA  di Sng,Hkg, Chn n di negara tempat perampok n  pengemplang pajak yg ngumpulin  duit  di shell companies. 👹👺",0,2025-10-29T09:34:28Z,Sikaattttt abisss bos Terutama yg lakukan under n over invoicing RAMPAS DUIT MEREKA di Sng Hkg Chn n di negara tempat perampok n pengemplang pajak yg ngumpulin duit di shell companies,sikaattttt abisss bo terutama lakukan under over invoic rampa duit sng hkg chn negara tempat perampok pengemplang pajak ngumpulin duit shell compani
eEMz6w_ZGmg,@upikeni1895,amzing 10.000 triliun hrsny rakyat Indonesia kaya smua gk ada yg miskin,8,2025-10-29T09:32:07Z,amzing 10 000 triliun hrsny rakyat Indonesia kaya smua gk ada yg miskin,amz triliun hrsni rakyat indonesia kaya smua miskin
eEMz6w_ZGmg,@ap8669,"Lha itu sbenernya pemerintah RI ngga perlu naikkan pajak ke rakyat udh bs menutupi APBN dari uang yg diambil (di korupsi) sm mafia, haduhhh,.. kita rakyat RI hidup cm di nakalin sm mafia, pemerintah RI yg dulu ngga berdaya sm mafia.",0,2025-10-29T09:30:24Z,Lha itu sbenernya pemerintah RI ngga perlu naikkan pajak ke rakyat udh bs menutupi APBN dari uang yg diambil di korupsi sm mafia haduhhh kita rakyat RI hidup cm di nakalin sm mafia pemerintah RI yg dulu ngga berdaya sm mafia,lha sbenernya pemerintah ngga perlu naikkan pajak rakyat udh menutupi apbn uang diambil korupsi mafia haduhhh rakyat hidup nakalin mafia pemerintah dulu ngga berdaya mafia
eEMz6w_ZGmg,@susireinieren-bali5495,"Wouw,.....maling- maling negara itu harus dihukum mati dan keluarga mereka harus dimiskinkan. Harusnya Indonesia sudah puluhan tahun yang lalu sudah menjadi negara maju. 80 tahun sudah merdeka tetapi negara ternyata dikuasai dan dijajah oleh elit-elit yang tak bermoral dan biadab.",0,2025-10-29T09:30:23Z,Wouw maling maling negara itu harus dihukum mati dan keluarga mereka harus dimiskinkan Harusnya Indonesia sudah puluhan tahun yang lalu sudah menjadi negara maju 80 tahun sudah merdeka tetapi negara ternyata dikuasai dan dijajah oleh elit elit yang tak bermoral dan biadab,wouw male male negara haru dihukum mati keluarga haru dimiskinkan harusnya indonesia puluhan tahun lalu menjadi negara maju tahun merdeka tetapi negara ternyata dikuasai dijajah elit elit tak bermor biadab
eEMz6w_ZGmg,@Kenko21,"Negara dirugikan rakyat di miskin kan, itu lah ideologi PKI mereka tidak senang melihat rakyat makmur apalagi melihat Indonesia maju.,",0,2025-10-29T09:22:34Z,Negara dirugikan rakyat di miskin kan itu lah ideologi PKI mereka tidak senang melihat rakyat makmur apalagi melihat Indonesia maju,negara dirugikan rakyat miskin kan lah ideolog pki tidak senang melihat rakyat makmur apalagi melihat indonesia maju
eEMz6w_ZGmg,@tanyadenanya,"Its gonna be a loooooong fighting. dalam hal import, Pak Fuad sudah paham betul  bahwa itu sudah jadi trik lazim pengusaha untuk mengakali pajak. makanya jawaban beliau tersirat tidak antusias. masalahnya pengusaha mau bea murah dan barang tidak tertahan di BC. Hal ini  ""bisa diakomodir dan diusahakan"" oleh petugas negara. sudah mendarah daging berpuluh tahun praktek begini. ibaratnya simbiosis mutualisme. Even Pak Pur rasanya sih sudah tahu juga. Semoga ada cara briliant untuk menuntaskan hal ini, karena issue invoicing ini hanya satu fase bagi pengusaha, karena setelah beres di BC, ""vampir vampir"" lain sudah menanti untuk memalak si pengusaha.",0,2025-10-29T09:20:22Z,Its gonna be a loooooong fighting dalam hal import Pak Fuad sudah paham betul bahwa itu sudah jadi trik lazim pengusaha untuk mengakali pajak makanya jawaban beliau tersirat tidak antusias masalahnya pengusaha mau bea murah dan barang tidak tertahan di BC Hal ini bisa diakomodir dan diusahakan oleh petugas negara sudah mendarah daging berpuluh tahun praktek begini ibaratnya simbiosis mutualisme Even Pak Pur rasanya sih sudah tahu juga Semoga ada cara briliant untuk menuntaskan hal ini karena issue invoicing ini hanya satu fase bagi pengusaha karena setelah beres di BC vampir vampir lain sudah menanti untuk memalak si pengusaha,gonna loooooong fight hal import pak fuad paham betul jadi trik lazim pengusaha mengakali pajak makanya jawaban beliau tersirat tidak antusia masalahnya pengusaha mau bea murah barang tidak tertahan hal bisa diakomodir diusahakan petuga negara mendarah dage berpuluh tahun praktek begini ibaratnya simbiosi mutualism even pak pur rasanya sih tahu semoga cara briliant menuntaskan hal issu invoic hanya satu fase bagi pengusaha bere vampir vampir lain menanti memalak pengusaha
eEMz6w_ZGmg,@RohmatanAtan,Kalau pejabat kerjasama sama heker kuruptor mau lari kemana,0,2025-10-29T09:15:04Z,Kalau pejabat kerjasama sama heker kuruptor mau lari kemana,kalau pejabat kerjasama sama heker kuruptor mau lari kemana
eEMz6w_ZGmg,@vespasprint4608,Indonesia kaya akan koruptor dan mafia...yang di dukung pejabat bermental maling malas kerja...mantap kerja pak purbaya,0,2025-10-29T09:00:34Z,Indonesia kaya akan koruptor dan mafia yang di dukung pejabat bermental maling malas kerja mantap kerja pak purbaya,indonesia kaya koruptor mafia dukung pejabat berment male mala kerja mantap kerja pak purbaya
eEMz6w_ZGmg,@dwiindratno7697,"jangan lupa pak BLBI (Bantuan Liquiditas Bank Indonesia) pak Purbaya dengan arrahan Pak Prabowo, uang  rakyat bisa kembali dari bank bank baik swasta maupun negri, tolong dong masa mereka pailit rakyat terpaksa membantu suntikan dana  melalui bang indonesia (BI), sekarang kalau sudah untung ya kembalikan dana tersebut ke BI untuk dikembalikan ke rakyat dalam bentuk pemanfaatan finansial yang akan mempermudah dan menguntungkan masyarakat, salam NKRI Ekonomi.",0,2025-10-29T08:59:39Z,jangan lupa pak BLBI Bantuan Liquiditas Bank Indonesia pak Purbaya dengan arrahan Pak Prabowo uang rakyat bisa kembali dari bank bank baik swasta maupun negri tolong dong masa mereka pailit rakyat terpaksa membantu suntikan dana melalui bang indonesia BI sekarang kalau sudah untung ya kembalikan dana tersebut ke BI untuk dikembalikan ke rakyat dalam bentuk pemanfaatan finansial yang akan mempermudah dan menguntungkan masyarakat salam NKRI Ekonomi,jangan lupa pak blbi bantuan liquidita bank indonesia pak purbaya arrahan pak prabowo uang rakyat bisa kembali bank bank baik swasta maupun negri tolong dong masa pailit rakyat terpaksa membantu suntikan dana melalui bang indonesia sekarang kalau untung kembalikan dana tersebut dikembalikan rakyat bentuk pemanfaatan finansi mempermudah menguntungkan masyarakat salam nkri ekonomi
eEMz6w_ZGmg,@putramardang8887,Dari dlu Bp Prabowo slalu bicara BOCOR tpi semua org mencibir beliau... 😇😇,2,2025-10-29T08:59:17Z,Dari dlu Bp Prabowo slalu bicara BOCOR tpi semua org mencibir beliau,dlu prabowo slalu bicara bocor tpi semua org mencibir beliau
eEMz6w_ZGmg,@bhineka5498,"jangan sampai Next Indonesia yg menyajikan data ini hanya akan mencari duit dng data yg dimiliki, karena penjahat akan siap membayar supaya kejahatannya tidak terungkap",0,2025-10-29T08:58:22Z,jangan sampai Next Indonesia yg menyajikan data ini hanya akan mencari duit dng data yg dimiliki karena penjahat akan siap membayar supaya kejahatannya tidak terungkap,jangan next indonesia menyajikan data hanya mencari duit dng data dimiliki penjahat siap membayar kejahatannya tidak terungkap
eEMz6w_ZGmg,@petruschandra3414,"HIBAH ALAT2 MEDIS DARI JAPAN ITU GRATIS,?",0,2025-10-29T08:53:16Z,HIBAH ALAT2 MEDIS DARI JAPAN ITU GRATIS,hibah alat medi japan grati
eEMz6w_ZGmg,@petruschandra3414,"INGAT KASUS INALUM,DI- SIDANG DPR?",0,2025-10-29T08:42:45Z,INGAT KASUS INALUM DI SIDANG DPR,ingat kasu inalum sidang dpr
eEMz6w_ZGmg,@petruschandra3414,"PASKA =80 TH NKRI MERDEKA,ITU HRS KITA ISI DGN INTEGRITAS DAN KREDIBILITAS,BUKAN,DGN ABS? ASAL BAPA SENANG?",0,2025-10-29T08:40:18Z,PASKA 80 TH NKRI MERDEKA ITU HRS KITA ISI DGN INTEGRITAS DAN KREDIBILITAS BUKAN DGN ABS ASAL BAPA SENANG,paska nkri merdeka hr isi integrita kredibilita bukan ab asal bapa senang
eEMz6w_ZGmg,@petruschandra3414,"MENGAPA NKRI SULIT MAJU?JAWAB: KRN BANYAKNYA PENIPUAN YG DIMANIPULATIF,MUSUH2 DLM SELIMUT?",0,2025-10-29T08:34:34Z,MENGAPA NKRI SULIT MAJU JAWAB KRN BANYAKNYA PENIPUAN YG DIMANIPULATIF MUSUH2 DLM SELIMUT,mengapa nkri sulit maju jawab krn banyaknya penipuan dimanipulatif musuh dlm selimut
eEMz6w_ZGmg,@CandraAlex-i6h,"Menangislah bung Karno..beginilah negara yg telah kau perjuangkan dgn darah nyawa dan jiwa raga...tampang"" Koruptor yg tdk tahu malu dan Tega mengkhianati bangsa sendiri..pantaslah dihukum mati..!!!",0,2025-10-29T08:33:54Z,Menangislah bung Karno beginilah negara yg telah kau perjuangkan dgn darah nyawa dan jiwa raga tampang Koruptor yg tdk tahu malu dan Tega mengkhianati bangsa sendiri pantaslah dihukum mati,menangislah bung karno beginilah negara kau perjuangkan darah nyawa jiwa raga tampang koruptor tahu malu tega mengkhianati bangsa sendiri pantaslah dihukum mati
eEMz6w_ZGmg,@Jairan4,Yaalohh umat indoonesa ingatlah perjuangan 1945 taruhannya nyawa  masarakatbawah  dibanjiri kredet banyakbentuk nya  sudahmatisak jronee urep,0,2025-10-29T08:32:05Z,Yaalohh umat indoonesa ingatlah perjuangan 1945 taruhannya nyawa masarakatbawah dibanjiri kredet banyakbentuk nya sudahmatisak jronee urep,yaalohh umat indoonesa ingatlah perjuangan taruhannya nyawa masarakatbawah dibanjiri kredet banyakbentuk nya sudahmatisak jrone urep
eEMz6w_ZGmg,@MjDelivery,Saya selalu tertarik pada forum yg di dalam nya ada bung Ichsanuddin Noorsy,1,2025-10-29T08:27:41Z,Saya selalu tertarik pada forum yg di dalam nya ada bung Ichsanuddin Noorsy,selalu tertarik forum nya bung ichsanuddin noorsi
eEMz6w_ZGmg,@iklasulamal1253,NEGARA KAYA TAPI TERLALU BANYAK MALINGNYA,0,2025-10-29T08:22:06Z,NEGARA KAYA TAPI TERLALU BANYAK MALINGNYA,negara kaya terlalu banyak malingnya
eEMz6w_ZGmg,@endangsusilowati8876,Gimana negara mau maju koruptor merajalela sedangkan warga mau mancari kerja susah,0,2025-10-29T08:17:07Z,Gimana negara mau maju koruptor merajalela sedangkan warga mau mancari kerja susah,gimana negara mau maju koruptor merajalela sedangkan warga mau mancari kerja susah
eEMz6w_ZGmg,@endangsriwilangsih8279,"Sehat² pk presiden, pk purbaya, para menteri serta jajaran para pejabat yg jujur dn tegas trhadap para pelaku kejahatan negara",2,2025-10-29T08:06:17Z,Sehat pk presiden pk purbaya para menteri serta jajaran para pejabat yg jujur dn tegas trhadap para pelaku kejahatan negara,sehat presiden purbaya para menteri serta jajaran para pejabat jujur tega trhadap para pelaku kejahatan negara
eEMz6w_ZGmg,@MaemunaMuiz,Semoga para pejabat teras negara ini mau berkolaborasi dg pk PURBAYA MENJADIKAN NEGARA TERCINTA INI CONTOH PEREKONOMIAN TERBAIK DI DUNIA MENJESAHTERAKAN RAKYAT SECARA MERATA BUKAN SEBALIKNYA AAAAMIIIIN ALLAHUMMA AAAMIIIN,0,2025-10-29T08:05:19Z,Semoga para pejabat teras negara ini mau berkolaborasi dg pk PURBAYA MENJADIKAN NEGARA TERCINTA INI CONTOH PEREKONOMIAN TERBAIK DI DUNIA MENJESAHTERAKAN RAKYAT SECARA MERATA BUKAN SEBALIKNYA AAAAMIIIIN ALLAHUMMA AAAMIIIN,semoga para pejabat tera negara mau berkolaborasi purbaya menjadikan negara tercinta contoh perekonomian terbaik dunia menjesahterakan rakyat secara merata bukan sebaliknya aaaamiiiin allahumma aaamiiin
eEMz6w_ZGmg,@sirhanuyo-wg1ug,Tempat merekah di Singapur,0,2025-10-29T07:50:34Z,Tempat merekah di Singapur,tempat merekah singapur
eEMz6w_ZGmg,@sirhanuyo-wg1ug,Rakyat mendukung 💪🏽💪🏽💪🏽,0,2025-10-29T07:48:02Z,Rakyat mendukung,rakyat mendukung
eEMz6w_ZGmg,@usmawatiusmawati4671,"Mantap mentri keuangan kita, duit kita ini banyak tp hanya dimakan oleh segelintir orang saja",0,2025-10-29T07:44:55Z,Mantap mentri keuangan kita duit kita ini banyak tp hanya dimakan oleh segelintir orang saja,mantap mentri keuangan duit banyak hanya dimakan segelintir orang
eEMz6w_ZGmg,@murniati112,Mantap dengan adanya pak Pur maka semua yang curang terungkap,1,2025-10-29T07:42:56Z,Mantap dengan adanya pak Pur maka semua yang curang terungkap,mantap adanya pak pur maka semua curang terungkap
eEMz6w_ZGmg,@theresianatalia7233,"Sekian lama menjabat Ibu Sri Mulyani yg terhormat ngapain aja ya? Kenapa baru ke ""blow up"" diawal Bpk Purbaya menjabat?",0,2025-10-29T07:38:12Z,Sekian lama menjabat Ibu Sri Mulyani yg terhormat ngapain aja ya Kenapa baru ke blow up diawal Bpk Purbaya menjabat,sekian lama menjabat ibu sri mulyani terhormat ngapain aja kenapa baru blow diawal bpk purbaya menjabat
eEMz6w_ZGmg,@rians1967,"10 tahun terakhir berarti jaman nya mulyono,memang perusak negara tuh org",0,2025-10-29T07:37:52Z,10 tahun terakhir berarti jaman nya mulyono memang perusak negara tuh org,tahun terakhir berarti jaman nya mulyono memang perusak negara tuh org
eEMz6w_ZGmg,@Tcang964,"Sangat mendukung kerja bapak Purbaya, semoga bisa  mengatasi rintangan2.dalambingkar mafia..",0,2025-10-29T07:26:41Z,Sangat mendukung kerja bapak Purbaya semoga bisa mengatasi rintangan2 dalambingkar mafia,sangat mendukung kerja bapak purbaya semoga bisa mengatasi rintangan dalambingkar mafia
eEMz6w_ZGmg,@yunadewanti7844,Pak PUR RI2 2029,0,2025-10-29T07:26:37Z,Pak PUR RI2 2029,pak pur
eEMz6w_ZGmg,@didikpurwanto1125,Tuh ngeri nya negri ini pak Ichsanudin aja bukan ancaman lagi tapi kekerasan fisik di terima dari preman berdasi...,0,2025-10-29T07:22:52Z,Tuh ngeri nya negri ini pak Ichsanudin aja bukan ancaman lagi tapi kekerasan fisik di terima dari preman berdasi,tuh ngeri nya negri pak ichsanudin aja bukan ancaman kekerasan fisik terima preman berdasi
eEMz6w_ZGmg,@adiburizal5958,"Pak Ihsan tegas, keliru katakan keliru.",0,2025-10-29T07:20:23Z,Pak Ihsan tegas keliru katakan keliru,pak ihsan tega keliru katakan keliru
eEMz6w_ZGmg,@bekasiblis9540,"Menteri keuangan lagi sibuk benahi keuangan negara, menteri pertanian lagi sibuk pastikan rakyat tersedia berasnya. Menteri yg lain sibuk memperkaya diri tanpa bekerja dan cari alasan kalo ketahuan",1,2025-10-29T07:10:07Z,Menteri keuangan lagi sibuk benahi keuangan negara menteri pertanian lagi sibuk pastikan rakyat tersedia berasnya Menteri yg lain sibuk memperkaya diri tanpa bekerja dan cari alasan kalo ketahuan,menteri keuangan sibuk benahi keuangan negara menteri pertanian sibuk pastikan rakyat tersedia berasnya menteri lain sibuk memperkaya diri tanpa bekerja cari alasan kalo ketahuan
eEMz6w_ZGmg,@triagoengsoebijantoro4664,Rakyat mendukungmu pak Purbaya❤,0,2025-10-29T07:09:29Z,Rakyat mendukungmu pak Purbaya,rakyat mendukungmu pak purbaya
eEMz6w_ZGmg,@NengsihNengsih-p8r,Parah jaman banteng,0,2025-10-29T07:04:52Z,Parah jaman banteng,parah jaman banteng
eEMz6w_ZGmg,@wong9629,"Para Mafia merugikan negara Ribuan Triliun per tahun, tidak akan terjadi kalau tidak dibantu Oknum Kementrian yg Kotor.",1,2025-10-29T06:58:21Z,Para Mafia merugikan negara Ribuan Triliun per tahun tidak akan terjadi kalau tidak dibantu Oknum Kementrian yg Kotor,para mafia merugikan negara ribuan triliun per tahun tidak terjadi kalau tidak dibantu oknum kementrian kotor
eEMz6w_ZGmg,@carelindwinaf6777,"10 th, kita dipimpin  tukan mebel, hancur negara ini. Negara kaya raya, rakyatnya terdampar di luar negeri sebagai pekerja migran, jd korban perdagangan orang, akibat negara salah urus.",0,2025-10-29T06:48:40Z,10 th kita dipimpin tukan mebel hancur negara ini Negara kaya raya rakyatnya terdampar di luar negeri sebagai pekerja migran jd korban perdagangan orang akibat negara salah urus,dipimpin tukan mebel hancur negara negara kaya raya rakyatnya terdampar luar negeri sebagai pekerja migran korban perdagangan orang akibat negara salah uru
eEMz6w_ZGmg,@carelindwinaf6777,"Betul2 keparat , ibarat kita dirampok dilaut, didarat, diudara. Sempurna penderitaan rakyat indonesia.",0,2025-10-29T06:46:15Z,Betul2 keparat ibarat kita dirampok dilaut didarat diudara Sempurna penderitaan rakyat indonesia,betul keparat ibarat dirampok dilaut didarat diudara sempurna penderitaan rakyat indonesia
eEMz6w_ZGmg,@eongucu,"Astagfirullah alzhim .innalillahi wainnalilahi rojiun. Semoga cepat terbongkar semuanya .Negara ini banyak uang .Tapi di rampok oleh MAFIA2 .tolong vidio ini di viralkan supaya rakyat cerdas dan tau .Gasak PK.prabowo ,jg takut dg MAFIA2 yg ada di negara kita ini.",0,2025-10-29T06:45:44Z,Astagfirullah alzhim innalillahi wainnalilahi rojiun Semoga cepat terbongkar semuanya Negara ini banyak uang Tapi di rampok oleh MAFIA2 tolong vidio ini di viralkan supaya rakyat cerdas dan tau Gasak PK prabowo jg takut dg MAFIA2 yg ada di negara kita ini,astagfirullah alzhim innalillahi wainnalilahi rojiun semoga cepat terbongkar semuanya negara banyak uang rampok mafia tolong vidio viralkan rakyat cerda tau gasak prabowo takut mafia negara
eEMz6w_ZGmg,@suherman8600,"Setuju 👍, msh byk usaha""ilegal,lapak""pengepul,penimbunan d'daerah""yg bnr""merugikan negara,salah satunya penyalahgunaan BBM bersubsidi jenis solar dn gas.tlg basmi krn uangnya /upetinya msk k'oknum""aparat bawah sampai atas.💪❤🇮🇩🔥🙏",0,2025-10-29T06:41:40Z,Setuju msh byk usaha ilegal lapak pengepul penimbunan d daerah yg bnr merugikan negara salah satunya penyalahgunaan BBM bersubsidi jenis solar dn gas tlg basmi krn uangnya upetinya msk k oknum aparat bawah sampai atas,setuju msh byk usaha ileg lapak pengepul penimbunan daerah bnr merugikan negara salah satunya penyalahgunaan bbm bersubsidi jeni solar ga tlg basmi krn uangnya upetinya msk oknum aparat bawah ata
eEMz6w_ZGmg,@PidaOk-e2i,Maju terus pak purbaya rakyat mendukungmu❤❤,0,2025-10-29T06:40:52Z,Maju terus pak purbaya rakyat mendukungmu,maju teru pak purbaya rakyat mendukungmu
eEMz6w_ZGmg,@fajrinsyaiful8231,"Pak prabowo gk usah mikirin program2 pas kampanye pak, ckup beresin aja ini sampah2 trias politika dan koruptor2 ini pak, bisa jadi pehlawan pemberantas korupsi dan auto 2 periode minus gibran tapinya pak",0,2025-10-29T06:36:57Z,Pak prabowo gk usah mikirin program2 pas kampanye pak ckup beresin aja ini sampah2 trias politika dan koruptor2 ini pak bisa jadi pehlawan pemberantas korupsi dan auto 2 periode minus gibran tapinya pak,pak prabowo usah mikirin program pa kampany pak ckup beresin aja sampah tria politika koruptor pak bisa jadi pehlawan pemberanta korupsi auto period minu gibran tapinya pak
eEMz6w_ZGmg,@EdiRahmadi-i4d,"Gila ya..praktek pungli,korupsi,permainan sistem perbankan dan banyak lg.Pantesan negara sekaya indonesia 80 thn merdeka rakyat nya semakin merana.yg kaya makin kaya yg miskin tambah hancur.",0,2025-10-29T06:36:36Z,Gila ya praktek pungli korupsi permainan sistem perbankan dan banyak lg Pantesan negara sekaya indonesia 80 thn merdeka rakyat nya semakin merana yg kaya makin kaya yg miskin tambah hancur,gila praktek pungli korupsi permainan sistem perbankan banyak pantesan negara sekaya indonesia thn merdeka rakyat nya semakin merana kaya makin kaya miskin tambah hancur
eEMz6w_ZGmg,@ThemustBakso,Hhhhhh lanjut kan p. Pur.... Jangan kwatir TNI yg di dukung seluruh rakyat indonesia siap mengawal bapak purbaya. Laksanakan apa yg  di amanahkan p. Presiden.,0,2025-10-29T06:36:29Z,Hhhhhh lanjut kan p Pur Jangan kwatir TNI yg di dukung seluruh rakyat indonesia siap mengawal bapak purbaya Laksanakan apa yg di amanahkan p Presiden,hhhhhh lanjut kan pur jangan kwatir tni dukung seluruh rakyat indonesia siap mengaw bapak purbaya laksanakan apa amanahkan presiden
eEMz6w_ZGmg,@heryteros8155,"Baru kelihatan sekarang kalau inpor pakaian bekas menguntungkan para pelakunya , giliran TKI sebagi salah satu sumber devisa Negara ,mengirim  barang untuk sanak keluarganya sangat ketat , biadad sekali kalian.",0,2025-10-29T06:31:38Z,Baru kelihatan sekarang kalau inpor pakaian bekas menguntungkan para pelakunya giliran TKI sebagi salah satu sumber devisa Negara mengirim barang untuk sanak keluarganya sangat ketat biadad sekali kalian,baru kelihatan sekarang kalau inpor pakaian beka menguntungkan para pelakunya giliran tki sebagi salah satu sumber devisa negara mengirim barang sanak keluarganya sangat ketat biadad sekali kalian
eEMz6w_ZGmg,@suwantosuwanto1116,"Mafia bisa dilenyapkan kuncinya penegak hukumnya orang orang yang nasionalis bukan ternak oligarki yang tugasnya menjadi penjajah bangsa sendiri,Terus libas mafia dari berbagai sektor rakyat sangat bangga kepada Pak Presiden Prabowo,Pak Purbaya,gerakkan kejaksaan Agung, rakyat sudah tidak percaya lagi kepada KPK 👍👍👍🙏",0,2025-10-29T06:27:46Z,Mafia bisa dilenyapkan kuncinya penegak hukumnya orang orang yang nasionalis bukan ternak oligarki yang tugasnya menjadi penjajah bangsa sendiri Terus libas mafia dari berbagai sektor rakyat sangat bangga kepada Pak Presiden Prabowo Pak Purbaya gerakkan kejaksaan Agung rakyat sudah tidak percaya lagi kepada KPK,mafia bisa dilenyapkan kuncinya penegak hukumnya orang orang nasionali bukan ternak oligarki tugasnya menjadi penjajah bangsa sendiri teru liba mafia berbagai sektor rakyat sangat bangga kepada pak presiden prabowo pak purbaya gerakkan kejaksaan agung rakyat tidak percaya kepada kpk
eEMz6w_ZGmg,@yasmintri3981,"Artinya sejak 10 tahun pempretah jokoweeee....
Orang orang jokowee",0,2025-10-29T06:18:42Z,Artinya sejak 10 tahun pempretah jokoweeee Orang orang jokowee,artinya tahun pempretah jokoweee orang orang jokowe
eEMz6w_ZGmg,@rizkione9918,Joss,0,2025-10-29T06:17:47Z,Joss,joss
eEMz6w_ZGmg,@defriwansyah6610,"Maju terus pantang mundur pak menkeu
Rakyat bersama anda",0,2025-10-29T06:16:23Z,Maju terus pantang mundur pak menkeu Rakyat bersama anda,maju teru pantang mundur pak menkeu rakyat bersama anda
eEMz6w_ZGmg,@Im_r3allyG00fy,"SAYA PRIBADI TERLALU YAKIN: JIKA PRESIDENT, MENKEU, JAKSA AGUNG, KAPOLRI SERTA JAJARANNYA RAJIN BLUSUKAN DAN MENINDAK TEGAS SETIAP PELANGGAR HUKUM, MAKA KONSEP "" MAKMUR BERSAMA"" AKAN SEGERA MENJADI KENYATAAN DI NKRI, BRAVO KABINET MERAH PUTIH NKRI MAJU",0,2025-10-29T06:16:19Z,SAYA PRIBADI TERLALU YAKIN JIKA PRESIDENT MENKEU JAKSA AGUNG KAPOLRI SERTA JAJARANNYA RAJIN BLUSUKAN DAN MENINDAK TEGAS SETIAP PELANGGAR HUKUM MAKA KONSEP MAKMUR BERSAMA AKAN SEGERA MENJADI KENYATAAN DI NKRI BRAVO KABINET MERAH PUTIH NKRI MAJU,pribadi terlalu yakin presid menkeu jaksa agung kapolri serta jajarannya rajin blusukan menindak tega setiap pelanggar hukum maka konsep makmur bersama segera menjadi kenyataan nkri bravo kabinet merah putih nkri maju
eEMz6w_ZGmg,@yasmintri3981,Sri molyono tuh,0,2025-10-29T06:12:34Z,Sri molyono tuh,sri molyono tuh
eEMz6w_ZGmg,@yasmintri3981,Jokowe kluarganya tuh harus tangkap,0,2025-10-29T06:10:20Z,Jokowe kluarganya tuh harus tangkap,jokow kluarganya tuh haru tangkap
eEMz6w_ZGmg,@bangdodot315,pantes rakyat masih pada miskin,0,2025-10-29T06:08:20Z,pantes rakyat masih pada miskin,pant rakyat masih miskin
eEMz6w_ZGmg,@FunkyMonkey-v3j,"Perkuat struktur organisasi KPK & tingkatkan kuantitas, kapasitas & kapabilitas personil KPK. Gencarkan operasi pemberantasan korupsi disetiap lini pada seluruh KL. Tindak tegas setiap pelaku pelanggaran yg merugikan negara (moriil & materiil).",0,2025-10-29T06:05:14Z,Perkuat struktur organisasi KPK tingkatkan kuantitas kapasitas kapabilitas personil KPK Gencarkan operasi pemberantasan korupsi disetiap lini pada seluruh KL Tindak tegas setiap pelaku pelanggaran yg merugikan negara moriil materiil,perkuat struktur organisasi kpk tingkatkan kuantita kapasita kapabilita personil kpk gencarkan operasi pemberantasan korupsi disetiap lini seluruh tindak tega setiap pelaku pelanggaran merugikan negara moriil materiil
eEMz6w_ZGmg,@romsimasudi1360,10000T masih kalah ama yg ada di kantong pakdhe 11000T,0,2025-10-29T05:59:53Z,10000T masih kalah ama yg ada di kantong pakdhe 11000T,masih kalah ama kantong pakdh
eEMz6w_ZGmg,@doddymarantha7747,Busyet lebih gede dari jumlah utang konoha,0,2025-10-29T05:59:38Z,Busyet lebih gede dari jumlah utang konoha,busyet lebih gede jumlah utang konoha
eEMz6w_ZGmg,@suryantoidung8211,seharusnya di sahkan dulu uud perampasan aset dan hukumman mati/potong tangan agar negri ini terbebas dari para penjahat  maling duit rakyat dan para koruptor di hukum mati biar ada efek jera buat para pejabat yang lain nya.,5,2025-10-29T05:57:29Z,seharusnya di sahkan dulu uud perampasan aset dan hukumman mati potong tangan agar negri ini terbebas dari para penjahat maling duit rakyat dan para koruptor di hukum mati biar ada efek jera buat para pejabat yang lain nya,seharusnya sahkan dulu uud perampasan aset hukumman mati potong tangan negri terbeba para penjahat male duit rakyat para koruptor hukum mati biar efek jera buat para pejabat lain nya
eEMz6w_ZGmg,@cahyadi-cg2jt,kami kuatir yg teriak2 brantas korusi karena belum punya kesempatan untuk melakukan korupsi😅😅 😅😅,0,2025-10-29T05:55:48Z,kami kuatir yg teriak2 brantas korusi karena belum punya kesempatan untuk melakukan korupsi,kami kuatir teriak branta korusi belum punya kesempatan melakukan korupsi
eEMz6w_ZGmg,@alamasribatik1650,Ayo dukung purbaya merampas uang maling2 ayo  sdr2 rakyat kt dukung spy bisa diambil negara utk byr hutang dan kesejahteraan rakyat indonesia,0,2025-10-29T05:44:36Z,Ayo dukung purbaya merampas uang maling2 ayo sdr2 rakyat kt dukung spy bisa diambil negara utk byr hutang dan kesejahteraan rakyat indonesia,ayo dukung purbaya merampa uang male ayo sdr rakyat dukung spi bisa diambil negara byr hutang kesejahteraan rakyat indonesia
eEMz6w_ZGmg,@koncomlaku71,"Ada polisi, KPK, menteri ESDM, Perdaganan, Industri, KKP,  Ekonomi dll, pada ngapaian... Seakan2 yang suruh kerja dan seluruh beban diserahkan ke Menteri Keuangan... Apa ga malu pejabat2 yang lain itu.....",0,2025-10-29T05:40:59Z,Ada polisi KPK menteri ESDM Perdaganan Industri KKP Ekonomi dll pada ngapaian Seakan2 yang suruh kerja dan seluruh beban diserahkan ke Menteri Keuangan Apa ga malu pejabat2 yang lain itu,polisi kpk menteri esdm perdaganan industri kkp ekonomi ngapaian seakan suruh kerja seluruh beban diserahkan menteri keuangan apa malu pejabat lain
eEMz6w_ZGmg,@fufufafabelumtobat,Yang selama ini memberikan mereka kemudahan dalam rampok Negara harusnya diangkut juga dong. Indikasi ya si jokowi,0,2025-10-29T05:39:31Z,Yang selama ini memberikan mereka kemudahan dalam rampok Negara harusnya diangkut juga dong Indikasi ya si jokowi,memberikan kemudahan rampok negara harusnya diangkut dong indikasi jokowi
eEMz6w_ZGmg,@LopaHasibuan,Ya Alloh lindungi mentri kami pa purbaya ' beriksn kekuatan ' sehatkan selalu,0,2025-10-29T05:35:35Z,Ya Alloh lindungi mentri kami pa purbaya beriksn kekuatan sehatkan selalu,alloh lindungi mentri kami purbaya beriksn kekuatan sehatkan selalu
eEMz6w_ZGmg,@jimmyyustianus5705,Good 4 the 1st Impression,0,2025-10-29T05:32:09Z,Good 4 the 1st Impression,good impress
eEMz6w_ZGmg,@herrysucahyo2201,Senantiasa Bpk Presiden PRABOWO SUBIYANTO dan MENKEU PURBAYA dalam memperbaiki bangsa dan negara Indonesia.....ALLOH SWT melindunginya dan memberikan sehat.....AMIIN YRA....HAYOO FAKYAT INDONESIA KITA DUKUNG DAN BELA  ...,1,2025-10-29T05:24:04Z,Senantiasa Bpk Presiden PRABOWO SUBIYANTO dan MENKEU PURBAYA dalam memperbaiki bangsa dan negara Indonesia ALLOH SWT melindunginya dan memberikan sehat AMIIN YRA HAYOO FAKYAT INDONESIA KITA DUKUNG DAN BELA,senantiasa bpk presiden prabowo subiyanto menkeu purbaya memperbaiki bangsa negara indonesia alloh swt melindunginya memberikan sehat amiin yra hayoo fakyat indonesia dukung bela
eEMz6w_ZGmg,@RosmaWati-to3en,Larang aja yg tegas mafia pakaian jadi baru dan brkas stop masuk....industri kita hancur ga bisa bayar pajak.,0,2025-10-29T05:23:19Z,Larang aja yg tegas mafia pakaian jadi baru dan brkas stop masuk industri kita hancur ga bisa bayar pajak,larang aja tega mafia pakaian jadi baru brka stop masuk industri hancur bisa bayar pajak
eEMz6w_ZGmg,@ArdiYansyah-r2w,Ternya para pejabat2 sendiri yang ternyata merugigikan negara ini.,0,2025-10-29T05:21:28Z,Ternya para pejabat2 sendiri yang ternyata merugigikan negara ini,ternya para pejabat sendiri ternyata merugigikan negara
eEMz6w_ZGmg,@aremania4189,Stop jual minyak mentah dan beli pertalite.. bangun kilang minyak sendiri saja,0,2025-10-29T05:17:52Z,Stop jual minyak mentah dan beli pertalite bangun kilang minyak sendiri saja,stop jual minyak mentah beli pertalit bangun kilang minyak sendiri
eEMz6w_ZGmg,@kaji3457,Gue seneng acara ini karena narsumnya semua berkualitas.,0,2025-10-29T05:17:17Z,Gue seneng acara ini karena narsumnya semua berkualitas,gue seneng acara narsumnya semua berkualita
eEMz6w_ZGmg,@SityNurjanah-w7d,"Mulyono raja solo 
Yang mengorkestrasi para maling untuk memiskinkan rakyat Indonesia
Dia lagi bangun rumah 12.000 meter persegi",0,2025-10-29T05:14:27Z,Mulyono raja solo Yang mengorkestrasi para maling untuk memiskinkan rakyat Indonesia Dia lagi bangun rumah 12 000 meter persegi,mulyono raja solo mengorkestrasi para male memiskinkan rakyat indonesia bangun rumah meter persegi
eEMz6w_ZGmg,@alberttasidjawa5478,Buat Tim INDEPENTEN Telusuri utk Pembenahan spy di Betulin,0,2025-10-29T05:13:04Z,Buat Tim INDEPENTEN Telusuri utk Pembenahan spy di Betulin,buat tim indepenten telusuri pembenahan spi betulin
eEMz6w_ZGmg,@luqmanhakim-yv7dt,Insyaallah bisa.....,0,2025-10-29T05:11:35Z,Insyaallah bisa,insyaallah bisa
eEMz6w_ZGmg,@MarsianusSitanggang,Tambah 10  Orang lagi seperti Pak Purbaya Indonesia Makmur & Jaya.,2,2025-10-29T05:11:11Z,Tambah 10 Orang lagi seperti Pak Purbaya Indonesia Makmur Jaya,tambah orang seperti pak purbaya indonesia makmur jaya
eEMz6w_ZGmg,@aremania4189,Semoga saja Bisa krn sudah mendarah daging...,0,2025-10-29T05:10:57Z,Semoga saja Bisa krn sudah mendarah daging,semoga bisa krn mendarah dage
eEMz6w_ZGmg,@nakatanakamoto,beacukai sudah dari zaman orba,0,2025-10-29T05:10:02Z,beacukai sudah dari zaman orba,beacukai zaman orba
eEMz6w_ZGmg,@DheVaz76,"Berarti apa yg di katakan pak mahfud benar, soal over invoiceing atau pemalsuan invoice, baik d lebihkan maupun yg d kurangi atau under invoice",0,2025-10-29T05:08:33Z,Berarti apa yg di katakan pak mahfud benar soal over invoiceing atau pemalsuan invoice baik d lebihkan maupun yg d kurangi atau under invoice,berarti apa katakan pak mahfud benar soal over invoic pemalsuan invoic baik lebihkan maupun kurangi under invoic
eEMz6w_ZGmg,@senlombok,Semoga pak Purbaya Yudhi Sadewa selalu dlm lindungan Allah ❤♥️🤲🤲,5,2025-10-29T04:57:16Z,Semoga pak Purbaya Yudhi Sadewa selalu dlm lindungan Allah,semoga pak purbaya yudhi sadewa selalu dlm lindungan allah
eEMz6w_ZGmg,@Budakpaulus,TERNYATA KEHANCURANNYA MULAI 2014 SAMPAI 2023...BELUM SEKTOR YG LAINNYA .PARAH² MASA MULYONO INI..,0,2025-10-29T04:52:40Z,TERNYATA KEHANCURANNYA MULAI 2014 SAMPAI 2023 BELUM SEKTOR YG LAINNYA PARAH MASA MULYONO INI,ternyata kehancurannya mulai belum sektor lainnya parah masa mulyono
eEMz6w_ZGmg,@Budakpaulus,itu bea cukai lintas internasional...blm bea cukai nasonal...negara ini terlalu banyak bajingannya...dari penerimaan di korup bangkan lebih aman² saja di banding yg menjalankan pengeluaran yg banyk di tangkap korupnya,0,2025-10-29T04:50:52Z,itu bea cukai lintas internasional blm bea cukai nasonal negara ini terlalu banyak bajingannya dari penerimaan di korup bangkan lebih aman saja di banding yg menjalankan pengeluaran yg banyk di tangkap korupnya,bea cukai linta internasion blm bea cukai nason negara terlalu banyak bajingannya penerimaan korup bangkan lebih aman band menjalankan pengeluaran banyk tangkap korupnya
eEMz6w_ZGmg,@luqmanhakim-yv7dt,Jeruji besi,0,2025-10-29T04:50:30Z,Jeruji besi,jeruji besi
eEMz6w_ZGmg,@izamtuban2683,"Uang yang beredar ke masyarakat seluruh Indonesia:9000 T
Yang beredar ke sebagian mafia:10000 T
Betapa sakit nya negara ku😢",0,2025-10-29T04:48:15Z,Uang yang beredar ke masyarakat seluruh Indonesia 9000 T Yang beredar ke sebagian mafia 10000 T Betapa sakit nya negara ku,uang beredar masyarakat seluruh indonesia beredar sebagian mafia betapa sakit nya negara
eEMz6w_ZGmg,@AhmadPerdian-u9e,Tangkap pak semua yg terlibat,0,2025-10-29T04:44:36Z,Tangkap pak semua yg terlibat,tangkap pak semua terlibat
eEMz6w_ZGmg,@Budakpaulus,ITU SEMUA JUGA MELIBATKAN BAWAHAN MENKEU...BEA CUKAI  DAN PERPAJAKAN TERLIBAT SEMUA ITU,0,2025-10-29T04:43:34Z,ITU SEMUA JUGA MELIBATKAN BAWAHAN MENKEU BEA CUKAI DAN PERPAJAKAN TERLIBAT SEMUA ITU,semua melibatkan bawahan menkeu bea cukai perpajakan terlibat semua
eEMz6w_ZGmg,@AlifahAlifah-lu7sd,Bongkar terus semua yang terlibat,0,2025-10-29T04:38:17Z,Bongkar terus semua yang terlibat,bongkar teru semua terlibat
eEMz6w_ZGmg,@Itsmeputriesh,SMI kmaren ngapain aja? Mingkem 10thn 😂,0,2025-10-29T04:19:54Z,SMI kmaren ngapain aja Mingkem 10thn,smi kmaren ngapain aja mingkem thn
eEMz6w_ZGmg,@SuprinTurim,Cukup prabowo saja. Gak usah di sebut. prabowo Gibran,0,2025-10-29T04:11:11Z,Cukup prabowo saja Gak usah di sebut prabowo Gibran,cukup prabowo gak usah sebut prabowo gibran
eEMz6w_ZGmg,@akmalzainuddin9925,"Lunas utang kalau emang ndak Omon Omon... Buktikan Pak Prabowo, Pak Purbaya...",0,2025-10-29T04:06:01Z,Lunas utang kalau emang ndak Omon Omon Buktikan Pak Prabowo Pak Purbaya,luna utang kalau emang ndak omon omon buktikan pak prabowo pak purbaya
eEMz6w_ZGmg,@Azzamkitl,"Gilaaa,,klo itu duit bs dibalikin ke negara,makmur sudah indonesia❤",0,2025-10-29T04:05:33Z,Gilaaa klo itu duit bs dibalikin ke negara makmur sudah indonesia,gilaaa klo duit dibalikin negara makmur indonesia
eEMz6w_ZGmg,@susahbener9698,"Bener banget pak noorsy
Data realtime harga di desentralisasi kalo perlu dicatat transaksi secara onchain seperti crypto
Maka semua akan jadi transparan.",0,2025-10-29T04:04:12Z,Bener banget pak noorsy Data realtime harga di desentralisasi kalo perlu dicatat transaksi secara onchain seperti crypto Maka semua akan jadi transparan,bener banget pak noorsi data realtim harga desentralisasi kalo perlu dicatat transaksi secara onchain seperti crypto maka semua jadi transparan
eEMz6w_ZGmg,@aaannisaasdnbhd,"Jangan salah ya.. para koruptor mulai kecium baunya sejak pemerintahannya pak jokowi.. makanya pak jokowi mendukung pak prabowo sbg president krn beliaulah yg sesuai utk menangkap para perampok negara.. krn pak prabowo backingannya adalah TNI.. 
pak jokowi udah berkali-kali ngasih sinyal kpd para koruptor… “hati2 ya…” 
Para koruptor ini udah lama berakar dr jamannya pak sby atau mungkin sebelum itu…
Mari bersama-sama kita doakan utk lemabaga pemerintah kita supaya dpt mengubah negara ini mjd negara yg bebas dr para mafia koruptor.. dan menjadikan negara ini mjd negara yg bangkit dan negara yg maju jaya… Aamiin",0,2025-10-29T04:03:56Z,Jangan salah ya para koruptor mulai kecium baunya sejak pemerintahannya pak jokowi makanya pak jokowi mendukung pak prabowo sbg president krn beliaulah yg sesuai utk menangkap para perampok negara krn pak prabowo backingannya adalah TNI pak jokowi udah berkali kali ngasih sinyal kpd para koruptor hati2 ya Para koruptor ini udah lama berakar dr jamannya pak sby atau mungkin sebelum itu Mari bersama sama kita doakan utk lemabaga pemerintah kita supaya dpt mengubah negara ini mjd negara yg bebas dr para mafia koruptor dan menjadikan negara ini mjd negara yg bangkit dan negara yg maju jaya Aamiin,jangan salah para koruptor mulai kecium baunya pemerintahannya pak jokowi makanya pak jokowi mendukung pak prabowo sbg presid krn beliaulah sesuai menangkap para perampok negara krn pak prabowo backingannya tni pak jokowi udah berkali kali ngasih sinyal kpd para koruptor hati para koruptor udah lama berakar jamannya pak sbi mungkin mari bersama sama doakan lemabaga pemerintah dpt mengubah negara mjd negara beba para mafia koruptor menjadikan negara mjd negara bangkit negara maju jaya aamiin
eEMz6w_ZGmg,@aadus5726,Indonesia negri kaya cuma abis sama orang orang serakah.,0,2025-10-29T04:01:48Z,Indonesia negri kaya cuma abis sama orang orang serakah,indonesia negri kaya cuma abi sama orang orang serakah
eEMz6w_ZGmg,@heruraharjo-r3c,Pak Prabowo sdh ok tinggal diikuti Panglima Kapolri Kehakiman dan kejaksaan dan yg Pasti Rakyat dukung . Mantap,0,2025-10-29T03:59:32Z,Pak Prabowo sdh ok tinggal diikuti Panglima Kapolri Kehakiman dan kejaksaan dan yg Pasti Rakyat dukung Mantap,pak prabowo tinggal diikuti panglima kapolri kehakiman kejaksaan pasti rakyat dukung mantap
eEMz6w_ZGmg,@tomi-b4u1d,"Di mana menteri perdagangan ,,perpajajan,beacukai",0,2025-10-29T03:55:52Z,Di mana menteri perdagangan perpajajan beacukai,menteri perdagangan perpajajan beacukai
eEMz6w_ZGmg,@dityacool,10.000 T buat bayar hutang Negara 9.900 T masi dapat kembalian itu :D,0,2025-10-29T03:52:18Z,10 000 T buat bayar hutang Negara 9 900 T masi dapat kembalian itu D,buat bayar hutang negara masi dapat kembalian
eEMz6w_ZGmg,@ahmadSaufi-f7i,Mafia itu orang2 pinter tapi jahanam.,0,2025-10-29T03:44:28Z,Mafia itu orang2 pinter tapi jahanam,mafia orang pinter jahanam
eEMz6w_ZGmg,@paksaudi6782,Optimis hutang negara NKRI bisa lunas oleh presiden RI BPK Prabowo Subianto dan menkeu bpk Purbaya hebat utk rakyat.,0,2025-10-29T03:39:50Z,Optimis hutang negara NKRI bisa lunas oleh presiden RI BPK Prabowo Subianto dan menkeu bpk Purbaya hebat utk rakyat,optimi hutang negara nkri bisa luna presiden bpk prabowo subianto menkeu bpk purbaya hebat rakyat
eEMz6w_ZGmg,@pendekarbayangan8816,KPK kemana ?? Kok mentri keuangan yang harus bongkar aksi koruptor ??!,0,2025-10-29T03:39:31Z,KPK kemana Kok mentri keuangan yang harus bongkar aksi koruptor,kpk kemana kok mentri keuangan haru bongkar aksi koruptor
eEMz6w_ZGmg,@ZainalAbidin-p4b8e,"Bapak prabowo seharusnya mengadakan  rapat internal dan memanggil para menteri, perdagangan, mentri perindustrian, dan mentri keuangan dan KPK. ini harus di selesaikan agar negri ini menjadi negri bersih dari MAFIA.",0,2025-10-29T03:35:53Z,Bapak prabowo seharusnya mengadakan rapat internal dan memanggil para menteri perdagangan mentri perindustrian dan mentri keuangan dan KPK ini harus di selesaikan agar negri ini menjadi negri bersih dari MAFIA,bapak prabowo seharusnya mengadakan rapat intern memanggil para menteri perdagangan mentri perindustrian mentri keuangan kpk haru selesaikan negri menjadi negri bersih mafia
eEMz6w_ZGmg,@IrfanArfani-d5u,"Jelas melibatkan orang dalam di dirjen bea cukai, hampir semua terlibat",0,2025-10-29T03:32:36Z,Jelas melibatkan orang dalam di dirjen bea cukai hampir semua terlibat,jela melibatkan orang dirjen bea cukai hampir semua terlibat
eEMz6w_ZGmg,@musriadi2729,Apabila ini terungkap maka Indonesia bisa membayar hutang luar negeri secara cash dari pengungkapan korupsi ini saya berharap mudah mudahan terjadi penangkapan besar-besaran dari mafia mafia ini yang sangat merugikan masyarakat Indonesia,0,2025-10-29T03:23:20Z,Apabila ini terungkap maka Indonesia bisa membayar hutang luar negeri secara cash dari pengungkapan korupsi ini saya berharap mudah mudahan terjadi penangkapan besar besaran dari mafia mafia ini yang sangat merugikan masyarakat Indonesia,terungkap maka indonesia bisa membayar hutang luar negeri secara cash pengungkapan korupsi berharap mudah mudahan terjadi penangkapan besar besaran mafia mafia sangat merugikan masyarakat indonesia
eEMz6w_ZGmg,@YonSahroni1965,Pemerintahan yg lalu terlalu cuek dgn Korupsi bukan tidak Terditeksi,0,2025-10-29T03:14:52Z,Pemerintahan yg lalu terlalu cuek dgn Korupsi bukan tidak Terditeksi,pemerintahan lalu terlalu cuek korupsi bukan tidak terditeksi
eEMz6w_ZGmg,@Abdulrohman402-n1e,"Tenaaang... dikantong saya ada 11.000.T
😂❤❤😂",0,2025-10-29T03:12:51Z,Tenaaang dikantong saya ada 11 000 T,tenaaang dikantong
eEMz6w_ZGmg,@supriatikno6244,Jadi selama ini aparat bea cukai dan kepolisian serta perdagangan apa aja kerjanya kok ekspor/import illegal diloloskan payah sdh akhlak nya,0,2025-10-29T03:11:20Z,Jadi selama ini aparat bea cukai dan kepolisian serta perdagangan apa aja kerjanya kok ekspor import illegal diloloskan payah sdh akhlak nya,jadi aparat bea cukai kepolisian serta perdagangan apa aja kerjanya kok ekspor import illeg diloloskan payah akhlak nya
eEMz6w_ZGmg,@MarbunBanjarnahor-v2l,"Indonesia aneh 
Pengawasan BPK pintar yg ribut apa BPK yg bodoh karna tak sekolah 
Karna sanggup bilang fotocopy Identik, contoh ijasah Jokowi kata bareskriem Wak.",0,2025-10-29T03:11:17Z,Indonesia aneh Pengawasan BPK pintar yg ribut apa BPK yg bodoh karna tak sekolah Karna sanggup bilang fotocopy Identik contoh ijasah Jokowi kata bareskriem Wak,indonesia aneh pengawasan bpk pintar ribut apa bpk bodoh karna tak sekolah karna sanggup bilang fotocopi identik contoh ijasah jokowi kata bareskriem wak
eEMz6w_ZGmg,@MarbunBanjarnahor-v2l,"Takap pak Tampa 
Proses pak masukan  kelumbung buaya pak jikalau iya ada hukum , baru ada efek jeranya pak buat apa fikir berlebihan malah makin byk yg korupsi  karna jaman Mulyono luar biasa masuk dari depan keluar belakang karna pengawasan tidur 
Modus Wak 
Contoh 
Gayus Tambunan ....?",0,2025-10-29T03:08:26Z,Takap pak Tampa Proses pak masukan kelumbung buaya pak jikalau iya ada hukum baru ada efek jeranya pak buat apa fikir berlebihan malah makin byk yg korupsi karna jaman Mulyono luar biasa masuk dari depan keluar belakang karna pengawasan tidur Modus Wak Contoh Gayus Tambunan,takap pak tampa prose pak masukan kelumbung buaya pak iya hukum baru efek jeranya pak buat apa fikir berlebihan malah makin byk korupsi karna jaman mulyono luar biasa masuk depan keluar belakang karna pengawasan tidur modu wak contoh gayu tambunan
eEMz6w_ZGmg,@welcomeNevadaMusk,Cuma dari FAKTUR IMPOR UTANG INDONESIA BISA LUNASSSSSSSS.....bayangkan jika semua industri besar jujur brapa JUTA TRILIUN UANG YG negara ini punya katanya negara kaya...nyatanya hanya buat makan masih banyak yg susah,0,2025-10-29T03:07:14Z,Cuma dari FAKTUR IMPOR UTANG INDONESIA BISA LUNASSSSSSSS bayangkan jika semua industri besar jujur brapa JUTA TRILIUN UANG YG negara ini punya katanya negara kaya nyatanya hanya buat makan masih banyak yg susah,cuma faktur impor utang indonesia bisa lunassssssss bayangkan semua industri besar jujur brapa juta triliun uang negara punya katanya negara kaya nyatanya hanya buat makan masih banyak susah
eEMz6w_ZGmg,@arifsulartosularto,"Bangsa ini kl dikelola dgn baik , penegakan hukum tegas di semua sisi...ngga perlu utang, rakyatnya sekolah gratis sampe kuliah, kesehatan gratis...saya YAKIN SEYAKIN YAKINNYA.",0,2025-10-29T03:06:32Z,Bangsa ini kl dikelola dgn baik penegakan hukum tegas di semua sisi ngga perlu utang rakyatnya sekolah gratis sampe kuliah kesehatan gratis saya YAKIN SEYAKIN YAKINNYA,bangsa dikelola baik penegakan hukum tega semua sisi ngga perlu utang rakyatnya sekolah grati samp kuliah kesehatan grati yakin seyakin yakinnya
eEMz6w_ZGmg,@AsmiranMs,"Semoga pak Purbaya terap komet, jgn cuma omon omon seperti Perabowo",0,2025-10-29T03:06:06Z,Semoga pak Purbaya terap komet jgn cuma omon omon seperti Perabowo,semoga pak purbaya terap komet jgn cuma omon omon seperti perabowo
eEMz6w_ZGmg,@rendisetiawan2631,typo ih thumbnailnya,0,2025-10-29T03:04:54Z,typo ih thumbnailnya,typo thumbnailnya
eEMz6w_ZGmg,@miaucat-81,10.000 triliun ????    Innalilahi..,0,2025-10-29T03:03:54Z,10 000 triliun Innalilahi,triliun innalilahi
eEMz6w_ZGmg,@MarbunBanjarnahor-v2l,"Yg di gaji pemerintah yg namanya  ( PENGAWASAN )
Pada pigi kemana ..pak...? 
Capek cuma terima gaji jikalau tidur pak....? 
Apa ini yg terbaik apa ngak ada yg lebih baik lagi ....
Lidah tak bertulang ujung nya yg salah itu anak yg baru lahir .",0,2025-10-29T03:03:37Z,Yg di gaji pemerintah yg namanya PENGAWASAN Pada pigi kemana pak Capek cuma terima gaji jikalau tidur pak Apa ini yg terbaik apa ngak ada yg lebih baik lagi Lidah tak bertulang ujung nya yg salah itu anak yg baru lahir,gaji pemerintah namanya pengawasan pigi kemana pak capek cuma terima gaji tidur pak apa terbaik apa ngak lebih baik lidah tak bertulang ujung nya salah anak baru lahir
eEMz6w_ZGmg,@arifsulartosularto,"arti dari ""di saku saya ada 11.000T ternyata duit mafia...Tuhan Maha Pemberi Tahu.",0,2025-10-29T03:02:43Z,arti dari di saku saya ada 11 000T ternyata duit mafia Tuhan Maha Pemberi Tahu,arti saku ternyata duit mafia tuhan maha pemberi tahu
eEMz6w_ZGmg,@EfraProditus,"Selama ini kerja apa Suryani semasa jabat Menkeu? Makan gaji buta, tak pernah sidak lapangan. Mantap PK. Purbaya, lanjutkan tugas mulia, jangan SPT pejabat2 sblmnya, makan gaji buta",0,2025-10-29T02:59:57Z,Selama ini kerja apa Suryani semasa jabat Menkeu Makan gaji buta tak pernah sidak lapangan Mantap PK Purbaya lanjutkan tugas mulia jangan SPT pejabat2 sblmnya makan gaji buta,kerja apa suryani semasa jabat menkeu makan gaji buta tak pernah sidak lapangan mantap purbaya lanjutkan tuga mulia jangan spt pejabat sblmnya makan gaji buta
eEMz6w_ZGmg,@arifsulartosularto,inilah hasil kebobrokan 10thn kemarin,0,2025-10-29T02:59:32Z,inilah hasil kebobrokan 10thn kemarin,inilah hasil kebobrokan thn kemarin
eEMz6w_ZGmg,@rayenroyin5492,"Mudah-mudahan SRI MULYANI DAN JOKOWI nonton ini, biar tahu kalian hasil kerja kalian selama 10 tahun ini",0,2025-10-29T02:55:17Z,Mudah mudahan SRI MULYANI DAN JOKOWI nonton ini biar tahu kalian hasil kerja kalian selama 10 tahun ini,mudah mudahan sri mulyani jokowi nonton biar tahu kalian hasil kerja kalian tahun
eEMz6w_ZGmg,@imronsyafeichenel264,Prabowo juga tanpa purbaya pincang. Mentri yg bnar2 berani itu cuma purbaya. Pertama dalam Sejarah indonesia se org mentri membela rakyat habis habisan membrantas korupsi,0,2025-10-29T02:53:28Z,Prabowo juga tanpa purbaya pincang Mentri yg bnar2 berani itu cuma purbaya Pertama dalam Sejarah indonesia se org mentri membela rakyat habis habisan membrantas korupsi,prabowo tanpa purbaya pincang mentri bnar berani cuma purbaya pertama sejarah indonesia org mentri membela rakyat habi habisan membranta korupsi
eEMz6w_ZGmg,@radiono7180,"Jangan panik,Uang hampir 11.000 T tidak hilang,...ada di saku baju ku.....",0,2025-10-29T02:46:44Z,Jangan panik Uang hampir 11 000 T tidak hilang ada di saku baju ku,jangan panik uang hampir tidak hilang saku baju
eEMz6w_ZGmg,@italyshopmarosthrift9845,MADIA BEA CUKAI TUH YANG MAU DI BERANTAS BUKAN IMPORTIRNY MEREKA KAN BAYAR PAJAK ORANG BEA CULAINY YANG BERMAIN,0,2025-10-29T02:43:42Z,MADIA BEA CUKAI TUH YANG MAU DI BERANTAS BUKAN IMPORTIRNY MEREKA KAN BAYAR PAJAK ORANG BEA CULAINY YANG BERMAIN,madia bea cukai tuh mau beranta bukan importirni kan bayar pajak orang bea culaini bermain
eEMz6w_ZGmg,@AbdulQorib-d3e,"Menkeu ini 👍🏼👍🏼👍🏼kalau mau ngomong ya ngomong aja.ceplas ceplos tanpa beban,karna beliau punya data yg falit.💪🏼💪🏼💪🏼🙏🏼🙏🏼🙏🏼",0,2025-10-29T02:42:36Z,Menkeu ini kalau mau ngomong ya ngomong aja ceplas ceplos tanpa beban karna beliau punya data yg falit,menkeu kalau mau ngomong ngomong aja cepla ceplo tanpa beban karna beliau punya data falit
eEMz6w_ZGmg,@JosuaPiere,"Tolong KPK dan kejaksaan mengusut semua pemain yg mengakibatkan kerugian negara yg sangat besar ini, dgn tanpa pandang bulu. Sudah cukup para mafia negri ini membuat rakyat NKRI sengsara.",0,2025-10-29T02:40:04Z,Tolong KPK dan kejaksaan mengusut semua pemain yg mengakibatkan kerugian negara yg sangat besar ini dgn tanpa pandang bulu Sudah cukup para mafia negri ini membuat rakyat NKRI sengsara,tolong kpk kejaksaan mengusut semua pemain mengakibatkan kerugian negara sangat besar tanpa pandang bulu cukup para mafia negri membuat rakyat nkri sengsara
eEMz6w_ZGmg,@SABUANA-iq2zx,Skalian sidak dong WNA ilegal  yg berkeliaran di kampung2,0,2025-10-29T02:33:14Z,Skalian sidak dong WNA ilegal yg berkeliaran di kampung2,skalian sidak dong wna ileg berkeliaran kampung
eEMz6w_ZGmg,@RimisnarBa,"Ya Allah Lindungilah Pak Purbaya, Pak Amran , Pak Prabowo , Pak ST Burhanuddin yg sedang Kerja Keras Untuk melawan Ketidakadilan Adilan dan Meningkatkan Kesejahteraan Rakyat Indonesia, Aamiin Yaa Robbal Aalamiin 🤲🤲🤲",1,2025-10-29T02:30:37Z,Ya Allah Lindungilah Pak Purbaya Pak Amran Pak Prabowo Pak ST Burhanuddin yg sedang Kerja Keras Untuk melawan Ketidakadilan Adilan dan Meningkatkan Kesejahteraan Rakyat Indonesia Aamiin Yaa Robbal Aalamiin,allah lindungilah pak purbaya pak amran pak prabowo pak burhanuddin sedang kerja kera melawan ketidakadilan adilan meningkatkan kesejahteraan rakyat indonesia aamiin yaa robbal aalamiin
eEMz6w_ZGmg,@achmadardiansyah1721,"Ini menjadi pertanyaan besar kinerja Sri Mulyani. Mengapa selama ini beliau  melakukan pembiaran? Jika uang sebesar itu masuk ke kas negara, Sri Mulyani tidak perlu menaikkan pajak dan membebankan masyarakat...",0,2025-10-29T02:29:17Z,Ini menjadi pertanyaan besar kinerja Sri Mulyani Mengapa selama ini beliau melakukan pembiaran Jika uang sebesar itu masuk ke kas negara Sri Mulyani tidak perlu menaikkan pajak dan membebankan masyarakat,menjadi pertanyaan besar kinerja sri mulyani mengapa beliau melakukan pembiaran uang sebesar masuk ka negara sri mulyani tidak perlu menaikkan pajak membebankan masyarakat
eEMz6w_ZGmg,@suduq63,"birokrat bea cukai, birokrat pajak dari dulu kerjanya begitu",0,2025-10-29T02:29:05Z,birokrat bea cukai birokrat pajak dari dulu kerjanya begitu,birokrat bea cukai birokrat pajak dulu kerjanya begitu
eEMz6w_ZGmg,@TitiMaelah,Good job.very good action pak Purbaya,0,2025-10-29T02:27:27Z,Good job very good action pak Purbaya,good job veri good action pak purbaya
eEMz6w_ZGmg,@imaszulaiha7061,"Di beking rakyat indonesia....hayo kita ptotect menkeu n presiden kita dari garong2 di negeri kita baik yg berdasi maupun barbar.  Dah saatnya kitz bersih2 dr para tikus berbaju bunglon n kita harus satu suara n satu gerak karena orang2 jahat gini jika terusik tidak akan segan mengacak2 kondusifitas negeri kita atau dibikin ricuh,ingat kira tdk boleh terprovokasi saat mafia ini bekerja utk kekacauan karena pst dibekingi negara2 yg dirugikan.",0,2025-10-29T02:27:03Z,Di beking rakyat indonesia hayo kita ptotect menkeu n presiden kita dari garong2 di negeri kita baik yg berdasi maupun barbar Dah saatnya kitz bersih2 dr para tikus berbaju bunglon n kita harus satu suara n satu gerak karena orang2 jahat gini jika terusik tidak akan segan mengacak2 kondusifitas negeri kita atau dibikin ricuh ingat kira tdk boleh terprovokasi saat mafia ini bekerja utk kekacauan karena pst dibekingi negara2 yg dirugikan,beke rakyat indonesia hayo ptotect menkeu presiden garong negeri baik berdasi maupun barbar dah saatnya kitz bersih para tiku berbaju bunglon haru satu suara satu gerak orang jahat gini terusik tidak segan mengacak kondusifita negeri dibikin ricuh ingat kira boleh terprovokasi saat mafia bekerja kekacauan pst dibekingi negara dirugikan
eEMz6w_ZGmg,@Abdulrohman402-n1e,Waspada pak Presiden...ganti juga kalapas2 yg korup dan jahat,0,2025-10-29T02:26:06Z,Waspada pak Presiden ganti juga kalapas2 yg korup dan jahat,waspada pak presiden ganti kalapa korup jahat
eEMz6w_ZGmg,@eviaya5994,"Sehat  sehat PK Prabowo PK Purbaya  ketulusan mu akan di lindungi allaah SWT amiin 🤲🤲🤲🤲hancur kn para pejabat tikuus ,, br dasi",0,2025-10-29T02:25:04Z,Sehat sehat PK Prabowo PK Purbaya ketulusan mu akan di lindungi allaah SWT amiin hancur kn para pejabat tikuus br dasi,sehat sehat prabowo purbaya ketulusan lindungi allaah swt amiin hancur para pejabat tikuu dasi
eEMz6w_ZGmg,@bambangmroeslan5003,Petakan sj siapa2 orangnya...jika skrg tdk bs diselesaikan krn pak Pur di Cut.....smg rakyat semesta yg akan meneruskanya,0,2025-10-29T02:20:22Z,Petakan sj siapa2 orangnya jika skrg tdk bs diselesaikan krn pak Pur di Cut smg rakyat semesta yg akan meneruskanya,petakan siapa orangnya skrg diselesaikan krn pak pur cut smg rakyat semesta meneruskanya
eEMz6w_ZGmg,@NingSih-b1w4e,"Gak takut dosa blas,opo arep urep terus to para mafia ini,ya ampuun....",0,2025-10-29T02:19:45Z,Gak takut dosa blas opo arep urep terus to para mafia ini ya ampuun,gak takut dosa bla opo arep urep teru para mafia ampuun
eEMz6w_ZGmg,@andalusia477,Ngeri sekali ternyata negeri ini...rakyat harus segera bangkit bantu pak Prabowo..,3,2025-10-29T02:18:13Z,Ngeri sekali ternyata negeri ini rakyat harus segera bangkit bantu pak Prabowo,ngeri sekali ternyata negeri rakyat haru segera bangkit bantu pak prabowo
eEMz6w_ZGmg,@sarifahyunita1252,apa ini yg maksudnya 11 ribu di kantong?,0,2025-10-29T02:17:29Z,apa ini yg maksudnya 11 ribu di kantong,apa maksudnya ribu kantong
eEMz6w_ZGmg,@NingSih-b1w4e,"Wong kok ora duwe dosa blas....opo besok klo meninggal g mempertanggung jawabkan kpd Tuhan,ya ampuun....kasihan keturunannya akn mikul dosanya juga....ya Allah.... bukalah hati pikiran orang"" yg salah jln itu utk bertobat,mmbuat rakyat kecil sengsara",0,2025-10-29T02:17:06Z,Wong kok ora duwe dosa blas opo besok klo meninggal g mempertanggung jawabkan kpd Tuhan ya ampuun kasihan keturunannya akn mikul dosanya juga ya Allah bukalah hati pikiran orang yg salah jln itu utk bertobat mmbuat rakyat kecil sengsara,wong kok ora duw dosa bla opo besok klo meningg mempertanggung jawabkan kpd tuhan ampuun kasihan keturunannya akn mikul dosanya allah bukalah hati pikiran orang salah jln bertobat mmbuat rakyat kecil sengsara
eEMz6w_ZGmg,@hisarsitompul3194,"Biang kerok kerusakan ini adalah Presiden yg lalu. Dimulai dari meritokrasi penempatan pejabat berdasarkan suka suka yg penting amankan ""Saya"".... mulai dr ASN TNI POLRI dan bahkan APH ....kembalikan semua prosedur meritokrasi ke asalnya SEGERA",0,2025-10-29T02:15:16Z,Biang kerok kerusakan ini adalah Presiden yg lalu Dimulai dari meritokrasi penempatan pejabat berdasarkan suka suka yg penting amankan Saya mulai dr ASN TNI POLRI dan bahkan APH kembalikan semua prosedur meritokrasi ke asalnya SEGERA,biang kerok kerusakan presiden lalu dimulai meritokrasi penempatan pejabat berdasarkan suka suka pent amankan mulai asn tni polri bahkan aph kembalikan semua prosedur meritokrasi asalnya segera
eEMz6w_ZGmg,@ElifazDarmawanRum,"...tidak hanya tekstil, otomotif,,,, alat berat merk-merk Jepang, China Korea  berlindung diisitu....",0,2025-10-29T02:12:40Z,tidak hanya tekstil otomotif alat berat merk merk Jepang China Korea berlindung diisitu,tidak hanya tekstil otomotif alat berat merk merk jepang china korea berlindung diisitu
eEMz6w_ZGmg,@azmanaz1007,Mantap pak lanjutkn,0,2025-10-29T02:12:33Z,Mantap pak lanjutkn,mantap pak lanjutkn
eEMz6w_ZGmg,@sulastrisulastri9945,"Astaghfirullah..benar2 sakit parah negara kita ini,oleh kelakuan para pejabat yg khianat/korup.butuh pejabat yg punya nurani bersih utk membenahi nasip rakyat yg terhimpit.transparansi  telah membuka bgmna kinerja wakil2 kita disinggasana..rakyat bisa menilai",0,2025-10-29T02:06:10Z,Astaghfirullah benar2 sakit parah negara kita ini oleh kelakuan para pejabat yg khianat korup butuh pejabat yg punya nurani bersih utk membenahi nasip rakyat yg terhimpit transparansi telah membuka bgmna kinerja wakil2 kita disinggasana rakyat bisa menilai,astaghfirullah benar sakit parah negara kelakuan para pejabat khianat korup butuh pejabat punya nurani bersih membenahi nasip rakyat terhimpit transparansi membuka bgmna kinerja wakil disinggasana rakyat bisa menilai
eEMz6w_ZGmg,@brijonesstibies4915,Sikat semua para mafia dan koruptor baik diDPR maupun di kementrian. Kamu rakyat dukung Pak Prabowo dan menteri keuangan Prabowo.,1,2025-10-29T01:56:27Z,Sikat semua para mafia dan koruptor baik diDPR maupun di kementrian Kamu rakyat dukung Pak Prabowo dan menteri keuangan Prabowo,sikat semua para mafia koruptor baik didpr maupun kementrian rakyat dukung pak prabowo menteri keuangan prabowo
eEMz6w_ZGmg,@PasyaPasya-e4y,"Ayo dukung pak prabowo dan pak purbaya unt membasmi mafia didalam pemerintah dan dpr. Semuanya berasal dari partai yg bobrok, seperti pdip",0,2025-10-29T01:56:13Z,Ayo dukung pak prabowo dan pak purbaya unt membasmi mafia didalam pemerintah dan dpr Semuanya berasal dari partai yg bobrok seperti pdip,ayo dukung pak prabowo pak purbaya unt membasmi mafia didalam pemerintah dpr semuanya beras partai bobrok seperti pdip
eEMz6w_ZGmg,@RaiskaQonitatuislami,Wih keren menkeu pys versus 10 ribu triliun milik maria top gebrakan nya,0,2025-10-29T01:55:59Z,Wih keren menkeu pys versus 10 ribu triliun milik maria top gebrakan nya,wih keren menkeu py versu ribu triliun milik maria top gebrakan nya
eEMz6w_ZGmg,@MuhammadFaris-we9bk,Allah mulai menurunkan mahluknya untuk memperbaiki kerusakan di muka bumi lewat pa pur... dan pa de wo... mudah2an mereka selalu dilindungi.. dan khusnul khatimah.. aamiin,0,2025-10-29T01:55:51Z,Allah mulai menurunkan mahluknya untuk memperbaiki kerusakan di muka bumi lewat pa pur dan pa de wo mudah2an mereka selalu dilindungi dan khusnul khatimah aamiin,allah mulai menurunkan mahluknya memperbaiki kerusakan muka bumi lewat pur mudahan selalu dilindungi khusnul khatimah aamiin
eEMz6w_ZGmg,@Solihin-i2k8x,Tugas kpk apa.kok sekarang tidak dengar taringnya.mending dibubarkan saja.,0,2025-10-29T01:53:55Z,Tugas kpk apa kok sekarang tidak dengar taringnya mending dibubarkan saja,tuga kpk apa kok sekarang tidak dengar taringnya mend dibubarkan
eEMz6w_ZGmg,@PasyaPasya-e4y,"Munculkqn efek jera, maka pasti berubah. Terutama pada  pengusaha mafia besar, jangan pada rakyat kecil. Rakyat kecil hanya korban mafia ini.",0,2025-10-29T01:51:25Z,Munculkqn efek jera maka pasti berubah Terutama pada pengusaha mafia besar jangan pada rakyat kecil Rakyat kecil hanya korban mafia ini,munculkqn efek jera maka pasti berubah terutama pengusaha mafia besar jangan rakyat kecil rakyat kecil hanya korban mafia
eEMz6w_ZGmg,@awchannel7524,"Orang yang ingin memperbaiki sistem keuangan Indonesia, justru para Pejabat seperti Luhut, politisi dan DPR malah menjadi gerah.",0,2025-10-29T01:47:53Z,Orang yang ingin memperbaiki sistem keuangan Indonesia justru para Pejabat seperti Luhut politisi dan DPR malah menjadi gerah,orang ingin memperbaiki sistem keuangan indonesia justru para pejabat seperti luhut politisi dpr malah menjadi gerah
eEMz6w_ZGmg,@MancingdanMendaki,"Begini PaK Purbaya kasus trip dan rok*ok itu mirip2 banyak menciptakan lapangan pekerjaan, bahkan trip jauh lebih banyak UMKM yg terlibat, jika dulu departeman lain menaikkan cukai lalu Anda sentil bisa gak menciptakan lapangan kerja baru jika pabrik r*kok tutup? maka hati2 Pak jangan sampai menelan ludah sendiri di per-trip-an, jangan sampai sekelas pedagang eceran yg kena yg  akan meciptakan pengangguran baru.",1,2025-10-29T01:41:52Z,Begini PaK Purbaya kasus trip dan rok ok itu mirip2 banyak menciptakan lapangan pekerjaan bahkan trip jauh lebih banyak UMKM yg terlibat jika dulu departeman lain menaikkan cukai lalu Anda sentil bisa gak menciptakan lapangan kerja baru jika pabrik r kok tutup maka hati2 Pak jangan sampai menelan ludah sendiri di per trip an jangan sampai sekelas pedagang eceran yg kena yg akan meciptakan pengangguran baru,begini pak purbaya kasu trip rok mirip banyak menciptakan lapangan pekerjaan bahkan trip jauh lebih banyak umkm terlibat dulu departeman lain menaikkan cukai lalu anda sentil bisa gak menciptakan lapangan kerja baru pabrik kok tutup maka hati pak jangan menelan ludah sendiri per trip jangan sekela pedagang eceran kena meciptakan pengangguran baru
eEMz6w_ZGmg,@awchannel7524,"Purbaya ilmunya bermanfaat bagi kemaslahatan rakyat Indonesia, sedangkan Termul ilmunya bermanfaat untuk melindungi kebohongan Jokowi dan geng SPO.",0,2025-10-29T01:40:34Z,Purbaya ilmunya bermanfaat bagi kemaslahatan rakyat Indonesia sedangkan Termul ilmunya bermanfaat untuk melindungi kebohongan Jokowi dan geng SPO,purbaya ilmunya bermanfaat bagi kemaslahatan rakyat indonesia sedangkan termul ilmunya bermanfaat melindungi kebohongan jokowi geng spo
eEMz6w_ZGmg,@ElifazDarmawanRum,sbesar itu harusnya buat Independent Team dalam Penangkapan Mafia.... (maaf jgn tunjuk Polisi.lagi)..harus gabungan dari Berbagai Angkatan..,0,2025-10-29T01:40:28Z,sbesar itu harusnya buat Independent Team dalam Penangkapan Mafia maaf jgn tunjuk Polisi lagi harus gabungan dari Berbagai Angkatan,sbesar harusnya buat independ team penangkapan mafia maaf jgn tunjuk polisi haru gabungan berbagai angkatan
eEMz6w_ZGmg,@awchannel7524,Mari rakyat Indonesia kita dukung pak Prabowo dan Purbaya berantas mafia di Indonesia yg merugikan ribuan triliun.,2,2025-10-29T01:35:34Z,Mari rakyat Indonesia kita dukung pak Prabowo dan Purbaya berantas mafia di Indonesia yg merugikan ribuan triliun,mari rakyat indonesia dukung pak prabowo purbaya beranta mafia indonesia merugikan ribuan triliun
eEMz6w_ZGmg,@awchannel7524,"Zaman Jokowi banyak ulama yg diborgol dan ditangkap dizaman Prabowo para Koruptor Pertamina, CPO, Importir, Tambang illegal banyak ditangkap.",0,2025-10-29T01:30:24Z,Zaman Jokowi banyak ulama yg diborgol dan ditangkap dizaman Prabowo para Koruptor Pertamina CPO Importir Tambang illegal banyak ditangkap,zaman jokowi banyak ulama diborgol ditangkap dizaman prabowo para koruptor pertamina cpo importir tambang illeg banyak ditangkap
eEMz6w_ZGmg,@israkha1,"bisa dong di lenyapkan , jika Birokrat dan aparat korupt nya di lenyapkan dulu",0,2025-10-29T01:29:54Z,bisa dong di lenyapkan jika Birokrat dan aparat korupt nya di lenyapkan dulu,bisa dong lenyapkan birokrat aparat korupt nya lenyapkan dulu
eEMz6w_ZGmg,@Fahriramadan-dc5uf,Siapkan dana untuk buat pembangunan penjara di tengah laut khusus untuk para koruptor di tempat yg banyak hiunya dan buaya juga piranha,0,2025-10-29T01:29:23Z,Siapkan dana untuk buat pembangunan penjara di tengah laut khusus untuk para koruptor di tempat yg banyak hiunya dan buaya juga piranha,siapkan dana buat pembangunan penjara tengah laut khusu para koruptor tempat banyak hiunya buaya piranha
eEMz6w_ZGmg,@bunyonyaas6451,"Prabowo harusnya mengangakat p mahfud.untuk kementrian di bidang hukum,sudirman said di pertamina ,said didu di bumn,dan banyak lagi orang orang pinter dan jujur untuk bekerja sama dan saling mendukung langkah p purbaya agar negri ini benar benar bersih dari praktek kolusi,korupsi ,nepotisme,dan lebih penting ngejar tikus tikus berdasi dan tikus liar yg besar besar yg selalu mencuri dan menggerogoti negri ini",0,2025-10-29T01:23:44Z,Prabowo harusnya mengangakat p mahfud untuk kementrian di bidang hukum sudirman said di pertamina said didu di bumn dan banyak lagi orang orang pinter dan jujur untuk bekerja sama dan saling mendukung langkah p purbaya agar negri ini benar benar bersih dari praktek kolusi korupsi nepotisme dan lebih penting ngejar tikus tikus berdasi dan tikus liar yg besar besar yg selalu mencuri dan menggerogoti negri ini,prabowo harusnya mengangakat mahfud kementrian bidang hukum sudirman said pertamina said didu bumn banyak orang orang pinter jujur bekerja sama sale mendukung langkah purbaya negri benar benar bersih praktek kolusi korupsi nepotism lebih pent ngejar tiku tiku berdasi tiku liar besar besar selalu mencuri menggerogoti negri
eEMz6w_ZGmg,@adet.a8154,"kalau bisa dikembalikan, utang whoosh bisa sangat amat terbantu utk dilunasi",0,2025-10-29T01:21:02Z,kalau bisa dikembalikan utang whoosh bisa sangat amat terbantu utk dilunasi,kalau bisa dikembalikan utang whoosh bisa sangat amat terbantu dilunasi
eEMz6w_ZGmg,@listinara1274,"Hanya satu Mentri berani obrak abrik buruk nya pemerintah di era pak Prabowo ini.sunguh kalian 10th yg lalu begitu bengis dan tega kepada bangsa mu dan rakyat mu salah apa rakyak mu sehingga kalian tega berhianat kepada negara mu kalian makan dan minum yg sama di bumi Indonesia kenapa kalian diem aja,sungguh kalian bukan patriot atau pejuang Indonesia kalian ini sudah tersusupi ahklak yg kotor berkaca lah pada diri mu sendiri dan tuhan mu sungguh balasan itu akan datang pada dirimu kalian yg tega kepada negara dan rskyat.salam waras sehat selalu pak purbaya dan presiden pak Prabowo jaya Indonesia",0,2025-10-29T01:20:15Z,Hanya satu Mentri berani obrak abrik buruk nya pemerintah di era pak Prabowo ini sunguh kalian 10th yg lalu begitu bengis dan tega kepada bangsa mu dan rakyat mu salah apa rakyak mu sehingga kalian tega berhianat kepada negara mu kalian makan dan minum yg sama di bumi Indonesia kenapa kalian diem aja sungguh kalian bukan patriot atau pejuang Indonesia kalian ini sudah tersusupi ahklak yg kotor berkaca lah pada diri mu sendiri dan tuhan mu sungguh balasan itu akan datang pada dirimu kalian yg tega kepada negara dan rskyat salam waras sehat selalu pak purbaya dan presiden pak Prabowo jaya Indonesia,hanya satu mentri berani obrak abrik buruk nya pemerintah era pak prabowo sunguh kalian lalu begitu bengi tega kepada bangsa rakyat salah apa rakyak kalian tega berhianat kepada negara kalian makan minum sama bumi indonesia kenapa kalian diem aja sungguh kalian bukan patriot pejuang indonesia kalian tersusupi ahklak kotor berkaca lah diri sendiri tuhan sungguh balasan datang dirimu kalian tega kepada negara rskyat salam wara sehat selalu pak purbaya presiden pak prabowo jaya indonesia
eEMz6w_ZGmg,@kapten_strike,1500km di arab menjadi 150 km di konoha,0,2025-10-29T01:15:31Z,1500km di arab menjadi 150 km di konoha,arab menjadi konoha
eEMz6w_ZGmg,@Icad-or2xs,"Ini Singapore, Malaysia, Cina, ternyata sudah banyak makan keuntungan dari Indonesia...
Dari minyak, CPO, ekspor impor, Retail, dll

Boleh jadi Ekonomi Rakyat Indonesia blangsak, ternyata mereka para penikmat kekayaan alam Indonesia...

Biadab, Para Koruptor memang wajib di hukum mati di Indonesia",0,2025-10-29T01:11:11Z,Ini Singapore Malaysia Cina ternyata sudah banyak makan keuntungan dari Indonesia Dari minyak CPO ekspor impor Retail dll Boleh jadi Ekonomi Rakyat Indonesia blangsak ternyata mereka para penikmat kekayaan alam Indonesia Biadab Para Koruptor memang wajib di hukum mati di Indonesia,singapor malaysia cina ternyata banyak makan keuntungan indonesia minyak cpo ekspor impor retail boleh jadi ekonomi rakyat indonesia blangsak ternyata para penikmat kekayaan alam indonesia biadab para koruptor memang wajib hukum mati indonesia
eEMz6w_ZGmg,@miramiramirapesek7527,Selama iNi Sri kemana...,0,2025-10-29T01:09:02Z,Selama iNi Sri kemana,sri kemana
eEMz6w_ZGmg,@sikultv1594,Narasumber ini mantan Menkeu ....ngomongnya enak banget tapi zaman dia menjabat babak belur ekonomi Indonesia....kocak ini orang....pake peci pula .....wahhh parahhh,1,2025-10-29T01:03:08Z,Narasumber ini mantan Menkeu ngomongnya enak banget tapi zaman dia menjabat babak belur ekonomi Indonesia kocak ini orang pake peci pula wahhh parahhh,narasumb mantan menkeu ngomongnya enak banget zaman menjabat babak belur ekonomi indonesia kocak orang pake peci pula wahhh parahhh
eEMz6w_ZGmg,@boedinopian2423,"10 000 TRILYUNN 
Mulai 2014 - 2023 ..

Start kardus suara ghoib yg digembok tengah malam 2014 dan  KPU diam membisu kayak robot ...
+ Cebongers2 + ternak2 mafia olie gardan ...

Sejak itu ..
Indonesia kelam..
Bnyk garong  ...
Bnyk perampok 
Dan begundal2 yg mengambil uang rakyat dan mencuri sumber daya Alam ..",0,2025-10-29T00:57:48Z,10 000 TRILYUNN Mulai 2014 2023 Start kardus suara ghoib yg digembok tengah malam 2014 dan KPU diam membisu kayak robot Cebongers2 ternak2 mafia olie gardan Sejak itu Indonesia kelam Bnyk garong Bnyk perampok Dan begundal2 yg mengambil uang rakyat dan mencuri sumber daya Alam,trilyunn mulai start kardu suara ghoib digembok tengah malam kpu diam membisu kayak robot cebong ternak mafia oli gardan indonesia kelam bnyk garong bnyk perampok begund mengambil uang rakyat mencuri sumber daya alam
eEMz6w_ZGmg,@YulleYulle,Pantasan raya semakin miski karna di bodoin memeras raya,0,2025-10-29T00:54:12Z,Pantasan raya semakin miski karna di bodoin memeras raya,pantasan raya semakin miski karna bodoin memera raya
eEMz6w_ZGmg,@mustikatika726,Maju trus pak purbaya kami rakyat miskin berharap banyak ada anda semoga NKRI ini lebih makmur,0,2025-10-29T00:50:57Z,Maju trus pak purbaya kami rakyat miskin berharap banyak ada anda semoga NKRI ini lebih makmur,maju tru pak purbaya kami rakyat miskin berharap banyak anda semoga nkri lebih makmur
eEMz6w_ZGmg,@Uciha_sishui,"*JOKOWI : JANGAN HITUNG UNTUNG RUGI NYA, TAMBANG BIARIN ORMAS AGAMA PENDUKUNG SAYA YG NGURUS TAMBANG, PULAU² PROSPEK DESTINASI BIARIN TEMAN² SAYA YG KELOLA, FOOD ESTATE BIARIN AJA GAGAL TRILIUNAN, JABATAN² ELIT BIARIAN GENG SAYA NGISI POSISI, KPK , BPK, PPATK BIARKAN AJA ITU ANAK BUAH DADI GENG SAYA, KEPOANKAN² DARI ISTRI SAYA BIARKAN DI PERUSAHAAN² BUMN MENJABATI JABATAN, IPAR SAYA BIARIAN TETEP DI MK, MENANTU SAYA SUDAH NYAMAN GUBERNUR, APALAGI ANAK² SAYA*
KALIAN HARAP MAKLUM, GAK USAH IRI, KONOHA MILIK SAYA N GENG, BIAR BISA KASI MAKAN PELIHARAAN SAYA SI PARA TERMUL 🤣🤣🤣🤣",0,2025-10-29T00:49:59Z,JOKOWI JANGAN HITUNG UNTUNG RUGI NYA TAMBANG BIARIN ORMAS AGAMA PENDUKUNG SAYA YG NGURUS TAMBANG PULAU PROSPEK DESTINASI BIARIN TEMAN SAYA YG KELOLA FOOD ESTATE BIARIN AJA GAGAL TRILIUNAN JABATAN ELIT BIARIAN GENG SAYA NGISI POSISI KPK BPK PPATK BIARKAN AJA ITU ANAK BUAH DADI GENG SAYA KEPOANKAN DARI ISTRI SAYA BIARKAN DI PERUSAHAAN BUMN MENJABATI JABATAN IPAR SAYA BIARIAN TETEP DI MK MENANTU SAYA SUDAH NYAMAN GUBERNUR APALAGI ANAK SAYA KALIAN HARAP MAKLUM GAK USAH IRI KONOHA MILIK SAYA N GENG BIAR BISA KASI MAKAN PELIHARAAN SAYA SI PARA TERMUL,jokowi jangan hitung untung rugi nya tambang biarin orma agama pendukung nguru tambang pulau prospek destinasi biarin teman kelola food estat biarin aja gagal triliunan jabatan elit biarian geng ngisi posisi kpk bpk ppatk biarkan aja anak buah dadi geng kepoankan istri biarkan perusahaan bumn menjabati jabatan ipar biarian tetep menantu nyaman gubernur apalagi anak kalian harap maklum gak usah iri konoha milik geng biar bisa kasi makan peliharaan para termul
eEMz6w_ZGmg,@jokowidiarso7734,"Begitu kompleknya masalah di pajak dan bea cukai, susah kayaknya, yg penting targetkan uang 10,000 T dapat diambil negara",0,2025-10-29T00:49:51Z,Begitu kompleknya masalah di pajak dan bea cukai susah kayaknya yg penting targetkan uang 10 000 T dapat diambil negara,begitu kompleknya masalah pajak bea cukai susah kayaknya pent targetkan uang dapat diambil negara
eEMz6w_ZGmg,@NurBaiti-k6q,Pejabat birokrasi di negara konoha sangat mencintai uang jadi mudah di suap,0,2025-10-29T00:49:20Z,Pejabat birokrasi di negara konoha sangat mencintai uang jadi mudah di suap,pejabat birokrasi negara konoha sangat mencintai uang jadi mudah suap
eEMz6w_ZGmg,@muhammadyusuf-rc2re,Dukung bersih2 jaga pak purbaya dlm menghadapi mafia di dlm penyelenggara negara…,0,2025-10-29T00:49:17Z,Dukung bersih2 jaga pak purbaya dlm menghadapi mafia di dlm penyelenggara negara,dukung bersih jaga pak purbaya dlm menghadapi mafia dlm penyelenggara negara
eEMz6w_ZGmg,@mustikatika726,Pak prabowo rangkul narasumber yng 1 ini buat dampingi pak purbaya pak bliyau tau persis seluk beluk impor exspor pak,0,2025-10-29T00:47:34Z,Pak prabowo rangkul narasumber yng 1 ini buat dampingi pak purbaya pak bliyau tau persis seluk beluk impor exspor pak,pak prabowo rangkul narasumb yng buat dampingi pak purbaya pak bliyau tau persi seluk beluk impor exspor pak
eEMz6w_ZGmg,@alfianputrajaya4830,"Pantas negara ini sarang penyamun, saya sudah berumur hampir 60th, saya merasa hidup di Indonesia, semakin lama bukan nya tambah baik malah semakin susah, mencari nafkah semakin susah, pengeluaran tambah banyak, tambah mahal, sedang kan pendapatan semakin kecil, malah kadang2, nol pendapatan, harus nya seperti Mahfud MD katakan harus nya pendapatan rakyat Indonesia mendapat kan 20juta/ bulan, dan kata prof Mahfud baru dari satu produk tambang belum yg lain produk Indonesia, karena Indonesia sangat kaya 😢",0,2025-10-29T00:45:48Z,Pantas negara ini sarang penyamun saya sudah berumur hampir 60th saya merasa hidup di Indonesia semakin lama bukan nya tambah baik malah semakin susah mencari nafkah semakin susah pengeluaran tambah banyak tambah mahal sedang kan pendapatan semakin kecil malah kadang2 nol pendapatan harus nya seperti Mahfud MD katakan harus nya pendapatan rakyat Indonesia mendapat kan 20juta bulan dan kata prof Mahfud baru dari satu produk tambang belum yg lain produk Indonesia karena Indonesia sangat kaya,panta negara sarang penyamun berumur hampir merasa hidup indonesia semakin lama bukan nya tambah baik malah semakin susah mencari nafkah semakin susah pengeluaran tambah banyak tambah mahal sedang kan pendapatan semakin kecil malah kadang nol pendapatan haru nya seperti mahfud katakan haru nya pendapatan rakyat indonesia mendapat kan juta bulan kata prof mahfud baru satu produk tambang belum lain produk indonesia indonesia sangat kaya
eEMz6w_ZGmg,@saptonomaman5063,Ini talk show dg narasumber berbobot. Ada ilmu di situ. Jgn diisi narasumber KARBITAN.,0,2025-10-29T00:45:41Z,Ini talk show dg narasumber berbobot Ada ilmu di situ Jgn diisi narasumber KARBITAN,talk show narasumb berbobot ilmu situ jgn diisi narasumb karbitan
eEMz6w_ZGmg,@doeljiro,Ktnya negara kaya tp apa2 import.. terlalu banyak kutu busul,0,2025-10-29T00:40:45Z,Ktnya negara kaya tp apa2 import terlalu banyak kutu busul,ktnya negara kaya apa import terlalu banyak kutu busul
eEMz6w_ZGmg,@Mr.RaymooKaphooren,MENGERIKAAAANNN 😮,0,2025-10-29T00:36:58Z,MENGERIKAAAANNN,mengerikaaaannn
eEMz6w_ZGmg,@alizarhasan3653,Sepuluh ribu T kalau tidak bocor ya Allah sdh sejahtera rakyat Indonesia terutama dalam segi kesehatan dan pendidikan,0,2025-10-29T00:31:57Z,Sepuluh ribu T kalau tidak bocor ya Allah sdh sejahtera rakyat Indonesia terutama dalam segi kesehatan dan pendidikan,sepuluh ribu kalau tidak bocor allah sejahtera rakyat indonesia terutama segi kesehatan pendidikan
eEMz6w_ZGmg,@mawarmawar6617,Ya klw Dan ga ada ya mau kems mereka dipikirksn dong,0,2025-10-29T00:31:16Z,Ya klw Dan ga ada ya mau kems mereka dipikirksn dong,klw mau kem dipikirksn dong
eEMz6w_ZGmg,@jokowidiarso7734,Menteri perdagangan warisan Zulkifli Hasan yg korup ketika menjadi menteri,0,2025-10-29T00:31:15Z,Menteri perdagangan warisan Zulkifli Hasan yg korup ketika menjadi menteri,menteri perdagangan warisan zulkifli hasan korup menjadi menteri
eEMz6w_ZGmg,@MunardiMunardi-mk1uw,Dan mafia selalu di dekengi oleh petinggi2 negara.makanya susah di brantas.semoga saja ini bisa si Brantas🙏,1,2025-10-29T00:30:03Z,Dan mafia selalu di dekengi oleh petinggi2 negara makanya susah di brantas semoga saja ini bisa si Brantas,mafia selalu dekengi petinggi negara makanya susah branta semoga bisa branta
eEMz6w_ZGmg,@melaniimel4500,Gila bisa bayar lunas utang negara 😂,0,2025-10-29T00:28:40Z,Gila bisa bayar lunas utang negara,gila bisa bayar luna utang negara
eEMz6w_ZGmg,@enisapamajuhi4563,"Yg diekspor Amerika 100 tapi di cacatan impor di Indonesia 50, supaya bea masuk dibayar importir hanya yg dari 50. Pantesan orang bea cukai pada kaya kaya.",0,2025-10-29T00:22:06Z,Yg diekspor Amerika 100 tapi di cacatan impor di Indonesia 50 supaya bea masuk dibayar importir hanya yg dari 50 Pantesan orang bea cukai pada kaya kaya,diekspor amerika cacatan impor indonesia bea masuk dibayar importir hanya pantesan orang bea cukai kaya kaya
eEMz6w_ZGmg,@ulpaharifin9587,Klu bisa. .Bpk Ihsan Noorsy dan bkp fuadbawazier bersatu bantu Bapak Mentri keuangan utk membangun bangsa ini..,0,2025-10-29T00:13:07Z,Klu bisa Bpk Ihsan Noorsy dan bkp fuadbawazier bersatu bantu Bapak Mentri keuangan utk membangun bangsa ini,klu bisa bpk ihsan noorsi bkp fuadbawazi bersatu bantu bapak mentri keuangan membangun bangsa
eEMz6w_ZGmg,@IndosatIm3-j3d,27 : 11 langsung ke 27 : 13 wkwk,0,2025-10-29T00:11:49Z,27 11 langsung ke 27 13 wkwk,langsung wkwk
eEMz6w_ZGmg,@YokiLiandri-z5h,Ayo pa Prabowo duit bertumpuk rakyat buat makan aja susah,0,2025-10-29T00:11:40Z,Ayo pa Prabowo duit bertumpuk rakyat buat makan aja susah,ayo prabowo duit bertumpuk rakyat buat makan aja susah
eEMz6w_ZGmg,@Bonsai_Pharmacy,Kirain 10 rb rupiah,0,2025-10-29T00:10:38Z,Kirain 10 rb rupiah,kirain rupiah
eEMz6w_ZGmg,@MunardiMunardi-mk1uw,Ya Alloh lingdungilah  Persiden dan mentri2nya.buat membasmi koroftor.ahar rakyat bisa sejahtera...🙏,0,2025-10-29T00:09:44Z,Ya Alloh lingdungilah Persiden dan mentri2nya buat membasmi koroftor ahar rakyat bisa sejahtera,alloh lingdungilah persiden mentrinya buat membasmi koroftor ahar rakyat bisa sejahtera
eEMz6w_ZGmg,@titingnurhayati9906,"Ayo dukung rakyat indonesia, penyelenggara negara yg jujur srperti pak prabowo dan pak purbaya,",19,2025-10-29T00:07:55Z,Ayo dukung rakyat indonesia penyelenggara negara yg jujur srperti pak prabowo dan pak purbaya,ayo dukung rakyat indonesia penyelenggara negara jujur srperti pak prabowo pak purbaya
eEMz6w_ZGmg,@MunardiMunardi-mk1uw,"Akan kah semua itu akan bisa trtangkaf,pelaku2 koroftor itu.kalau sebelumnya udah di beritakan.yg ada nanti bisa pelaku akan kabur dan menghilangkan barang bukti.",0,2025-10-29T00:06:17Z,Akan kah semua itu akan bisa trtangkaf pelaku2 koroftor itu kalau sebelumnya udah di beritakan yg ada nanti bisa pelaku akan kabur dan menghilangkan barang bukti,kah semua bisa trtangkaf pelaku koroftor kalau sebelumnya udah beritakan nanti bisa pelaku kabur menghilangkan barang bukti
eEMz6w_ZGmg,@IbnusinaSina-o6k,"Semoga pak Purbaya, pak Presiden Prabowo tetap menyala bersama rakyat .... Jadikanlah keadilan sosial bagi seluruh rakyat Indonesia ..",15,2025-10-29T00:06:01Z,Semoga pak Purbaya pak Presiden Prabowo tetap menyala bersama rakyat Jadikanlah keadilan sosial bagi seluruh rakyat Indonesia,semoga pak purbaya pak presiden prabowo tetap menyala bersama rakyat jadikanlah keadilan sosial bagi seluruh rakyat indonesia
eEMz6w_ZGmg,@UbaiAzzam,"SRI dulu kelamaan minggat tuku trasi, jadinya lupa nggak ngurusin negara 😢",0,2025-10-29T00:04:52Z,SRI dulu kelamaan minggat tuku trasi jadinya lupa nggak ngurusin negara,sri dulu kelamaan minggat tuku trasi jadinya lupa nggak ngurusin negara
eEMz6w_ZGmg,@JejakaTua-b4g,"Dulu LBP bilang makan dikit-dikit ngak 
Apa-apalah ya namanya juga manusia saya masih ingat betul ucapan lbp",0,2025-10-29T00:04:02Z,Dulu LBP bilang makan dikit dikit ngak Apa apalah ya namanya juga manusia saya masih ingat betul ucapan lbp,dulu lbp bilang makan dikit dikit ngak apa apalah namanya manusia masih ingat betul ucapan lbp
eEMz6w_ZGmg,@salfaandini8867,"mau makmur dan sejahtera kapan rakyat ? 
garongnya rakus banget tanpa takut dosa dan neraka.😮",0,2025-10-29T00:01:04Z,mau makmur dan sejahtera kapan rakyat garongnya rakus banget tanpa takut dosa dan neraka,mau makmur sejahtera kapan rakyat garongnya raku banget tanpa takut dosa neraka
eEMz6w_ZGmg,@zaherdicrs4740,Kita baru sadar ternyataa mafia ada dan punya kuasa di nkri...,0,2025-10-29T00:00:38Z,Kita baru sadar ternyataa mafia ada dan punya kuasa di nkri,baru sadar ternyataa mafia punya kuasa nkri
eEMz6w_ZGmg,@AmikSolikhin,"Ya Allah lindungilah Bapak Prabowo, Bapak Purbaya dan Bapak,Ibu penjabat yg sejalan dengan Bapak Prabowo,Bapak Purbaya, dari orang"" jahat para koroptor dan hancurkanllah para koroptor itu. Aamiin 🇵🇼",2,2025-10-28T23:59:19Z,Ya Allah lindungilah Bapak Prabowo Bapak Purbaya dan Bapak Ibu penjabat yg sejalan dengan Bapak Prabowo Bapak Purbaya dari orang jahat para koroptor dan hancurkanllah para koroptor itu Aamiin,allah lindungilah bapak prabowo bapak purbaya bapak ibu penjabat sejalan bapak prabowo bapak purbaya orang jahat para koroptor hancurkanllah para koroptor aamiin
eEMz6w_ZGmg,@Zahiyahmumtazaharno,Maju terus pk..,0,2025-10-28T23:55:20Z,Maju terus pk,maju teru
eEMz6w_ZGmg,@haryoketro4102,"Ini barulah presiden rakyat Indonesia, yang dulu kan petugas Partai.😂😂😂",0,2025-10-28T23:54:53Z,Ini barulah presiden rakyat Indonesia yang dulu kan petugas Partai,barulah presiden rakyat indonesia dulu kan petuga partai
eEMz6w_ZGmg,@sutarsutardi1736,Waaow mantaab,1,2025-10-28T23:51:09Z,Waaow mantaab,waaow mantaab
eEMz6w_ZGmg,@starnospl5956,"Akar masalahnya dari STAN, institusi pendidikan yang pembentukan mental mhs nya berbasis hedonisme.",1,2025-10-28T23:38:13Z,Akar masalahnya dari STAN institusi pendidikan yang pembentukan mental mhs nya berbasis hedonisme,akar masalahnya stan institusi pendidikan pembentukan mental mh nya berbasi hedonism
eEMz6w_ZGmg,@yahyaputra7257,BAPAK PRESIDEN PRANOWO HARUS DIBANTU OLEH WAKIL PREDIDEN YANG BAGUS JUGA. NEGARA INI AKAN MAJU BILA PEMIMPIN NYA SANGAT KUAT.,1,2025-10-28T23:36:07Z,BAPAK PRESIDEN PRANOWO HARUS DIBANTU OLEH WAKIL PREDIDEN YANG BAGUS JUGA NEGARA INI AKAN MAJU BILA PEMIMPIN NYA SANGAT KUAT,bapak presiden pranowo haru dibantu wakil prediden bagu negara maju pemimpin nya sangat kuat
eEMz6w_ZGmg,@ererepp,😅😅bukti kerja nyata 10thn dikelolah mafia,34,2025-10-28T23:33:28Z,bukti kerja nyata 10thn dikelolah mafia,bukti kerja nyata thn dikelolah mafia
eEMz6w_ZGmg,@ayupfaizal4610,mantap pak presiden,4,2025-10-28T23:29:15Z,mantap pak presiden,mantap pak presiden
eEMz6w_ZGmg,@maizierbarid,"dari tiongkok kok dipotong , mmg masalah tiongkok selalu ditutup2 i . mbelgedez",1,2025-10-28T23:29:07Z,dari tiongkok kok dipotong mmg masalah tiongkok selalu ditutup2 i mbelgedez,tiongkok kok dipotong mmg masalah tiongkok selalu ditutup mbelgedez
eEMz6w_ZGmg,@achmadyani8842,"keren bang Ichsan, gaskeun ...",3,2025-10-28T23:28:34Z,keren bang Ichsan gaskeun,keren bang ichsan gaskeun
eEMz6w_ZGmg,@KasidoWijaya,Astaghforloh halazim...segitu banyaknya ...maling menjarah...semoga pak menkeu dilindungi alloh subhanahu wara ala...,1,2025-10-28T23:26:56Z,Astaghforloh halazim segitu banyaknya maling menjarah semoga pak menkeu dilindungi alloh subhanahu wara ala,astaghforloh halazim segitu banyaknya male menjarah semoga pak menkeu dilindungi alloh subhanahu wara ala
eEMz6w_ZGmg,@hasyimasharihasyim7735,SEMOGÀ ALLAH TUHAN YG MAHA ÉSA MELINDUNGI PAK PURBAYA DAN PAK PRABOWO. INSYA ALLAH RAKYAT MAKMUR KL SEGALA MAFIA DI BASMI,22,2025-10-28T23:25:33Z,SEMOG ALLAH TUHAN YG MAHA SA MELINDUNGI PAK PURBAYA DAN PAK PRABOWO INSYA ALLAH RAKYAT MAKMUR KL SEGALA MAFIA DI BASMI,semog allah tuhan maha melindungi pak purbaya pak prabowo insya allah rakyat makmur segala mafia basmi
eEMz6w_ZGmg,@firmanmunggarans.pd.gr.1602,"Mdh2n segera d tuntaskan UU Perampasan Aset, Pembuktian terbalik untuk bisa mengambil seluruh hasil SDA spy bisa tecapapai keadilan sosial bagi seluruh rakyat Indonesia gaskeun 🎉😢😢",4,2025-10-28T23:24:46Z,Mdh2n segera d tuntaskan UU Perampasan Aset Pembuktian terbalik untuk bisa mengambil seluruh hasil SDA spy bisa tecapapai keadilan sosial bagi seluruh rakyat Indonesia gaskeun,mdhn segera tuntaskan perampasan aset pembuktian terbalik bisa mengambil seluruh hasil sda spi bisa tecapapai keadilan sosial bagi seluruh rakyat indonesia gaskeun
eEMz6w_ZGmg,@munzirsiddik1784,Beda memang kalau menteri bukan dari partai,73,2025-10-28T23:22:51Z,Beda memang kalau menteri bukan dari partai,beda memang kalau menteri bukan partai
eEMz6w_ZGmg,@isaansyori8749,"Rusaak.. Rusaakk.. Rusaakkkkk...10 tahun jokowe presiden pelihara mafia faktur Impor yg merajalela.. transaksi dg jumlah fantastis dr Impor dg penipuan harga dan dipakai untuk pencucian uang ..
 ilegal tambang dan lain2.. termasuk pakaian bekas yang merugikan pabrikan2 di Indonesia.. 😭😭😭",12,2025-10-28T23:19:42Z,Rusaak Rusaakk Rusaakkkkk 10 tahun jokowe presiden pelihara mafia faktur Impor yg merajalela transaksi dg jumlah fantastis dr Impor dg penipuan harga dan dipakai untuk pencucian uang ilegal tambang dan lain2 termasuk pakaian bekas yang merugikan pabrikan2 di Indonesia,rusaak rusaakk rusaakkkkk tahun jokow presiden pelihara mafia faktur impor merajalela transaksi jumlah fantasti impor penipuan harga dipakai pencucian uang ileg tambang lain termasuk pakaian beka merugikan pabrikan indonesia
eEMz6w_ZGmg,@Juharisilaen,Mana media masa yg Kain yg Katanga senantiasa menyampaikan impormasi yg AKurat Dari sumber  yg terpercaya dibidangnya ayo bongkar Sama Sama agar secepatnya piral supaya secepatnya ditindak lanjuti Oleh para penegak Hukum . sebab mereka tidak tau situasi Dan kondisi. Didalam pencegahan maupun penindakan .,4,2025-10-28T23:19:02Z,Mana media masa yg Kain yg Katanga senantiasa menyampaikan impormasi yg AKurat Dari sumber yg terpercaya dibidangnya ayo bongkar Sama Sama agar secepatnya piral supaya secepatnya ditindak lanjuti Oleh para penegak Hukum sebab mereka tidak tau situasi Dan kondisi Didalam pencegahan maupun penindakan,media masa kain katanga senantiasa menyampaikan impormasi akurat sumber terpercaya dibidangnya ayo bongkar sama sama secepatnya piral secepatnya ditindak lanjuti para penegak hukum tidak tau situasi kondisi didalam pencegahan maupun penindakan
eEMz6w_ZGmg,@achmadyani8842,"jokowi kalau memang bersalah, penjarakan .. harus konsisten, jangan di maafkan.",1,2025-10-28T23:18:15Z,jokowi kalau memang bersalah penjarakan harus konsisten jangan di maafkan,jokowi kalau memang bersalah penjarakan haru konsisten jangan maafkan
eEMz6w_ZGmg,@HermantoRabaini,"🙏🙏 lihat tu pak purbaya bekerja dengan keras dan tulus untuk negri ini, para mentri yang lain kemana!! Bantu lah pak prabowo dan bekerjalah dengan bersungguh sungguh untuk negri kita ini, agar kedepan nya apa yang kita cita cita kan mau menjadi indonesia emas terwujud, para mentri harus bersungguh sungguh bekerja untuk negri dan membantu pak prabowo menjalan kan pemerintahan yang baik dan berkompoten.",38,2025-10-28T23:13:52Z,lihat tu pak purbaya bekerja dengan keras dan tulus untuk negri ini para mentri yang lain kemana Bantu lah pak prabowo dan bekerjalah dengan bersungguh sungguh untuk negri kita ini agar kedepan nya apa yang kita cita cita kan mau menjadi indonesia emas terwujud para mentri harus bersungguh sungguh bekerja untuk negri dan membantu pak prabowo menjalan kan pemerintahan yang baik dan berkompoten,lihat pak purbaya bekerja kera tulu negri para mentri lain kemana bantu lah pak prabowo bekerjalah bersungguh sungguh negri kedepan nya apa cita cita kan mau menjadi indonesia ema terwujud para mentri haru bersungguh sungguh bekerja negri membantu pak prabowo menjalan kan pemerintahan baik berkompoten
eEMz6w_ZGmg,@Pariah109,Lindungilah PK Purbaya  ya allaah sejahterahkn la rakyat Indonesia ya Allaah,87,2025-10-28T23:06:55Z,Lindungilah PK Purbaya ya allaah sejahterahkn la rakyat Indonesia ya Allaah,lindungilah purbaya allaah sejahterahkn rakyat indonesia allaah
eEMz6w_ZGmg,@budisantoso-kt4yg,"Ya Allah mudah2an segala usaha yg dilakukan Pak Prabowo dan Pak Purbaya bener2 terwujud sehingga negara kita Indonesia gk utang2 lagi ke negara lain, rakyat gk usah bayar pajak ini itu, kesehatan terjamin, semua rakyatnya sejah tera.",66,2025-10-28T22:55:40Z,Ya Allah mudah2an segala usaha yg dilakukan Pak Prabowo dan Pak Purbaya bener2 terwujud sehingga negara kita Indonesia gk utang2 lagi ke negara lain rakyat gk usah bayar pajak ini itu kesehatan terjamin semua rakyatnya sejah tera,allah mudahan segala usaha dilakukan pak prabowo pak purbaya bener terwujud negara indonesia utang negara lain rakyat usah bayar pajak kesehatan terjamin semua rakyatnya sejah tera
eEMz6w_ZGmg,@MadaGaskar-t6h,"Ex Menteri_ Menteri ini Cuma Jadi Kasir . Dibsetir para Pelaku.
Buktinya Terus twrjadi mangkin Parah.!
Tauh tapi tdk bisa berbuat apa2
Bahkan bisa jadi Pejabat terkait semua kerja sama.",1,2025-10-28T22:54:33Z,Ex Menteri_ Menteri ini Cuma Jadi Kasir Dibsetir para Pelaku Buktinya Terus twrjadi mangkin Parah Tauh tapi tdk bisa berbuat apa2 Bahkan bisa jadi Pejabat terkait semua kerja sama,menteri_ menteri cuma jadi kasir dibsetir para pelaku buktinya teru twrjadi mangkin parah tauh bisa berbuat apa bahkan bisa jadi pejabat terkait semua kerja sama
eEMz6w_ZGmg,@achmadyani8842,"mari kita dukung pemberantas korupsi, PURBAYA , Insa Allah ...",80,2025-10-28T22:49:37Z,mari kita dukung pemberantas korupsi PURBAYA Insa Allah,mari dukung pemberanta korupsi purbaya insa allah
eEMz6w_ZGmg,@kardiyonokardiyono8173,Jawaban mantan: gak tau saya kok tanya saya...,1,2025-10-28T22:49:19Z,Jawaban mantan gak tau saya kok tanya saya,jawaban mantan gak tau kok tanya
eEMz6w_ZGmg,@canelku771,Selidiki Sri Mulyani,2,2025-10-28T22:44:44Z,Selidiki Sri Mulyani,selidiki sri mulyani
eEMz6w_ZGmg,@AgusLatief-b1y,Daya rusak Mulyono dan kroni kroninya  memang luar biasa....dan  membuat rakyat mlarat....kurang ajar banget ya ..dan termul termul harus diadili...karna membuat rakyat miskin.....mlarat...lindungi pak Purbaya....,1,2025-10-28T22:41:00Z,Daya rusak Mulyono dan kroni kroninya memang luar biasa dan membuat rakyat mlarat kurang ajar banget ya dan termul termul harus diadili karna membuat rakyat miskin mlarat lindungi pak Purbaya,daya rusak mulyono kroni kroninya memang luar biasa membuat rakyat mlarat kurang ajar banget termul termul haru diadili karna membuat rakyat miskin mlarat lindungi pak purbaya
eEMz6w_ZGmg,@Dii86,Singapur jadi surga org2 kaya Indonesia parkir kekayaan nya di sana. Harta dan uang mereka dilindungi sama bank dan pemerintah sana.,27,2025-10-28T22:32:16Z,Singapur jadi surga org2 kaya Indonesia parkir kekayaan nya di sana Harta dan uang mereka dilindungi sama bank dan pemerintah sana,singapur jadi surga org kaya indonesia parkir kekayaan nya sana harta uang dilindungi sama bank pemerintah sana
eEMz6w_ZGmg,@agussumaryadi,Begini jadinya kalo presidennya planga plongo. Selama 10 tahun cuma sibuk gimana caranya 3 periode,1,2025-10-28T22:31:48Z,Begini jadinya kalo presidennya planga plongo Selama 10 tahun cuma sibuk gimana caranya 3 periode,begini jadinya kalo presidennya planga plongo tahun cuma sibuk gimana caranya period
eEMz6w_ZGmg,@agussumaryadi,"10 tahun kemarin, presiden nya ngapain?",2,2025-10-28T22:25:24Z,10 tahun kemarin presiden nya ngapain,tahun kemarin presiden nya ngapain
eEMz6w_ZGmg,@KajiRofiq,Ayoo metro beritakan optisme ekonomi indo,6,2025-10-28T22:22:57Z,Ayoo metro beritakan optisme ekonomi indo,ayoo metro beritakan optism ekonomi indo
eEMz6w_ZGmg,@ahmadn7576,"Srimul etik Luhut Bahlil srimul mkel Mulyono,Tito, Sigit geng solo siap2x ya,anda SDH TDK tenang",1,2025-10-28T22:14:40Z,Srimul etik Luhut Bahlil srimul mkel Mulyono Tito Sigit geng solo siap2x ya anda SDH TDK tenang,srimul etik luhut bahlil srimul mkel mulyono tito sigit geng solo siapx anda tenang
