video_id,author,comment,like_count,published
At9u_bDYIe0,@DelfitaBatam,Memangm. Mafia pajak mafia bea cukai mafia polisi dan mafia di kantor kantor baik dipemerinttahan maupun daerah dan kelurahan tak bisadiberantas karena. Mereka saling melindungi satu sama sudah menjadi kebiasaan walaupun pergantian pejabat oleh sebab itu saya mendukung sekali gebrakan Pak Menkeu sekarang yg sebelum nya tak pernah ada gerakannya malah memberikan tambahan gaji dan memperkaya pada pejabat mereka,0,2025-11-19T05:44:39Z
At9u_bDYIe0,@AKIRATAMPAN,"Pak Purbaya antek"" wiwi dan wowo jd aku ngga percaya dgn ketiga org ini 👌",0,2025-11-19T02:48:12Z
At9u_bDYIe0,@madeceraka3537,"Masyakat harus bersatu mendorong DPR untuk secepatnya UU perampasan Aset dan hukuman Mati bagi  pejabat yang terbukti kropsi,supaya aparat penegak hukum ada dasar untuk mengambil tidakan secara hukum,untuk BPK Mentri keuwangan kejar trus bagi pejabat yang kropsi,masyarakat sangat mendukungnya.",0,2025-11-19T01:58:47Z
At9u_bDYIe0,@wahyuamri8487,"Ternyata banyak sekali jabatan di Negeri ini dipegang oleh orang-orang jahat dan sangat biadab, pantas saja Negara ini sangat sulit untuk maju walaupun sumber daya alam nya sangat melimpah ruah 😢❤🇮🇩",0,2025-11-18T12:07:04Z
At9u_bDYIe0,@AbdulSalam-qy6yc,Ayo kita dukung purbaya sepuhnya kalau prabawo masih omon kita sikat juga krn masih bela tukang kayu,0,2025-11-18T10:10:50Z
At9u_bDYIe0,@radensoetjahjo8853,"*_Mungkin di MUSNAHKAN tdk mungkin, tp kalau di tekan SEMAKSIMAL mungkin msh bisa dan ada harapan, asal ada kemauan u/ membrantasnya dari para penegak HUKUM._*",0,2025-11-18T09:16:27Z
At9u_bDYIe0,@DiniNasution-j2y,"Printing by proyek bisa di lakukan
Tapi harus di ukur dan di awasi 
Jangan di lepas 
Gitu aja kok pusing....? 
Gampang.",0,2025-11-18T07:17:04Z
At9u_bDYIe0,@kualakaya331,"Ya Allah ridoilah dan beri bantuan mu ya Allah sdr Prabowo,/Purbaya untuk memberantas mafia,penghianat bangsa amin",0,2025-11-18T04:42:05Z
At9u_bDYIe0,@RafliSatya,Bravo pak purbaya dan pak presidenku ❤❤❤ tuntaskan mafia mafia yang merugikn masyarakat,0,2025-11-18T00:47:09Z
At9u_bDYIe0,@HermanRA-u8s,SEBAGAI RAKYAT JELATA.. SANGAT SETUJU PRESIDEN  MENUGASKAN KOPASUS UNTUK PERANG DENGAN PARA KORUPTOR & MAFIA YG TELAH MENGHANCURK AN NEGARA...... INDONISIA MAYORITAS RAKYAT NYA PETANI MAFIA PERTANIAN YG PALING MUDAH RAWAN PETANI PANEN IMPOR DAR I NEGARA LAIN.. PETANI RU GI NEGARA MISKIN..MIRIS NYA ERA PRABOWO MASIH TERJADI SINGKONG MELIM PAH NEGARA IMPOR TAPIO KA DARI NEGARA LAIN...... LAMPUNG SENTRA UTAMA NASIONAL TERPURUK SINGKONG PETANI TDK BE RHARGA SAAT JUAL MURA H DIPOTONG SEENAKNYA  45-60% APARAT HUKUM DIAM TDK PEDULI,0,2025-11-17T23:01:10Z
At9u_bDYIe0,@drmuriachannel5704,Terima kasih... diskusi penuh ilmu berintegritas. Pejabat2 yg membutakan diri demi uang haram tidak manfaat bagi orang tua mu. Istri anak. Rakyat dan negara.,0,2025-11-17T11:56:04Z
At9u_bDYIe0,@Nusantoro-b2n,"*BENARKAH 11.000 TRILYUN ADA DIKANTONG JKW DIDAPAT DARI MANA???*BISA DILACAK APA CUMA ISSU HOAKS ?,,,ADA PEMBIARAN???.MENTANG2 BERKUASA????,*",1,2025-11-17T08:43:48Z
At9u_bDYIe0,@Ramudin-t8f,"👎👅 MAFIA DI SELURUH INDONESIA ITU PASTI JAMAN JOKODOK/ JOKOWEEE , PERUSAHAAN DARI LUAR NEGRI JAMINAN DARI JOKODOK",0,2025-11-16T23:07:03Z
At9u_bDYIe0,@hunterrevew94,RAKYAT INDONESIA DUKUNG BAPAK REDENOMINASI❤❤❤,0,2025-11-16T18:46:02Z
At9u_bDYIe0,@Jumari-p8w,"Jadi bangkrutnya negara ini, karena maling2 , pak Presiden Prabowo sdh saatnya menyingkirkan di lingkungan pemerintah pejabat2 yg ingin memperkaya diri sendiri",0,2025-11-16T13:51:45Z
At9u_bDYIe0,@Suwardi123-u9c,Luar biasa kinrja purbaya dulu srimulyani katanya plg baik kalo dibandingkan dg p purbaya ga ada apa2nya,0,2025-11-16T12:06:19Z
At9u_bDYIe0,@wongalus999,Sikat para tikus bea cukai semua,0,2025-11-16T11:16:53Z
At9u_bDYIe0,@traderwarkop8321,UUD perampasan asset semoga segera di sah kan.. Aamiin 🤲🤲🤲,0,2025-11-16T03:38:42Z
At9u_bDYIe0,@rochmahbuyono7632,"Semua bs , rakyat mendukung BPK presiden didlm  memerangi mafia  ilegal semua .",0,2025-11-16T01:42:35Z
At9u_bDYIe0,@autixfatimahbintabun3476,Pak purbaya rakyat mendukung mu .,0,2025-11-15T20:32:53Z
At9u_bDYIe0,@SukarliSuhaemah,LENYAPKAN SEMUA PEMISKIN RAKYAT JGNPANDANG BULU.,0,2025-11-15T14:58:50Z
At9u_bDYIe0,@fauziaharizal5554,Ayo tangkap para bajingan yg membuat negara kita rugi,0,2025-11-15T13:19:06Z
At9u_bDYIe0,@dahlanasda354,"Tumben metro dulu aku juluki metro TiVu, mhn maaf aku gak nonton TV terutama isu pilpres pileg. Blm sembuh 3x pilpres. Ini mulai sepertinya bela RI,  mafianya gimana?",0,2025-11-15T11:51:18Z
At9u_bDYIe0,@yusmidiCurup,Mantap kejar teus,0,2025-11-15T09:37:35Z
At9u_bDYIe0,@marwanhm105,Pak Purbaya dihajar atas Penipuan brg bekas dan menghindari kena Pajak yg besar Bravo.,0,2025-11-15T07:15:37Z
At9u_bDYIe0,@RahmadaniDani-xc1nb,Yang/Nikel/Expor/Ke/Cina/Yaitu/Barang/Nikel/Yg/Expor/Ilegal/Jaman/Jokowe!Yoe!,0,2025-11-15T05:04:40Z
At9u_bDYIe0,@ya_udahlah,Kotak Pandora telah terbuka.siapapun kelak presiden nya rakyat sudah tau dan akan menepalkan pejabat pejabat korup maling,0,2025-11-15T04:54:36Z
At9u_bDYIe0,@ya_udahlah,Masya Allah kita punya koboi dar der dor buat menjaga perbendaharaan negara.Selamat pak Pur semoga anda sehat selalu,0,2025-11-15T04:51:43Z
At9u_bDYIe0,@rudisuparman1045,"Usut sampai tuntas tanah negara dijual ke negara untuk jalur WHOOOSH KCIC,,,,,,😊😊😊😊😊😊",0,2025-11-15T02:33:47Z
At9u_bDYIe0,@rudisuparman1045,"Pak PURBAYA CARI UANG,yang GEMUK MAFIA WHOOOSH,,,,wah,wah,wah 😊😊😊😊😊😊😊😊😊",0,2025-11-15T02:15:25Z
At9u_bDYIe0,@rudisuparman1045,"Di jabar ada KDM,di keuangan ada Pak PUrbaya, hasil nya akan cepat terasa bagi Rakyat,,,❤❤❤❤❤❤❤❤❤",0,2025-11-15T02:11:48Z
At9u_bDYIe0,@rudisuparman1045,"Pak PURBAYA,,awasi terus PELINDO,,dan BEA CUKAI di situlah sumber kas negara numpuk,,jangan habis dimakan TIKUS,,,❤",0,2025-11-15T02:00:22Z
At9u_bDYIe0,@singgihjunardi6071,"Mana yang lebih berbobot,Menkeu atau wapres?🤣😂😅",0,2025-11-14T18:47:55Z
At9u_bDYIe0,@untungsantoso9559,"Berarti selama ini Mentri srimulyani hanya sebagai kalkulator negara saja yah , ini saya baru tau kalau Mentri keuangan bukan cuma ngitung jumlah uang negara yang masuk dan yang keluar",0,2025-11-14T16:28:58Z
At9u_bDYIe0,@AmengMuhib,"Kenapa mentri2 keuangan kemaren2 pada diem aja , apakah dia melindungi...?",0,2025-11-14T03:17:08Z
At9u_bDYIe0,@AmengMuhib,Sùgguh2 sangat biadab para pelaķnya.inî pasti para malingnya udh dari dulu.,0,2025-11-14T03:04:23Z
At9u_bDYIe0,@MHosen-n6u,Smg BPK H Prabowo Subianto dan BPK Purbaya sklg dlm lindungan Allah SWT Amin YRA,0,2025-11-13T23:32:21Z
At9u_bDYIe0,@MHosen-n6u,Ya terutama hukum di Indonesia harus tegas jangan tajam kebawah tumpul keatas itulah yg perlu ditegakkan jgn pilih kasih baru negara kita Indonesia bebas dari segala macam cara yg terjadi di negara kita Indonesia bebas dari koruptor dan intimidasi pd rakyat Indonesia smg para pejabat penegak hukum sadar dg adaxa reformasi kepolisian smg kedepan lebih baik dari sebelumnya Amin YRA,0,2025-11-13T23:21:03Z
At9u_bDYIe0,@edybilangin0705,Bismillah... pasti bisa 🙏🏻,0,2025-11-13T21:19:25Z
At9u_bDYIe0,@YuyunNur-n4j,Issue2 yg seperti inilah yg harusnya di up terus. Bukan Issue2 yg tak penting,0,2025-11-13T14:27:42Z
At9u_bDYIe0,@cementel3000,"Naahh..Naah.. bersikap tegas untuk rakyat itu penting dan wajib. 
Now.. berapa juta jiwa bahkan belasan juta jiwa rakyat bisa sejahtera menciptakan pekerjaan formal  atau lainya dengan uang negara yg di gelapkan itu. Rakyat akan lebih mapan,  produktif dan maju merata. Dunia akan lebih menghormati Indonesia Sebagai negara benar2 besar.",0,2025-11-13T10:30:50Z
At9u_bDYIe0,@astrida.lestari1017,"Bisa tapi pasti ada aja akalnya mereka untuk menjegal.. 
Semoga niat baik Pemerintah dilindungi Tuhan..",0,2025-11-13T06:42:17Z
At9u_bDYIe0,@SahrinKelana,UUD 1945 PASAL 33 KAN SUDAH TERPENUHI,0,2025-11-13T03:29:00Z
At9u_bDYIe0,@mbachtiarcirebon8508,"*Parah bea cukai antek*
 *ERA JOKOWI SRI MULYANI*
*PENIPUAN FAKTUR IMPORTIR BARANG DIMURAHKAN UNTUK PENJUALAN DAN DIMAHALKAN BILA PEMBELINYA ANGGARAN APBN*",0,2025-11-12T23:38:23Z
At9u_bDYIe0,@EntinSuhartini-on5tm,Purbaya malaikat indonesia allah kirim dari langit kesunyiaan!,1,2025-11-12T23:19:44Z
At9u_bDYIe0,@EmiLaka-s5g,Bisa kalau Rakyat dan Pemerintah bersatu. Tuhan lindung,0,2025-11-12T23:05:16Z
At9u_bDYIe0,@khoirihafidz1686,"Sejak th 1995 udah ada 
Import baju bekas.",0,2025-11-12T17:08:19Z
At9u_bDYIe0,@kateno7307,hgu di berikan ke perusahaan rakyatmu makan apa pak,0,2025-11-12T06:47:11Z
At9u_bDYIe0,@bumas4937,Menyala p Purbaya....baarokallah jabatannya dunia akherat,0,2025-11-12T05:47:19Z
At9u_bDYIe0,@abdulkhair1696,Allahumma sholli Ala Sayyidina Muhammad waala Ali Sayyidina Muhammad,0,2025-11-12T01:02:56Z
At9u_bDYIe0,@EdiHariyanto-c8r,Paling cerdas cuman .hukuman mati saja sederhana toh kita export tahanan hukuman mati ke negri tirai bambu saja toh belakang hari keuntungan NKRI melesat seperti rudal IRAN pemusnah Isriwil bro.,0,2025-11-11T10:41:24Z
At9u_bDYIe0,@Djauhari0957,"Gila 👿👿👎👎😾 pembiaran, sekarang waktunya Pak. Presiden RI yg berani sikat 😮😮",0,2025-11-11T08:55:26Z
At9u_bDYIe0,@Djauhari0957,"Sikaaatt wowwww Rp. 10.000 T... . Duit mestinya hak rakyat
Mantap pak. Menkeu ❤❤",0,2025-11-11T08:53:23Z
At9u_bDYIe0,@fitra7645,Pemerintah prabowo subianto gibran good punya mentri purbaya yudhi sadewa very good semoga Ada purbaya yudhi sadewa 100 indonesia makin jaya,0,2025-11-11T08:26:30Z
At9u_bDYIe0,@fitra7645,"Mantap menkeu purbaya yudhi sadewa good bless you pak,gas poll pak dukung 👍👍👍👍👍",0,2025-11-11T08:23:17Z
At9u_bDYIe0,@parmanlumbansiantar5580,"Negara maju,rakyat makmur terletak pd presiden, berani ,jujur,transparan,tegas, rakyat akan dukung prabowo.",0,2025-11-11T05:28:06Z
At9u_bDYIe0,@RimisnarBa,"Semoga Pak Purbaya Yudhi Sadewa Sehat Wal Afiat Panjang Umur dan Selalu Dalam Lindungan Allah SWT, Aamiin Yaa Robbal Aalamiin 🤲🤲🤲",0,2025-11-10T23:47:17Z
At9u_bDYIe0,@JourneyandMoments,"Bpk mentri keuangan RI harus hati hati mengurus uang rakyat 
Uang adalah dara dan nyanya negara ini.pak purbaya adalah orang yang mencari dan mengumpul uang dari masyarakat maka uruslah rakyat ini lebih baik dan bahagia bahagia,selamat bekerja dengan baik rakyat ada di belakang dan mendukung mu🎉😂",0,2025-11-09T22:52:49Z
At9u_bDYIe0,@mauritsjt8322,"Hajar pa Presiden dan pa Menkeu Purbaya...!! #Bersihkan Indonesia sekarang, supaya lebih cepat maju !!!",0,2025-11-09T15:03:19Z
At9u_bDYIe0,@saiful3056,Terlalu banyak pengkhianat negara yg menduduki jabatan akhirnya rakyat tetap miskin,0,2025-11-09T04:08:17Z
At9u_bDYIe0,@planetponsel1760,"Menteri gila jabatan, yg nangkap itu kan polri",0,2025-11-08T14:03:29Z
At9u_bDYIe0,@GumantiBatubara,"Sy Ahmad Gumanti Batubara, sejak dasar Pak.Jokowi mau jadi Peresiden tdk pernah memilih beliau, agar semua faham! Dan sy terpisah sampe sekarang dari anak2 sy 5 orang 2laki 3 prempuan. Mungkin juga gara2 politik kotor dan busuk mrk by.Agbar media.",0,2025-11-08T11:34:28Z
At9u_bDYIe0,@Haryanto-u9r,"Wa.... h, mafia koruptor jingkrak"" Lagi kalau Bapak Purbaya mundur, kayaknya presiden kita ini salah perhitungan dan menghidupkan lagi koruptor.",0,2025-11-08T08:57:11Z
At9u_bDYIe0,@TatitPrabowo-y5l,Penangkapan besar-besaran mana berani presiden ujung-ujungnya disogok,1,2025-11-08T02:04:05Z
At9u_bDYIe0,@ananjkt5720,"Pak Purbaya Yes, Prabowo No, Presiden omon-omon No Presiden boneka No Presiden pengecut No😂😂",1,2025-11-07T22:58:26Z
At9u_bDYIe0,@Sunarwan-xd1nv,"Demo hrusnya semi perang menuju ke oknom jangan di gedung mereka akan ngumpet ,spt sharoni ga ada juntung britanya sampe Skrang kepastiannya ?",0,2025-11-07T15:55:18Z
At9u_bDYIe0,@Sunarwan-xd1nv,"Sgera habisi para penjahat negara koruptor ,mafia sgala bentuk judi ,narkoba dsb nya ,seluruh rakyat hnya bisa berdoa ,karena takbpunya kapasitas ,walo ada yg pinterbdn brani melangkah ,",0,2025-11-07T15:52:45Z
At9u_bDYIe0,@PalupiBae,Bravo pak purbaya dn pak presiden prabowo,0,2025-11-07T14:22:18Z
At9u_bDYIe0,@NonaBelel,Uda ada bukti kerja Purbaya?? Yang mana?? Hanya omon omon..sama seperti Prabowo!!,0,2025-11-07T07:56:11Z
At9u_bDYIe0,@brillianadam4457,"Srimul dan termul mana bisa kayak begini 😂..... 
Emang babbikk kalian",0,2025-11-07T07:30:06Z
At9u_bDYIe0,@HamadiMadi-y8r,"Pak Mentri Purbaya, kok Pak cuma jadi Mentri keuangan sdh bagus kerjanya tiba - tiba Pak Mentri dngarnya tdk lagi di pakai Pak Persiden Prabowo....!",0,2025-11-07T06:49:45Z
At9u_bDYIe0,@Musinah123-q5s,"Kami doakan semoga presiden prabowo dgn waspres Gibran jga dgn Bpk purbaya Sadewa dlam lidungan Alloh subhana huwataala   jg semoga selamat jg sukses membratas korupsi di seluruh Indonesia semoga di kabulkan Alloh ,Amiin,",0,2025-11-07T04:11:43Z
At9u_bDYIe0,@zabriabubakar5982,BADUT lama diganti sama BADUT baru 😂😂😂😂😂😂😂🎉🎉🎉,1,2025-11-07T03:14:18Z
At9u_bDYIe0,@suhendardrs107,Sikaaat mafia penghianat,0,2025-11-07T01:06:01Z
At9u_bDYIe0,@Sulistyaningsih-pi5np,Mohon orang2 pintar bantu pak Purbaya...dlm penegaan negara,0,2025-11-06T23:26:00Z
At9u_bDYIe0,@MarbunBanjarnahor-v2l,Gimana BPK Purbaya kereta cepat korupsi lambat selesainya .,0,2025-11-06T19:50:34Z
At9u_bDYIe0,@suryafocus3242,Kapan nih rakyat Indonesia nepalkan para koruptor,0,2025-11-06T18:30:49Z
At9u_bDYIe0,@bllynz7133,Mantab pak pur... biar bekingan2 atau rentetan2nya... yg slundupkan bongkar smua❤❤❤,0,2025-11-06T16:32:02Z
At9u_bDYIe0,@nurachmadtjiptoprajitno3482,Utuk memnerantss korupsi tunggu presifen baru yg benar2 bersih dan mentri2 baru yg juga  bersih Krn klu skr tdk berani krn kena sandera  . MENGAOA? KRN PUNYA KASUS JUGA !!,0,2025-11-06T16:09:30Z
At9u_bDYIe0,@DjahrudinMzdiFacebookDarmakusu,Intuk menuju masyarakat yg adil dan Makmur : barang2 Import baju bekas ga usah dilarang  karena rakyat kecil masih membutuhkan itu !,0,2025-11-06T14:37:33Z
At9u_bDYIe0,@abdulmunif2534,Sudahlah dimatikan saja maling2 itu sambil mengurangi kepadstan penduduk indonesia.,0,2025-11-06T14:06:43Z
At9u_bDYIe0,@aguszaenal3793,"Basmi semua pak ,agar negara ini  sehat ,rakyat sejahtera",0,2025-11-06T13:53:41Z
At9u_bDYIe0,@HendoraHendri,GILA ... 10. 000 triliun  kerugian ... Hukum berat atau hukum mati lebih baik ...  Bikin Sakit hati,0,2025-11-06T13:40:12Z
At9u_bDYIe0,@rifindjainuri291,Hilangnya moral dan Ahlak menghilangkan akal sehat,0,2025-11-06T13:10:39Z
At9u_bDYIe0,@gustidarmudin1314,"Mohon Maaf Pak Presiden Prabowo n pk Purbaya mohon dianalisa lagi pernyataan Bapak utk Menggambil Alig Pembiayaan Woos, kalau masih menggunakan APBN itukan Uang Rakyat Juga kalau dari hasil rampasan uang korupsi itu kan juga uang rakyat, kami do'a kan bp Panjang Umur, kalau bp sudah tdak ada siapa lagi yg tulu yg mau membela rakyat kata Gusdur jangan sampai membuat Gusdur kecewa dialam Barzah Pak.😇😇😂😂😪🥲",0,2025-11-06T12:48:58Z
At9u_bDYIe0,@SuhartoHarto-z7e,MAAF BPK. PRESIDEN BENARKAH INGIN ME RESHUPLE PURBAYA. APA KIRA2 BPK. PRESIDEN DH ADA PENGGANTI PURBAYA YG LE BIH BERANI DR PURBAYA ??? PIKIRKAN MANA YG BNR DN MANA  YG MSH ABAL2. BAHASA INI BAHASA ORANG DESA MAAF.,0,2025-11-06T12:40:11Z
At9u_bDYIe0,@saursimanungkalit3661,"Ganti semua anggota DPR YANG TERLIBAT DAN TIDDAK BERFUNGSI SEBAGAI PENGAWASAN TERUTAMA BIDANG PERDAGANGAN DAN INDUSTRI TERUTAMA DENGAN SINGAPURA. SEBENARNYA, SIAPA PEMILIK KILANG DI SINGAPURA, JUGA INDOSAT DAN REGULASI UDARA. PERHATIAN KHUSU UNTUK SINGAPURA DAN MALAYSIA.",0,2025-11-06T09:10:58Z
At9u_bDYIe0,@saursimanungkalit3661,"Benar pak Ichsan, penggunaan AI dengan orang yang benar, sarat mutlak.buat undang undang baru yang bisa memecat setiap ANS yang terlibat dan dengan pemiskinan.",0,2025-11-06T09:05:14Z
At9u_bDYIe0,@BintangRustandi,Utah  s bahongiblis jokowi moga maga cepet  s tangkap atlas kebijakannua,0,2025-11-06T08:47:37Z
At9u_bDYIe0,@VictorLondongallo,"Di negeri ini,negeri surga para mafia2 di semua lini sdh di kuasai para bandit2 mafia, baik di sektor sepak bola,pajak,bumn, perbsnkanyg tentunya berkolaborasi dgn oknum baik di aparat penegak hukum,dan oknumnya di tiap2 lembaga yg terkait,oleh karenanya rakyat menaruh hrpn kepada yth presiden bp Prabowo Subianto & menteri keuangan bp Purbaya Yudhi  Sadewa beserta jajarannya yg masih punya integrasi tinggi terhadap bangsa dan negara Indonesia",0,2025-11-06T07:58:04Z
At9u_bDYIe0,@EdiNur-sz8ps,"Bisa di .iskin pak , mereka bukan pemain baru ,tapi sudah kaya lama ,  punya modus dzn trik yang sangat lihai",0,2025-11-06T06:08:39Z
At9u_bDYIe0,@youabc9017,Itu kalau Mentri turun ke lapangan pasti ada yang di temukan lain dari pada Mentri yang hanya duduk di kantor ber Ace.teruskan perjunganmu bersama Rakyat.,0,2025-11-06T04:13:06Z
At9u_bDYIe0,@arazakelly8262,Kalau aku sih lebih baik Pa Purbaya saja yang jadi Presiden ganti Prabowo Pa Prabowo udah ketahuan kurang akalnya,0,2025-11-06T02:19:59Z
At9u_bDYIe0,@Senggoro-h9n5y,Segala bentuk kejahatan di Negeri ini semakin menjadi jadi karena peluang yang dirangsang oleh kondisi internal dari Aparat. Jadi bersih bersih  mereka tksh,0,2025-11-06T00:26:17Z
At9u_bDYIe0,@rusdiaffandi8046,Menyedihkan....justru Prabowo sekarang yang berbalik arah....miris.,0,2025-11-05T21:42:06Z
At9u_bDYIe0,@KafiUsis,"Bahlil parah,pecaaAAAAT",0,2025-11-05T18:40:49Z
At9u_bDYIe0,@EndroSuhartoyo,Korupsi sudah mengakar dari dahulu cuma atau hanya dibiarkan saja sama pemerintah mungkin saja banyak sekali oknum2 bermuka dua,0,2025-11-05T17:02:49Z
At9u_bDYIe0,@lurahdaud7455,Tolong sekalian Gapoktan seluruh indra mayu belum pernah di bagikan sama petani dari semenjak ada Gapoktan tolong sekalian di usut,0,2025-11-05T17:01:02Z
At9u_bDYIe0,@monmaxwitnaojulgri6032,Kalo problem inti masalah di human capital alias SDM maka bisa dgn mudah diganti robot atau AI dan camera CCTV gak perlu lagi ada campur tangan manusia biar data realnya gak bs lagi diobok2 atau dimanipulasi 😅😂,1,2025-11-05T16:58:07Z
At9u_bDYIe0,@Tasripsamangka-rl5rv,"Cuman abis di omon omon 😂😂😂 ,,,sampe habis masa jabatan korupsi jalan terus ,,,, 😂😂😂 begitu dan seterusnya ,,,,sampai sampai  presiden yg akan datang  begitu terus ceritanya bersambung ,,,, 😂😂😂😂😂",0,2025-11-05T15:51:33Z
At9u_bDYIe0,@Risusu1,"Barang barang dari China yg tidak bayar chukai ayo semua di bongkar paling banyak di beacukai ,pak purbaya",0,2025-11-05T15:37:15Z
At9u_bDYIe0,@DeraculMihawk-b8j,"Kadrun2 perusak peradaban. Sudah terjadi dari abad ke 6.. smuanya mengalami kemunduran, Indonesia sedang berproses ke dalam kebinasaan sejak kadrun berkuasa di Majapahit dan memulai peperangan, dan membinasakan majapahit.. Indonesia OTW sebentar lagi.",0,2025-11-05T15:03:09Z
At9u_bDYIe0,@Sutrisno62-b5i,Koruptor blanja barang bend,0,2025-11-05T14:03:17Z
At9u_bDYIe0,@EllySulis-i6i,Ayook wahai pejabat yg jujur bantu Purbaya perbaiki negri ini. Saat kalian muncul gk usa takut persiden mendukung kalian.,0,2025-11-05T10:07:47Z
At9u_bDYIe0,@muhamadhamid1960,Bisa bayar utang dong,0,2025-11-05T09:19:09Z
At9u_bDYIe0,@UparSibarani,"Tambang seenaknya saja beroperasi, Rakyat gali tanah urug dituntut harus punya sertifikat GALIAN ""C'. BIAYA buat 2rts JT rph. Durasi 2thn???",0,2025-11-05T09:13:09Z
At9u_bDYIe0,@tatangpermana6101,Jangan keroyo menteri Purbaya .....bela purbaya ....asset masyarakat Indonesia,0,2025-11-05T04:42:59Z
At9u_bDYIe0,@tatangpermana6101,Menteri purbaya  asset masyarakat/rakyat dan negara Indonesia ....save purbaya,0,2025-11-05T04:41:10Z
At9u_bDYIe0,@tatangpermana6101,Presiden Prabowo Subianto jgn pasang badan  dalam kasus whooosh ....tegakan hukum  se adil adil nya ......jgn copott taring  menteri purbaya,0,2025-11-05T04:40:01Z
At9u_bDYIe0,@budipranoto7489,"SARAN saja HAL yg BERANI dari PRESIDEN hendaknya juga diLAKUKAN dgn REFORMASI di BIDANG PENEGAKAN HUKUMnya dgn MENGGANTI/MEMPESIUNKAN semua TINGKAT JABATAN PENTING di KEPOLISIAN, KEHIKIMAN, BPK dan KEJAKSAAN. Ganti yg FRESH dari AKADEMInya masing2 dgn TANDA TANGSN KONTRAK KERJA yg jelas, tegas dan profesional.",0,2025-11-05T03:46:49Z
At9u_bDYIe0,@GitoGitojoyo,"Sang presiden , tolong  cari bp seperti ini 9lagi pak  terus seperti p,Amran  hrs ditambah 9 lagi  pak prabowo , pak jaksa agung ,9 lagi pak , indonesia siap maju pesat 1th lagi past ada hasilnya ndak usah 5th. Menunggu , siap 🙏",0,2025-11-05T02:45:17Z
At9u_bDYIe0,@LaluNursaid-l4f5n,Mudahan target Purbaya eko tumbuh 8%,0,2025-11-05T01:47:17Z
At9u_bDYIe0,@elisolihat2904,"Terus bongkar Pa Menkeu ini penting untuk Rakyat dan negara , semoga di mudahkan",0,2025-11-05T00:31:17Z
At9u_bDYIe0,@WandiJamil-s7b,"Presiden harus punya keberanian untuk mengamputasi anggota tubuh nya.untuk menjalani hidup sehat , anggota tubuh myang hilang bisa di ganti dengan imitasi yang menyerupai aslinya.
Dibanding dengan tubuh utuh akan tetapi merasakan sakit dan tidak bisa berkarya untuk kesejahteraan bangsa.l",0,2025-11-04T23:57:01Z
At9u_bDYIe0,@abrohamabroham2190,Omon omon doang...,0,2025-11-04T23:30:14Z
At9u_bDYIe0,@albais2475,"Mental pegawai sudah Rusak dan lindungi Menkeu lama  , sekarang Menkeu  memekak Hukum lurus dan baik  Rakyat Indonesia dukung bersama.",0,2025-11-04T23:07:56Z
At9u_bDYIe0,@vincensiusmarbun3750,Bahasanya jelas.mudah dimengerti,0,2025-11-04T13:59:26Z
At9u_bDYIe0,@dinnuriduasatu6302,"Bismillah 
Allah melindungi beliau Bapak Purbaya Yudhi Sadewa dari orang orang jahat di NKRI ini .
Dinnuri yakin insya Allah rakyat Indonesia banyak yang berdo'a untuk beliau bapak Purbaya Yudhi Sadewa, tetap semangat membongkar kebohongan dan Tidak kejujuran Yang dipelihara semenjak saya tau 1985 sampai sekarang ini.
Allahumma Sholli'alla Sayidina Muhammad Waallaaliihi sayyidina Muhammad",1,2025-11-04T12:58:08Z
At9u_bDYIe0,@KusKuswara-w6t,"Purabaya  pemberani  melawan arus yang  sangat dahsyat  yak sudah menjadi budaya  koruptor   R I  ini,",0,2025-11-04T09:53:52Z
At9u_bDYIe0,@AhmadiJgy,"Pak prabowo realisasikan memilih Menteri yg punya moral terbaik s/d jajaran dirjen anak2 bangsa terbaik yg punya kemampuan mewujudkan pembangunan ekonomi bangsa, perbaiki Sistem menyeluruh dijajaran. Kementerian sampai ke daerah, dng menempatkan pengawasan scr efektive. Spy sasaran n tujuan dpt diwujudkan dng baik, kebocoran dpt ditekan. Termasuk yg menjadi pemikiran dlm diskusi ini ❤",0,2025-11-04T06:04:03Z
At9u_bDYIe0,@yuyunarumsari5756,"Bersatulah rakyat,yg cinta negri ini,dukung pk.purbaya berantas semya yg merugikan rakyat.",0,2025-11-04T03:35:32Z
At9u_bDYIe0,@TravelPesona,Biasa nya tikus2 koruptor ketawa2 enak.  Sekarang semenjak Bpk purbaya menkeu. Tikus2 berdasi di buat gelisah siap2 bui menanti anda anak dan istri anda ketawa2 di luar dan istri anda bisa stres di luar,0,2025-11-04T03:04:58Z
At9u_bDYIe0,@nilacahyani3358,To.liyat.rayat.idonesa.dan.juga.mediya.cobak.anda.seri.².tayakan.pejabat...yg..korup.di.tayakan.sesering.mukin...oke😅😅😅😅😅😅😅😅😅😅😅😅😅😅,0,2025-11-04T02:34:12Z
At9u_bDYIe0,@aminamin6703,80 tahun usia kemerdekaan negara kemana sebenarnya arah perekonomian negara ini? Apakah sudah sesuai harapan para pendiri bangsa?,0,2025-11-04T01:53:20Z
At9u_bDYIe0,@Ar_Rayyan_Eyes,"Textile Indonesia belum mampu menyaingi qualitas, design, materials pakaian bekas, kalau pun mereka mampu pasti harganya selangit, yang perlu di berantas itu pakaian"" muslim , masa pakaian wanita pria muslim harus import dari china . Santai, jangan panik grebak-grebuk mengambil keputusan. Alon"" asal klakon. Di Amerika, Australia saja ada pakaian bekas.",0,2025-11-04T01:26:42Z
At9u_bDYIe0,@shofwanhady1778,"Korupsi di sektor belanja parah, tapi tidak ada apa2nya dibanding korupsi di SEKTOR PENDAPATAN. Dari urusan ekspor impor sampai dengan toko2 yang bikin pembukuan ganda bekerjasama dengan oknum petugas pajak.",0,2025-11-04T01:12:40Z
At9u_bDYIe0,@ReniYunianingsih-n9c,Semoga Alloh selalu melindungi orang orang yang baik dan jujur demi kemakmuran dan kesejahteraan rakyat. Ya Alloh lindungi yng pejabat yang jujur untuk Indonesia lebih baik dan maju.,0,2025-11-04T00:00:24Z
At9u_bDYIe0,@upaylutfianahsubagio9059,"Kalo ada faktor human error dari bea cukai dan pajaknya kalo gitu, ganti kan saja dengan program magang yang sedang dilakukan, pelan pelan gantikan mereka yang nakal dengan pegawai magang tersebut. Memang kudu diganti tuh semua pejabat nakal para ASN yg biasa korupsi baik di kementerian maupun di pemerintahan daerah.",0,2025-11-03T22:19:34Z
At9u_bDYIe0,@HabibaHabibah-w3f,"Mulai ada freming2 buruk2 ttg.pak Pur.
Waspai dan jaga beliau...
😢😢",0,2025-11-03T22:07:02Z
At9u_bDYIe0,@HabibaHabibah-w3f,"Mulai ada freming2 buruk2 ttg.pak Pur.
Waspai dan jaga beliau...
😢😢",0,2025-11-03T22:06:38Z
At9u_bDYIe0,@munindarkpri8092,Mantap....menuju... kemakmuran rakyat....❤❤❤❤❤,0,2025-11-03T21:24:16Z
At9u_bDYIe0,@sofyansyuhada2294,Si ihsan ngapain di situ? Sok paling pinter. Otaknya udah ga dipake negara. Politik mulu.,0,2025-11-03T19:37:06Z
At9u_bDYIe0,@AtarFikri,Bongkar semua pak mafia mafia penggelapan uang rakyat dan negara,0,2025-11-03T17:02:53Z
At9u_bDYIe0,@tobanaibaho,KPK..kepolisian yang seharusnya.. yang bertugas mengamankan kerugian negara..mandul justru justru tidak berfungsi.. sama sekali... Bubar kan saja.. KPK../kinerja nya tidak ada,0,2025-11-03T16:10:36Z
At9u_bDYIe0,@GoogleAkun-i1l,"Gila beneeeeeer semenjak pemerintahan jokowi negara di rugikan sampe ribuan teiliun
Pengabdi jokowi gmn menurut kalian",0,2025-11-03T15:53:25Z
At9u_bDYIe0,@JokoSetiabudi-d8r,"Jangan hanya baju bekas,banyak mobil bekas dll masuk di Indonesia😅😮",0,2025-11-03T15:12:23Z
At9u_bDYIe0,@sakiyo785,Tingkatkan upah para buruh dan petani agar mereka mampu membeli baju yang baru setiap 3 bulan sekali seperti Singapura sehingga mereka tidak lagi membeli pakaian bekas.. Kenapa rakyat beli barang bekas karena rakyat kurang mampu beli barang baru karena gak cukup duitnya beli yang baru.. Saya mendukung segala macam kejahatan mafia.. Tapi semestinya perbaiki dulu segala macam ketimpangan ekonomi rakyat yang sempai saat ini pemerintah belum bisa mensejahterakan hidup rakyatnya sendiri.. Salam buat kemajuan Rakyat semua..,0,2025-11-03T14:40:25Z
At9u_bDYIe0,@GazaAlAqsha,Alhamdulilh lanjut kn,0,2025-11-03T14:20:02Z
At9u_bDYIe0,@Subagja-d2z,Kalau saya setuju nama mafia di ganti aja  namanya  ;  maling / garong . Biar masyarakat pada tau,0,2025-11-03T13:51:42Z
At9u_bDYIe0,@namuratechnik8246,"Hutang riba ke IMF,80 Tahun merdeka rakyat dipajaki sampai mati.
Rakyat dijadikan ,sapi perah.
Mafia pencuri nilai uang.",0,2025-11-03T13:49:25Z
At9u_bDYIe0,@TatangSumirat-r6j,"Yg dimainkan bukan hanya export import, tapi juga pajak pendapatan, pph.
Utk mengelabui, penghindaran pajak banyak wajib banyak yg minta bantuan ordal pajak.",0,2025-11-03T13:46:04Z
At9u_bDYIe0,@Caxmin,Gassss,0,2025-11-03T13:02:55Z
At9u_bDYIe0,@toksengat8588,PRABOWO PURBAYA LWN MAFIA TOYOL LIHAT SAPA MENANG KALAH,0,2025-11-03T12:06:00Z
At9u_bDYIe0,@mutiahasyim7003,"Selamatkan Harta Milik Negara kita , tambang tambang di Sulawesi juga di Wilayah wilayah lain nya  en usir para ilegal pekerja asing lah demi kemak.uran Rakyat 
Indonesia....",0,2025-11-03T09:48:50Z
At9u_bDYIe0,@kelanadewabrata2138,"Knp tdk MUNGKIN pak FUAD ❓️

Selagi msh d dunia ya mungkin sj,  liat j cina, yg salah lsg eksekusi...dorr",1,2025-11-03T09:12:43Z
At9u_bDYIe0,@BowoAmur-y7k,"Ini sayang ku cinta ku pembagian"" setelah  Perkalian"" dalam Administrasi  Perbankan"" Nasional, Multinasional Regional, dan Amerika Serikat dan Uni Europa 😎🙏Demikian&Terimakasih",0,2025-11-03T07:08:53Z
At9u_bDYIe0,@basukibasuki9342,Kasian para Pensiunan sampai sekarang blm cair menunggu 2 mkh,0,2025-11-03T06:39:46Z
At9u_bDYIe0,@YohanesSuwartana,Purbaya manusia paling gila lanjut terus rakyat ada di sampingmu sapu bersih koruptor/mafia besar😍🥰💪💪hancurkan mafia faktur import/penipiu,0,2025-11-03T06:36:50Z
At9u_bDYIe0,@oklah5928,"Ayo semua rakyat kecil kita bersatu untuk mendukung pemerintah dalam memberantas koruptor, ❤",12,2025-11-03T06:15:09Z
At9u_bDYIe0,@mjmu1707,Sengaja..mahu bikin tipu,0,2025-11-03T05:35:48Z
At9u_bDYIe0,@hendrikusminggu1525,"Dibidang keuangan Bapak Purbaya orang kedua di Indonesia, selain Bapak Presiden. Jangan ragu demi kemajuan Indonesia pertahankan kebenaran. Topi kaboy kebenaran menancap terus.",0,2025-11-03T04:27:03Z
At9u_bDYIe0,@mohammadmohtarom8401,"PEMBERANTASAN KORUPSI MASIH DIRAGUKAN, KALO MELIHAT NUNJUKKAN IJAZAH BEKAS PRESIDEN SAJA TIDAK BISA, PADAHAL SIDANG IJAZAH SUDAH BEBERAPA KALI TAPI SAMPAI SEKARANG BELUM BISA.
HUKUM DI GEMBOSI OLEH KORUPTOR DUNIA LICIK.",0,2025-11-03T03:59:02Z
At9u_bDYIe0,@mohammadmohtarom8401,"HARUS SEGERA DISERET KEPENGADILAN KORUPTOR DUNIA LICIK RAKUS TAK PUNYA MALU.
DIA INGIN INDONESIA HANCUR. 
Indonesia hancur PKI muncul.",0,2025-11-03T03:40:21Z
At9u_bDYIe0,@Bombvlog,Yg kepanasan sama Purbaya pasti ada andil dlm korupsi,0,2025-11-03T03:10:01Z
At9u_bDYIe0,@Bombvlog,"Asal Presiden tdk merasa kalah elektabilitas, Purbaya akan menyala terus",0,2025-11-03T02:53:22Z
At9u_bDYIe0,@YoungFa-x6q,"Luhut Binsar Panjaitan....???
Perlu di curigai....!!!
OCCRP gak salah... Jokowi terkorup rangking 3 dunia",0,2025-11-03T02:51:24Z
At9u_bDYIe0,@kangjujur8972,"Jadi benar dong kata pak jokowi, ada daftar 11rb triliun uang panas 😂😂 pantesan saja didemo sana sini,,,",0,2025-11-03T02:51:05Z
At9u_bDYIe0,@hasbysisdanil7450,Klw ingin tercapai NKRI menjadi negara bangsa maju besar disegani negara luar n rakyat sejahtera sampai Ahir jaman  segala bentuk korupsi manipulasi markup disegala bidang sektor n lembaga harus dihapus dihilangkan dgn aturan hukum yg tegas positip kembalikan aset koruptor n yg lainya manfaatkan utk Kep negara n rakyat   pengampunan nasional dr rakyat mungkin bisa diterima tetapi UUD perampasan aset penting dibahas n disahkan hny UU ini yg bisa menjadi pagar betis yg kuat utk menekan bahkan menghilangkan budaya korupsi markup manipulasi dsbgnya. Hayo tobat nasional pr pejabat para wakil rakyat pr ketua parpol pr oligarki. Nasibmu di ujung rakyat. Pdhl kamu diangkat rakyat tp menyengsarakan rakyat. ❤❤❤. Siapa yg gak setuju.,0,2025-11-03T02:34:11Z
At9u_bDYIe0,@OppoA18-lk3cl,"Tak mungkin itu terjadi, karna indonesia tak luput dari koruptor hayalan gak usah banyak2",0,2025-11-03T02:29:31Z
At9u_bDYIe0,@JonoTarjono-w6c,Perabowopresiden omon omon t sesuai dngn janji janji ny disaat kampanye bukan mensejahtrakn pensiunan TPI mengsengsarakn  percuma kami  kluarga besar pensiunan dseluruh indonesia ini mndukung kamu  trnyata kamu bnyak omon omon,0,2025-11-03T01:27:41Z
At9u_bDYIe0,@Dnnnnnn4,Yth. Pak Prabowo negara butuh 7 orang sekelas Yth. Pak Purbaya.,0,2025-11-03T01:20:43Z
At9u_bDYIe0,@dwiekarsih4411,Ya Allah lindungi mrk yg membela kebenaran ...hancur kan mrk yg zholim Aamiin y rahman,1,2025-11-03T00:47:04Z
At9u_bDYIe0,@bambangwidjanarko2317,Bea cukai koq gak kapok2 ?. Mungkin perlu dipertimbangkan memakaii sistem psi seperti jaman pak Harto dulu .,0,2025-11-03T00:33:48Z
At9u_bDYIe0,@wahyun9045,"Pak Purbaya, Pak President, jangan banyak omong didepan, nanti bos mafianya keburu kabur duluan , juga uangnya sdh di pindahkan  dulu oleh ybs, misalnya sprt kejaksaan bilang bbrp minggu didepan  mau menangkap mafia minyak , akhirnya dia sdh kabur dulu. Jadi operasi lah dgn senyap, tangkap mafia   ya, ambil uangnya untuk negara dan umumkan kepublik.
Sama dengan koruptor,   Ari 2 bukti, , tangkap, rampas hartanya utk negara. Hukum.",0,2025-11-03T00:24:23Z
At9u_bDYIe0,@jetbusdriver,Aku siap mati demi mendukung bapak prabowo dan bapak purbaya,0,2025-11-02T22:20:27Z
At9u_bDYIe0,@MuhastrianasAnas,"Yang membuat kaya raya negara lain semua hasil bumi Indonesia dari tambang batu bara, nikel timah, aspal, boksit. Semua di jual ke luar negeri tidak melalui pajak karena mereka kerja sama juga dengan orang-orang biacukai dan pintar nya mengelabui pemerintah dan rakyat menaikkan dan pura-pura menjalankan tugasnya mencekik rakyat tetapi yang di atas kerja sama melegalkan semua bunuh semua itu mafia merugikan negara.",0,2025-11-02T20:46:14Z
At9u_bDYIe0,@MuhastrianasAnas,Kalau mafia tambang tidak jauh itu. Ada juga di dekat pemerintah. Jadi mentri.,0,2025-11-02T20:34:58Z
At9u_bDYIe0,@MuhastrianasAnas,Kalau mafia tambang tidak jauh itu. Ada juga di dekat pemerintah. Jadi mentri.,0,2025-11-02T20:34:42Z
At9u_bDYIe0,@KosasihAhmad-c8p,"MARI SEMUE KOMPAK BERTOBAT SEMUE DEMI ALLOH SUBHANAHU WATAALLAH MAHA KASIH SAYANG DAN WAJIB BERANI KOMPAK SEMUE MEMBELA BANGSA RAKYAT INDONESIA MAKMUR EMAS DAN WAJIB BERANI KOMPAK SEMUE MEMBELA KEJUJURAN KEADILAN CERDAS KUAT DAN WAJIB BERANI KOMPAK MEMBELA BANGSA RAKYAT INDONESIA MAKMUR EMAS MAJU SEGALA BIDANG DAN WAJIB BERANI KOMPAK SEMUE MEMBELA KEJUJURAN KEADILAN CERDAS KUAT DAN WAJIB BERANI KOMPAK SEMUE MEMBELA BANGSA RAKYAT INDONESIA MAKMUR EMAS DAN DAPAT RIDHO NYA AAMIIN TAKBIRRR ALLOHU AKBARRR INSYAALLOH ALHAMDULILLAH ALLOHUMMA SOLI ALA MUHAMMAD WAALA ALIH MUHAMMAD 
DAN WAJIB BERANI KOMPAK SEMUE MEMBELA KEJUJURAN KEADILAN CERDAS KUAT IMAN DAN TAQWA DAN WAJIB BERANI KOMPAK SEMUE MEMBELA BANGSA RAKYAT INDONESIA MAKMUR EMAS DAN DAPAT RIDHO NYA AAMIIN AMANAH SIDIQ FATHONAH TABLIGH DAN DAPAT RIDHO NYA AAMIIN TAKBIRRR ALLOHU AKBARRR INSYAALLOH ALHAMDULILLAH ALLOHUMMA SOLI ALA MUHAMMAD WAALA ALIH MUHAMMAD 
DAN CINTA DAMAI SEJAHTERA SELALU DIDUNIA DAN DI AKHIRAT KELAK BERKAH SELALU AAMIIN TAKBIRRR ALLOHU AKBARRR INSYAALLOH ALHAMDULILLAH ALLOHUMMA SOLI ALA MUHAMMAD WAALA ALIH MUHAMMAD 

HORMAT KAMI 
SELURUH BANGSA RAKYAT INDONESIA MAKMUR EMAS DAN DAPAT RIDHO NYA AAMIIN TAKBIRRR ALLOHU AKBARRR INSYAALLOH ALHAMDULILLAH ALLOHUMMA SOLI ALA MUHAMMAD WAALA ALIH MUHAMMAD",1,2025-11-02T17:58:49Z
At9u_bDYIe0,@JamaludinBalkri,"Rakyat siap membela presiden Prabowo / Mentri keu Purbaya . ,( hidup Prabowo , hidup Purbaya ) sikat semua koruptor dan hartanya .",0,2025-11-02T17:37:45Z
At9u_bDYIe0,@Jk-pu6mj,Indonesia sudah kronis😊😊😊😊😊,0,2025-11-02T16:38:20Z
At9u_bDYIe0,@EriYuletra,"Demi RAKYAT sejahtera...kami akan menyeruduk mereka yang mamakan duit RAKYAT..
Lindungin pak Pur... ya Robb",0,2025-11-02T16:21:21Z
At9u_bDYIe0,@ArdianosSauri,Parah jokowi 10 tahun cuman hancurin indonesia,0,2025-11-02T14:03:12Z
At9u_bDYIe0,@Tahyat11,"Yakinlah Allah kan melindungi Menkeu Pa Purbaya, selamat, sehat demi Rakyat Indonesia",2,2025-11-02T13:48:11Z
At9u_bDYIe0,@alexiusgampar8513,"Ngeri Cok, gak heran klo Papua dan aceh minta merdeka, kelaparan dimana2, pengangguran melimpah ruah, angka kemiskinan terus melonjak. Masih banyak yg TDK mampu akses ke dunia pendidikan",0,2025-11-02T11:46:47Z
At9u_bDYIe0,@Ssstro,Berarti mentri keuangan sri mulyani itu blooon teramat blooooon,0,2025-11-02T11:14:42Z
At9u_bDYIe0,@user-hh7qo9ji9p,"❤ sikat pa Prabowo jangan omon omon , rakyat Indonesia mendukung bpa, bila perlu rakyat yg bergerak",0,2025-11-02T10:35:52Z
At9u_bDYIe0,@muajahidinbjm7853,Kuncinya petugas  bea cukai lpangan  dan petingginya  klau keduanya jujur  kaya neggara kita.   .80%   orang kita demen barang impor,0,2025-11-02T10:00:58Z
At9u_bDYIe0,@rsislamibnusinabukittinggi6775,Purbaya teman rakyat 🇮🇩🇮🇩🇮🇩🇮🇩🇮🇩🇮🇩🇮🇩🇮🇩🇮🇩🇮🇩❤❤❤❤❤❤❤❤❤❤❤❤❤,0,2025-11-02T07:32:11Z
At9u_bDYIe0,@MagribilIrsyad,Barang dari rakyat 5 Rp di impor 10 Rp kenyataan diatas kertas keluar 15rp kertas di dalam 10rb yg untung tanpa keluar keringat itu org org yang pasti di ketahui penguasa,0,2025-11-02T07:24:08Z
At9u_bDYIe0,@DwiBudi-u2h,Ekonomi yg sudah amburadul atas mafia kehadiran Menkeu yg skrng membawa angin pencerahan kedepan nya .,0,2025-11-02T04:41:30Z
At9u_bDYIe0,@MuhIdris-pm4cc,"Bukan cuman baju bekas, semua keadaan imfor ekspor",0,2025-11-02T04:39:29Z
At9u_bDYIe0,@MuhIdris-pm4cc,Sekarang ditangkap jangan hanya diancam. Supaya rakyat percaya kepada pemerintah,0,2025-11-02T04:21:33Z
At9u_bDYIe0,@NabilaAzzahra-e6l,Bagus pak prabowo tangkap saja mafia,0,2025-11-02T02:28:43Z
At9u_bDYIe0,@zainalaripinaripin2103,Suda bisa bikin jalan tol di semua pulau di indonesia,0,2025-11-01T18:57:12Z
At9u_bDYIe0,@ekosumaryanto5029,"Herannya kenapa dari dulu kok dibiarkan ..... ?? Semua pada tutup mata , hal yg sudah jelas , semua pura pura tidak tahu , apa terlalu pinter di SDM",0,2025-11-01T18:06:01Z
At9u_bDYIe0,@hijrahsaputra5123,"Aduh untuk menjadi Mentri,bukan sedikit duit yg harus di STOR,kalo gak boleh korupsi gimana mengemblikan uang yg sudah di keluarkan untuk jadi Mentri",1,2025-11-01T17:19:49Z
At9u_bDYIe0,@hijrahsaputra5123,"Hhhhh Prabowo baru di Lantik aja sudah bicara ,jangan mengadili Jokowi karena mantan presiden hhhh",1,2025-11-01T17:07:57Z
At9u_bDYIe0,@YuliNarti-k4z,Pak Purbaya adalah pahlawan besar bagi rakyat Indonesia 👍🙏  Abrorry adams di Lampung,4,2025-11-01T15:45:04Z
At9u_bDYIe0,@YuliNarti-k4z,"Pak Ikhsanudin Noorsy ekonom yang jenius  , saya sudah lama mengenal beliau , dan saya sangat berharap pak Noorsy di angkat menjadi menteri perekonomian . Saya Abrorry adams di Lampung",1,2025-11-01T15:42:41Z
At9u_bDYIe0,@luckysutardjo5573,"Sepertinya KPK bisa masuk utk penyelidikan, karena diduga para oknum tlh melakukan penggelapan pajak masuk yg seharusnya utk negara dan biar jadi efek jera bagi yg mau coba2 demi bersih2 bangsa ini kedepan 😭",1,2025-11-01T13:35:26Z
At9u_bDYIe0,@SuDi-r8h,Sudah saatnya diberlakukan para mafia Expor Impor yang di lakukan penjabat atau siapun bajingan bajingan ini yaitu hukuman mati karna mereka itu penghianat negara.,0,2025-11-01T13:24:27Z
At9u_bDYIe0,@RahmiYarni,Ayo masyarakat Indonesia kita doakan dan dukung p menkeu,0,2025-11-01T13:19:54Z
At9u_bDYIe0,@RahmiYarni,"Maju terus Pak Purbaya ,doa kami utkmu spy sehat dan kuat dlm menjalankan tugas.
Rakyat menumpangkan harapan kpd bpk agar Indonesia bersih dr korupsi dan rakyat sejahtera sesuai amanat UUD 1945.
❤❤❤",0,2025-11-01T13:19:07Z
At9u_bDYIe0,@nirmalashapira,Cuma Paus Yang bisa bikin gitu,0,2025-11-01T13:18:33Z
At9u_bDYIe0,@insanhasan637,Apakah kasus bensin oplosan ada hubungannya dengan over invoicing.. 😂😂 bener bener yeee,0,2025-11-01T12:39:39Z
At9u_bDYIe0,@eddycaramanlis7530,"Mbok Sri ngapain aja kerja nya..ga ada gebrakan..
Tiap ngomong Defisit2 trus",0,2025-11-01T12:30:04Z
At9u_bDYIe0,@AriKuncoro-u7u,Perpres yg sudah ditandatangani Bapak Presiden  no.79 fh.2025 perlu diproses juga Pak Purbaya jangan dibiarkan kapan di implementasikan kepada pendukung NKRI ini ?  ASN / TNI /POLRI / dan PENSIUNAN  ini juga kelompok pendukung setia   dalam mendukung kinerja Bapak dalam mencapai pertumbuhan ekonomi yg diharapkan oleh pemerintah  sampai 6  persen sukur bisa lebih,0,2025-11-01T12:25:42Z
At9u_bDYIe0,@ZaenalArifin-ef7qx,Pasti bisa. Kslau pejabat yg dicurigai di pecat semua,0,2025-11-01T12:18:53Z
At9u_bDYIe0,@QoirulHuda-yb1mk,Sip,0,2025-11-01T12:00:44Z
At9u_bDYIe0,@ImranImron-vf1fp,"Yg perlu di jaga / dikawal itu keluarga Purbaya bukan Gibran .
Kalau Gibran aman karena dia bagian keluarga mafia .",0,2025-11-01T11:39:29Z
At9u_bDYIe0,@ruhenryhen1826,ternyata luar biasa korupsi di Negara ini,0,2025-11-01T11:32:08Z
At9u_bDYIe0,@SyapaRudin-v9h,❤❤❤❤🎉🎉🎉🎉,1,2025-11-01T11:18:04Z
At9u_bDYIe0,@nuryono6939,Dari tahun 90 an bea cukai sudah korup,0,2025-11-01T10:19:25Z
At9u_bDYIe0,@AndiWibisono-n3v,Dulu pak Prabowo bilang kebocoran 11.000 triliun ditertawakan sekarang terbukti,0,2025-11-01T10:11:41Z
At9u_bDYIe0,@anosutrisno6766,Prabowo Purbaya layak jadi PRESIDEN - WAPRES.. untuk menuju INDONESIA MAJU ADIL MAKMUR DAN SEJAHTERA.,0,2025-11-01T10:04:10Z
At9u_bDYIe0,@hasyimnur4598,semua masyarakat sangat berharap dn berdoa semoga negri ini bisa lepas dari cengkeraman koruptor dn mafia . .apanunggu negri ini bangkrut . .? ❤❤😢😮😢❤❤,0,2025-11-01T09:18:10Z
At9u_bDYIe0,@RealmeC-sw5qh,Omon2 aj BPK presiden ku jangan lemah jangan tebang pilih pak kalou sama penghianat negara.yg ngerampok dan ngerusak idiologi bangsa Indonesia hukum mati buat penghianat negara,0,2025-11-01T07:30:07Z
At9u_bDYIe0,@LondoneNikeArdilla,"Penjahat-penjahat berkedok pejabat pemerintah di Indonesia dan pihak-pihak luar negeri Indonesia yang berkaitan benar-benar harus di eksekusi mati, sebagian dipenjara dan menerima siksaan akibat kejahatan-kejahatan kemanusiaan yang mereka lakukan; kebohongan keluarga, kejahatan fitnah pelanggaran hukum kedaulatan wilayah hak milik, kejahatan kriminal, seperti orang-orang yang selama ini maling menguasai harta benda hak milik (modal banyak uang) dari Nike Ardilla (asli) Ibu kandung yang melahirkan saya (yang tulis pesan ini).
Nama lengkap asli (Andi Oktavian) 24-10-1993.
Nama samaran AndiLondoneNikeArdilla.

Aparat penegak hukum dan keamanan tentara militer perang yang berjiwa normal harus memerangi mereka; pelaku-pelaku pelanggaran hukum internasional (Hak Asasi Manusia) kejahatan kriminal.",0,2025-11-01T07:13:01Z
At9u_bDYIe0,@terdepan-ih8vz,Miskin kn bener para pencuri ini....negara tak butuh orang orang ini,0,2025-11-01T06:52:46Z
At9u_bDYIe0,@rahmatmauludin6702,Yg pasti wakil2 rakyat alias anggota DPR era 2014 - 2019 dan 2019 - 2024 mereka tdk bekerja dgn baik dgn tugasnya mengawasi eksekutif. bisa jadi sebaliknya anggota2 DPR terlibat bahkan memeras eksekutif yg melanggar hukum tutup mata petugas pajak dan bea cukai asal kebagian setoran....!,0,2025-11-01T06:46:51Z
At9u_bDYIe0,@karman67okgamanharapanmasa63,"Lebih baik lacak dulu para korupsi dari Jokowi dan para pejbtnya ,yg mn korupsi besar besaran yg mn uang disimpen di banget dan di cuci di artis artis seperti Rafi ,dan artis artis yg lain lacak dulu uang rakyt yg dikorup dimasa pemerintahan Jokowi ,pejbtnya sudh dipastikan korupsi bersama sama",0,2025-11-01T06:17:51Z
At9u_bDYIe0,@fadeli8931,"Bravo Pa Pur, Menkeu yg berani, jujur. Bersama Pa Burhanudin, JA, sikat terus mafia tambang, koruptor, Rakyat bersama Pa Bowo ❤ Bapak bertiga..",0,2025-11-01T06:15:01Z
At9u_bDYIe0,@paksaudi6782,10.000.T bisa melunasi hutang negara NKRI. Lanjut kan BPK menkeu RI bersama presiden RI BPK Prabowo SMG lancar & sukses dlm tugasnya.,0,2025-11-01T06:07:41Z
At9u_bDYIe0,@alirohman8847,"Di indonesia selama UU PERAMPASAN ASET & HUKUMAN MATI tidak disahkan maka MAFIA EKONOMI tetap MARAK , ini gara gara ketua DPR di pegang Banteng .",0,2025-11-01T05:38:57Z
At9u_bDYIe0,@Dewi-c2m,Wauuu bisa bayar utang  negara yeeeeeees sikat pak mestipun terancam  kita membela kenaran semoga berhasil harus berhasil walaupun taruhan myawa,0,2025-11-01T05:28:05Z
At9u_bDYIe0,@billonis4621,"Hrs nya jgn menteri Purbaya doang yg action yg lainnya kmn,,bang Iksan boleh tuh msk kabinet bs xy Purbaya pinter ahli dn lurus yg berakal sht",0,2025-11-01T04:50:39Z
At9u_bDYIe0,@MrMarincan,"Waduhhh... Seandainya hal ini bisa dibersihkan 10.000 Triliun, Utang Negara sudah Lunas... Negara sudah makmur tanpa Utang, Anak Cucu kita sudah tidak ikut menanggung Utang Negara... Inilah akibat jeleknya Oknum2 Pejabat Bea Cukai dan Perpajakan negara kita selama ini... Akibat nya Negara terpuruk Masyarakat makin susah... Tapi tidak ada Bahasa terlambat, Pak Prabowo dan Pak Purbaya adalah Pejuang Sejati untuk NKRI... Mari seluruh Rakyat Indonesia bantu utk membersihkan Mafia2 ini, demi Kejayaan NKRI dan Anak Cucu kita...💪",0,2025-11-01T03:52:22Z
At9u_bDYIe0,@adizproduction,27:10 kenapa diCut???? Ada Apa dengan Metro TV???,0,2025-11-01T03:19:06Z
At9u_bDYIe0,@ngadiminngadimin3916,"Proses.semua.mafia,,yg.menyalahi.prosedur..Pak.Purb...Usut.sampai.tuntas...",0,2025-11-01T01:54:01Z
At9u_bDYIe0,@sasongkonarimo8318,"Masyaallah.....
Selama ini  keejaan lembaga  negara  DPR...
apa yg di kerjakan??!!
sangat  keterlaluan sbg  wakil rakyat   tpi  membawa ke  jurang ekonomi .
   Mumpung  bpk msih menjabat buat   undang undang  export inpor,   tambang  galian jenis apapun.
❤PRABOWO❤",0,2025-10-31T23:42:58Z
At9u_bDYIe0,@sitiseptiantychannel4921,Tangkap semua mavia,0,2025-10-31T21:56:28Z
At9u_bDYIe0,@ibnubadjeber4575,Ini akan salah satu sejarah pemerintahan di Indonesia jika temuan mafia terbongkar 🔥 luar biasa pak purbaya,0,2025-10-31T17:07:44Z
At9u_bDYIe0,@fahriadrianprovices,Selalu senang klo ada narsum bang ichsanudin noorsy🎉,1,2025-10-31T16:43:38Z
At9u_bDYIe0,@baladewa2baladewa537,Apa kerjanya sri mulyani kemarin .....,0,2025-10-31T16:20:21Z
At9u_bDYIe0,@Salam-k3t5l,I ni,0,2025-10-31T15:43:12Z
At9u_bDYIe0,@Yuliani3761-y8m,"Harap dicatat dan diingat bahwasanya Mafioso mafioso ini tak segan segan menyewa pembunuh bayaran apalagi  ini bicara terkait sindikat yang notabene mereka bukan penjahat kambuhan namun penjahat yang profesinya memang di sini ini, kemudian bersindikasi, termasuk dari hulu sampai hilirnya lengkap pembagian tugasnya. Dan mereka tak segan segan melakukan kejahatan tingkat I tatkala merasa ""organisasi"" nya terancam. Pemerintahan Indonesia  yang notabene pimpinannya adalah seorang sekelas Prabow DENGAN JAJARAN KEAMANANNYA, SUDAH SEHARUSNYA DAN SEPANTASNYA BERKEWAJIBAN MELINDUNGI APARATURNYA MELALUI SISTEM PERLINDUNGAN BERLAPIS DAN RAHASIA( BIN) AGAR TIDAK MENJADI SASARAN EMPUK PARA MAFIOSO INI. . MEREKA HIDUPNYA KERAS DAN NEKAT HARUS DIHADAPI DENGAN KETEGASAN  DAN KEWASPADAAN TINGKAT TINGGI.
TAKE CARE BAPAK PRESIDEN DAN PARA MENTERINYA YANG BEKERJA DENGAN BAIK DAN SUNGGUH SUNGGUH. 
TERIMAKASIH YAA. 
( TIDAK UNTUK MENTERI / APARATUR YANG LEHA LEHA DAN BERSANTAI RIA MENIKMATI GAJI, TIDAK).",0,2025-10-31T15:40:34Z
At9u_bDYIe0,@rezachoirilfahmipanggabean6529,"udah paling benar miskin kan para koruptor, bahkan hukum m@ti harus nya",0,2025-10-31T15:32:31Z
At9u_bDYIe0,@sinagasahrul,"ternyata,syirik Mulyani,biadab terkutuk,laknat kau Mulyani sampai tujuh turunan,tangkap Mulyani dan lbp,,biadab itu dua2 nya,,",0,2025-10-31T15:24:18Z
At9u_bDYIe0,@bayustudio770,"PERANG LAWAN MAFIA TARUHANNYA NYAWA,KARENA IBLIS TDK RELA JIKA PKERKAANNYA ADA YG MELURUSKAN",0,2025-10-31T15:13:50Z
At9u_bDYIe0,@MichaelDino-ck8so,"LANGSUNG DI EKSEKUSI TIDAK ADA DISKUSI². SETIAP PERGANTIAN PEMERINTAH PRESIDEN, MAVIA&KORUPTOR TERUS BERTUMBUH PESAT. NEGARA TERUS RUGI, RAKYAT BERTAMBAH MISKIN.",0,2025-10-31T15:04:59Z
At9u_bDYIe0,@Coy-t5c,"anak SD, SMP, sdh terbiasa melihat dan mendengar tentang ulah pejabat tentang korupsi,

berpotensi terprovokasi nantinya mereka setelah menjadi pejabat,

lalu kapan punah koruptor dari negara ini?
satu2nya harus berlakukan hukum mati tanpa jedah waktu,
selesai vonis langsung lakukan eksekusi.

jika tidak,
negara ini menjadi negara termiskin di planet ini",0,2025-10-31T14:40:20Z
At9u_bDYIe0,@ettykurniati6051,Ya Allah...lindungi dan  bantu pak Purbaya dalam melaksanakan tugasnya utk kebaikan bangsa dan negara Indonesia .,0,2025-10-31T14:30:37Z
At9u_bDYIe0,@taibmuhammad6641,Harus dijaga ketat Pk Purbaya sama Paspamres atau apalah supaya Pk Purbaya aman. Semoga Pk Purbaya di lindungi Allah SWT untuk melaksanakan tugas untuk kesejahteraan rakyat amin...,0,2025-10-31T14:29:52Z
At9u_bDYIe0,@BadrunXfo,"Hasil sitaan buat tutup utang negara trus makmurin rakyak, gitu jg harga2 pa ja jg pajak juga masih mahal.",0,2025-10-31T13:55:33Z
At9u_bDYIe0,@MuhammadAndisDevianto,10.000 T ... Anjai.... Duit ini?,0,2025-10-31T13:41:29Z
At9u_bDYIe0,@GunarsoDiwongso,Semua mafia lenyapkan jika ditunda mereka akan jadi lebih besar dan kuat akan sulit melenyapkan jika mereka semakin besar . Maka segera habisi mereka sebelum semakin terlambat,0,2025-10-31T12:58:50Z
At9u_bDYIe0,@muhamadyamin-p4o,Mulyani mulyono.harus ditangkap,0,2025-10-31T12:54:33Z
At9u_bDYIe0,@aku.1202,Uang negara buat bancakan...mau menghncur kn negara..pntas d hukum mati,0,2025-10-31T12:47:45Z
At9u_bDYIe0,@ArmanSius-xp8ks,"Biasanya kalau ada yang ingin berbuat kebaikan pasti ada yang ingin melenyapkan nya, semogapak purbaya dilindungi",0,2025-10-31T12:37:48Z
At9u_bDYIe0,@AlexsKomplex,Mafia /koruptor tidak bisa di lenyapkan karna Banyak orang Dalam😂😂😂😂😂😂,0,2025-10-31T12:15:47Z
At9u_bDYIe0,@Aicann369,"Kebanyakan di potong², gua jdi males nonton nya jugaa",0,2025-10-31T11:43:24Z
At9u_bDYIe0,@a.afandi2446,Karna masalh ini berhubungan dgn masa depan negara dgn cara apapun harus segera di dilakukanya dan harus dikawal perjalananya pak purbaya.,0,2025-10-31T10:03:36Z
At9u_bDYIe0,@MuhamadSarjan-d8j1h,Utamakan kepentingan Negara&Rakyat RI.👍👍🙏👍,0,2025-10-31T09:03:23Z
At9u_bDYIe0,@mokasriau,bs kt lenyak kan klu bersama kt membela nkri,0,2025-10-31T07:50:35Z
At9u_bDYIe0,@mokasriau,mati kalian pejabat bangkai mafia korupsi yg ada kinerja nol andil bg negara nol cm mikir kantong pribadi hbs kalian km rakyat indonesia g terima kalian berlaku seperti itu mulu kpn perlu kalian dipenjarakan ke nusa kambangan sita aset kalian,0,2025-10-31T07:49:59Z
At9u_bDYIe0,@mokasriau,menkeu purbaya  top pilihan presiden prabowo krj kinerja nkri merah putih yg tepat good job 💯👍,0,2025-10-31T07:46:14Z
At9u_bDYIe0,@ariefwidyohardjono5356,Pemerintah selalu berbuat baik pasti ada yg kepanasan. Conto Pertalet dicampur air merugikan rakyat banyak motor roda 2 dan lebih pada mogok mautah pertamina mengganti ongkos service punya rakyat yg berdampak Gatel jare cah SBY takut Pemerintah rakyat mendukungmu dari bajingan tolol,0,2025-10-31T07:36:23Z
At9u_bDYIe0,@Sioktriani,Lunas hutang negri ini pk,0,2025-10-31T07:25:52Z
At9u_bDYIe0,@kundhori4047,Pk purbaya manusia langka di indonesia ini semoga ada lagi dan di buka peluang orang yg jujur berani. Cerdas untuk bekerja yg penting bagi negri ini dan segera hukum di evaluasi pk presiden menerbitkan perpu korupsi hukum mati miskinkan,0,2025-10-31T06:07:57Z
At9u_bDYIe0,@wienenough4449,"Kalau semua dijalankan , hukum ditegakkan negri ini lunas hutang dan  makmur",20,2025-10-31T05:39:09Z
At9u_bDYIe0,@QinQin08,Memang harus diperbaiki integritas para pejabat pajak dan bea cukai nya biar berkurang bocor  pendapatan negara,0,2025-10-31T05:33:04Z
At9u_bDYIe0,@Redmia2-cd1rf,Benarkah? Semoga bukan mimpi,0,2025-10-31T05:25:05Z
At9u_bDYIe0,@Fake-t4q,Tangkap semua mafia yang merugikan rakyat dan negara,19,2025-10-31T04:23:27Z
At9u_bDYIe0,@zanfarm283,Ini sih masih kalah sama yg di saku jokowi,0,2025-10-31T03:53:24Z
At9u_bDYIe0,@burhanhany804,media seharusnya membela rakyat jangan berdiri di tengah dan suka menggoreng isu,0,2025-10-31T03:48:39Z
At9u_bDYIe0,@FatmawatiSyam-j9e,DAN MERTUA KAKAK PEREMPUAN SAYA ITU MEMINTA KAKAK SAYA JADI ISTRI ANAKNYA,0,2025-10-31T03:42:18Z
At9u_bDYIe0,@FatmawatiSyam-j9e,DAN MENANTU AYAH SAYA... SUAMI KAKAK PEREMPUAN SAYA YG TERTUA KEBETULAN DARI DINAS PUTL...,0,2025-10-31T03:40:08Z
At9u_bDYIe0,@FatmawatiSyam-j9e,KARNA PROYEK ITU MERUPAKAN LANGKAH AWAL UTK MENSEJAHTERAKAN RAKYAT YG SEMPAT HIDUP MISKIN DI ERA ORDE LAMA...,0,2025-10-31T03:29:56Z
At9u_bDYIe0,@FatmawatiSyam-j9e,PROYEK PEMBUKAAN PERSAWAHAN PASANG SURUT.. ADALAH PROYEK DARI PUSAT... DAN DEPARTEMEN TERKAIT ADALAH DEPARTEMEN PUTL... DEPARTEMEN KEHUTANAN... DEPARTEMEN PERTANIAN... DEPARTEMEN DALAM NEGERI... DEPARTEMEN TRANSMIGRASI.. DEPARTEMEN KEUANGAN... YG DIAWASI DAN DIKOMANDOI OLEH PRESIDEN NKRI... SIAPAPUN PRESIDENNYA,0,2025-10-31T03:28:40Z
At9u_bDYIe0,@FatmawatiSyam-j9e,MAKSUD SAYA DIRJEN PENGAIRAN DARI DEPARTEMEN PUTL.. WAKTU ITU DEPARTEMEN PU DGN PLN MASIH SATU DEPARTEMEN,0,2025-10-31T03:24:45Z
At9u_bDYIe0,@FatmawatiSyam-j9e,DIRJEN PENCAIRANNYA WAKTU ITU BAPAK AMIR HASAN KALAU SAYA NGGA SALAH,0,2025-10-31T03:23:39Z
At9u_bDYIe0,@FatmawatiSyam-j9e,BAPAK PURBAYA YTH... SETAU SAYA RENCANA PEMBANGUNAN DI KEPULAUAN RIAU.. ALAH MEMBANGUN DAERAH OTORITA BATAM UTK MENJADI PELABUHAN BEBAS... TAHUN 1976 SAJA.. DAERAH ITU MASIH KOSONG... SAYA TAU KARNA SAYA TINGGAL DI PEKANBARU WAKTU ITU BEKERJA DI PEMBUKAAN PERSAWAHAN PASANG SURUT... DAN KANTOR KAMI WAKTU ITU DIDEKAT BANK INDONESIA  DI JLN SUDIRMAN,0,2025-10-31T03:20:48Z
At9u_bDYIe0,@RahayuW-yx4yb,"Purbaya ibarat dokter yang mengoperasi dan membedah "" Penyakit"" Di kemenkeu. Bukan hanya obati gejala ttp cari dan obati "" Akar masalah""",0,2025-10-31T03:18:22Z
At9u_bDYIe0,@upilkodok4854,Hukuman apa nih yg pantas buat mafia and para koruptor TAI ASU .....belum pernah ada yg membicarakan secara khusus nih di MEDIA MEDIA INDONESIA......,0,2025-10-31T03:12:30Z
At9u_bDYIe0,@AnnaAnna-f5s,"kenapa di kepemimpinan pak Jokowi koruptor seperti terlindungi,, buktinya di kepemimpinan pak Prabowo Subianto SDH banyak koruptor yg ketangkep,, aku sebagai rakyat jelata hanya bisa mengikuti alur cerita bangsa tanpa daya 😢",0,2025-10-31T03:12:10Z
At9u_bDYIe0,@RisnaWati-u2b,Semoga para mavia dan koruptor2 bisa secepatnya di berantas semua di kepemimpinan pak presiden prabowo gibran ..,0,2025-10-31T03:11:20Z
At9u_bDYIe0,@AbdulGhofur-o9z4y,Pokoknya semua mafia mafia harus disikat,0,2025-10-31T02:54:32Z
At9u_bDYIe0,@DarmantoMaman,Sangat menarik,0,2025-10-31T02:40:15Z
At9u_bDYIe0,@rizhansyah1497,Sehat selalu pa pur,0,2025-10-31T02:29:30Z
At9u_bDYIe0,@earthcitizen4405,"siapa tuh dibalik mafia faktur ya paling org beacukai dan ditjen  pajak. pengusaha kecil aja ga bayar pajak, rekeningnya di blokir.
Siapa tuh orang2 pemerintahan yang melakukan kejahatan tsb. hukum mati aja.",0,2025-10-31T01:55:24Z
At9u_bDYIe0,@kikydharmayanti626,"Banyak Oknum BC yg melancarkan barang yg bermasalah, barang yg seharusnya bisa keluar jd tertahan, cek sana sini, bahkan sdh bayar pajak saja masih tertahan...sementara barang yg ilegal dapat keluar dg cepat, ujung ujung nya Uang berbicara",0,2025-10-31T01:15:25Z
At9u_bDYIe0,@kikydharmayanti626,"dari jaman dulu import dipersulit, yg bener sesuai data, barang, dokumen, suka tambah bayar, notul, dll..yg benar suka disalahkan, yg salah dibenarkan..kadang barang yg benar sesuai prosedurnya msh suka di salahkan saat di BC",0,2025-10-31T01:06:35Z
At9u_bDYIe0,@akhmadrifai6829,"NILAI ITU BISA BAYAR HUTANG NEGARA LUNAS, WOW, INDONESIA AKAN JADI KAYA RAYA BUSA RAKYAT SEJAHTERA❤❤❤",0,2025-10-31T00:51:46Z
At9u_bDYIe0,@ernypramono2498,"Semoga dalam setiap langkah pak Prabowo sebagai pemimpin teringgi bangsa Indonesia & pak Purbaya sebagai menku pilihan presiden selalu diberi kemudahan,kesehatan & juga KESELAMATAN DALAM LINDUNGAN GUSTI ALLAH.Amin.",0,2025-10-31T00:20:00Z
At9u_bDYIe0,@saifulmansur687,Pokok intinya bea cukai tempat srang korup mafia broooo orng bisnis yg lbih Thu broooo JD buat teknik modern yg LBH baik brooo ok fhm,0,2025-10-30T23:59:50Z
At9u_bDYIe0,@elfianb442,Pasti yg lama disitu terlibat yg katanya paling top...,0,2025-10-30T23:58:10Z
At9u_bDYIe0,@suwitosusilo286,"Kalau beda pasti di sengaja karena sebelum export dan import semua perusahaan bagian keuangan akan memeriksa, dan berhubungan dengan PO sebelum di bayar,  kalau import lebih kecil nilainya untuk mengurangi pajak import yang harus di bayar, banyak hal yang lakukan",0,2025-10-30T22:55:42Z
At9u_bDYIe0,@zainalilmi8887,Mantaaap pak Prabowo menunjuk orang yang pas,0,2025-10-30T22:35:17Z
At9u_bDYIe0,@klisin5571,ayo para tokoh spiritual bekingi p purbaya dn p prabowo gilas mafia2 perusak nkri,0,2025-10-30T22:15:29Z
At9u_bDYIe0,@doelmboz6819,Jokowi bodoh,0,2025-10-30T22:02:09Z
At9u_bDYIe0,@muksimmuksim214,Teruskan pak demi gemah ripah loh jinawi kita.,0,2025-10-30T20:38:21Z
At9u_bDYIe0,@enditsugriyandi9836,Korupsi itu bahaya laten seharusnya diberi sangsi tegas.,0,2025-10-30T20:08:47Z
At9u_bDYIe0,@tutoryt-fq6nn,"😂😂😂 kapolri, kmntrian perdagangan , bea cukai,,  dll,, kmna aja slama ini ,😇😅😇😅😇😅😇😇
masih ada gunanya gk yaa,?",0,2025-10-30T17:32:26Z
At9u_bDYIe0,@M.DAHNIAL,"Bersihkan dari dalam, buang semua pejabat yg terlibat selama ini, baru imfor dan ekspor dibasmi dimusnahkan orang 2 nya semuanya.",0,2025-10-30T17:22:27Z
At9u_bDYIe0,@sahrulirpan5883,"𝟐 𝐦𝐞𝐧𝐭𝐫𝐢 𝐲𝐠 𝐦𝐚𝐧𝐭𝐚𝐩 𝐲𝐠 𝐬𝐚𝐲𝐚 𝐬𝐮𝐤𝐚, 𝐦𝐞𝐧𝐭𝐫𝐢 𝐩𝐞𝐫𝐭𝐚𝐧𝐢𝐚𝐧 𝐝𝐚𝐧 𝐦𝐞𝐧𝐭𝐫𝐢 𝐤𝐞𝐮𝐚𝐧𝐠𝐚𝐧.",0,2025-10-30T17:00:54Z
At9u_bDYIe0,@JosJoesoef-s1e,Tuuh WARTAWAN/JOURNALIST.!? jg ikut2an KOQ.!?? SMART and FANTASTIQUE analisanya.!!??❤😂😢😮😅😊😊,0,2025-10-30T16:47:59Z
At9u_bDYIe0,@AdiAdi-cm8gq,"Aturan jangan dibiarkan , langsung tindakan , berita belakang",0,2025-10-30T16:15:45Z
At9u_bDYIe0,@Afrizal-AA1206,"Memang bajingan pemerintahan 2013 s/d 2024
Biadap.
Semoga pak prabowo di beri kemudahan untuk memperbaiki negeri ini.",0,2025-10-30T16:15:09Z
At9u_bDYIe0,@Afrizal-AA1206,"Alhamdulillah, ayo pak prabowo kami bersama bapak, kita majukan indonesia kita.
Kami cuma petani di desa, mencintai pemerintahan bapak yang terbuka dengan kami mengenai masalah negara.",0,2025-10-30T16:06:51Z
At9u_bDYIe0,@DESAKUULAKPACEHCHANNEL,Satu pintu infor,1,2025-10-30T15:41:12Z
At9u_bDYIe0,@DedikFhiatamaPutra-w1m,Pak purbaya❤❤❤❤,1,2025-10-30T15:36:01Z
At9u_bDYIe0,@abdulrokhim8214,Para mafia dan oejabat yg kongkalikong sedang menyusun rencana 😂😂😂,2,2025-10-30T15:00:09Z
At9u_bDYIe0,@Syakir678,Kami rakyat Indonesia sangat berterimakasih pada siapapun yg benar benar berjuang bekerja untuk mensejahtrakan Rakyat Indonesia dan memberantas kecurangan dan kejahatan yang ada di Indonesia🙏🏻,12,2025-10-30T14:46:26Z
At9u_bDYIe0,@PutraIndonesiaStel,Banten hadir .udah waktunya Mafia di berantas mafia korupsi .kepabean yg paling bertanggung jawab ..,2,2025-10-30T14:44:03Z
At9u_bDYIe0,@ahmadjazzuli2098,Tangkap oknum yg terlibat semuanya tidak peduli bila RI 1 terlibat juga.,0,2025-10-30T14:25:11Z
At9u_bDYIe0,@Syahrial-m3j,Klw memang terbukti hukuman buat mereka adalah mati siapa pun yg terlibat,0,2025-10-30T14:09:09Z
At9u_bDYIe0,@SupriYadi-g4e,Narkoba yang ya presiden mentri puirbaya kalau ngak di pritah presiden ya ngK berani,1,2025-10-30T14:08:57Z
At9u_bDYIe0,@zainiraya7346,Yuk dukung presiden prabowo.,2,2025-10-30T13:45:45Z
At9u_bDYIe0,@DokterMendez,"S'pore itu bajingan, suka ngajari orang Indonesia nyolong pajak, bikin barang import under invoice, pengalaman saya di Panasonic thn 1996-2003.",0,2025-10-30T13:42:23Z
At9u_bDYIe0,@ZikriAmin-n4n,Ini baru pemimpin yang amanah dengan janjinya untuk mensejahterakan rakyat ayo rakyat indonesia kita dukung kerjanya presiden,0,2025-10-30T13:39:45Z
At9u_bDYIe0,@JokerRi-z6q7q,10000ribu T 😮😮😮,0,2025-10-30T13:28:38Z
At9u_bDYIe0,@Fhariduan,"Pak Pur sedang membela rakyat!"" Pak Pur sedang membuka mata rakyat indonesia!""bgaimna parpol2 busuk di balik kepala2 daerah hnya untuk mencuri uang rakyat dgn cara2 canggih!'bersihkan smua para pencuri uang rakyat!""",15,2025-10-30T13:25:49Z
At9u_bDYIe0,@78cell10,!#1¹    Pokoe  e   suport   KPK    TIPIKOR   PPATK    KEMENKEU RI      MA   MK     PENGADILAN2 NOGORO    !#1¹     `~   °•○●□■  ▪︎¤  `~ .,0,2025-10-30T13:05:53Z
At9u_bDYIe0,@mugnialatif6331,"DIUNDANGKAN ATAU TIDAK UU.PERAMPASAN ASET KORUPTOR , MAJELIS HAKIM DAPAT MENGHUKUM TERGUGAT KORUPSI MEMBAYAR SEJUMLAH UANG SEBESAR KERUGIAN NEGARA SEPANJANG DIMINTA DALAM TUNTUTAN (GUGATAN) JAKSA PENUNTUT  SEKALIGUS HUKUMAN PENJARA BAHKAN HUKUMAN MATI .",3,2025-10-30T12:59:46Z
At9u_bDYIe0,@sasikactby5747,dana desa ditipuh   mana pembangunanya  baik pertania maupun jalan di pelosok  yang kades beli mobil banyak tanah  petani di kuasai semua bibit pupuk  rakyat jelsta hanya sank pamilinya saja yang menik mati allat traktor bantuan di sewahkan dengan  semena mena,1,2025-10-30T12:57:51Z
At9u_bDYIe0,@C.sSumirat,"Rakyat mendengar  lama kejahatan2 d negara ini, suhu2sbg strecker,dn mereka2   merangkap pemain sulap",14,2025-10-30T12:56:55Z
At9u_bDYIe0,@SugengSupriatna-kc9yb,"Ketika Para Pendiri Bangsa ini dulu mencetuskan cita-cita Bangsa yaitu mewujudkan Masyarakat Adl Makmur, tentu hal itu bukan hanya wacana. Tapi tentu berdasarkan Potensi Bangsa Indonesia. 
Kalau saja Republik ini di kelola dg Benar oleh orang-orang yg Cerdas, Jujur, Kompeten dan Amanah, tentu RAKYAT ADIL MAKMUR itu sdh bisa di wujudkan sejak lama. Tapi sayangnya Negara ini di kelola oleh PARA MAFIA, DAN KORUPTOR. 
Rakyat hanya jadi Penonton dan Object Penderita.. Sementara Para Pejabat berpesta dlm GELOMBANG HARTA DAN KEMEWAHAN.",2,2025-10-30T12:46:54Z
At9u_bDYIe0,@IrwantriPurnama,"Halo,, Ternyata di Negri ini masih banyak Penghianat 2 Negara hal ini bisa dikatakan Kejahatan Berat sebab Merugikan Bangsa dan Negara  
yg jumlahnya cukup Besar,, Akibat Perbuatan para Penghianat dampaknya sangat  
Merusak PerEkonomian sebuah Negara dan Rakyat yg selama ini kesulitan di semua Sektor kehidupan terutama perEkonomian Rakyat kecil,, Dengan Demikian maka para Penghianat Secepatnya Harus di Bereskan Sampai Tuntas,, Saya Rakyat Indonesia Mohon Dengan Hormat Kepada Pak Presiden Prabowo Supaya menindak Tegas para Penghianat sebab Kepala Negara berhak menindak Sapu 
Bersih Demi untuk menjaga Stabilitas Ekonomi dan Uang yg Jumlahnya Cukup Besar harus Kembali Lagi Pada Kas 
Negara,, Terima Kasih dan Semoga Sehat Selalu,,",2,2025-10-30T12:10:12Z
At9u_bDYIe0,@why6446,"Dia bukan player, tapi dia playmaker",1,2025-10-30T11:16:04Z
At9u_bDYIe0,@HeruSis-i2q,Kalo ada yang teriak² karena ulah pak #Putbaya bisa dipastikan mereka MALING² berdasi...😏❗❗❗,1,2025-10-30T11:05:30Z
At9u_bDYIe0,@DjuMeri-q6k,"rakyat harus tau indonesia kaya raya jadi tetap miskin karna MAFIA,  dan para mafia yg super kaya raya membiayai para propokator LSM dan pelaku politik hitam,  eroninya banyak orang miskin terpropokasi oleh tingkah polah para propokator yg di danai para mafia,  ayu dukung prabowo gibran brantas maling negara,",1,2025-10-30T11:00:41Z
At9u_bDYIe0,@rusmini4778,Gembar gembor . Ujung2 melarikan diri hilang jejaknya. Dan tdk  ketangkap. Ya ttp hilang juga uang negara.,0,2025-10-30T10:33:27Z
At9u_bDYIe0,@dreamss8579,Semua kementrian era jokowi tak ada yg jujur dan transparan bahkan banyak mafianya yg membuat p. Prabowo dituntut untk kerja extra keras dan berani menghadapi resiko demi keadilan dan kemakmuran rakyatnya tanpa syarat bahkan p. Prabowo berkomitmen berani mati demi bangsa dan negara . Mantab rakyat punya presiden yg satu ini,2,2025-10-30T10:23:26Z
At9u_bDYIe0,@KDMBapakaing-z7q,❤❤❤❤❤❤,0,2025-10-30T10:13:08Z
At9u_bDYIe0,@tutiami4649,Lindungilh bpk kemenkeu yg sedng brjuang...ya Allah...🤲🏻🇮🇩🤲🏻🇮🇩🤲🏻🇮🇩🤲🏻🇮🇩🤲🏻🤲🏻👍👍,61,2025-10-30T09:57:24Z
At9u_bDYIe0,@CulliCulli-e7s,Hukum tumpul ke atas membuat negara ini gampang di obok2,5,2025-10-30T09:52:20Z
At9u_bDYIe0,@hismailsiip8081,"berarti srimulyani itu tak bekerja atau tak tau keadaan Indonesia yg banyak uang ngali bisa bisa memnkeu srimulyani  gi mana ya tak ada beritanya yg benar""sekali Purbaya baru terungkap semua Sri Muryani malah banyak menekan uang kecil dan rakyat kecil",1,2025-10-30T09:48:16Z
At9u_bDYIe0,@Ernawan-j7c,"Tangkap dulu orang-orangnya jgn sampai ada yg lolos sesuai dugaan kuat dari data dan fakta yg sudah diketahui negara.. Kalau diributkan dulu barang bukti dah dihapus, saling ancam untuk jgn bicara diantara pelaku.. Modusnya bisa dimanipulasi dan direkayasa.. Akan sulit penanganan dan pengembalian kerugian negara jika sudah dibuka ada kebocoran tanpa penangkapan pelakunya.. Paling yg ditangkap hanya korban dan terinya bukan pelaku besarnya.. Kambing hitam lg yg dijadikan tumbal.. Gaberes2 sampai kiamat... 😮😂",1,2025-10-30T09:36:41Z
At9u_bDYIe0,@AlinafiahNasution,"Aparatur yg membuat kerugian
Uang dan barang.wajib mengganti
Ketekoran tsb dan ybs dipecat dr
Kedinasan.gitu aha kok tepot.",1,2025-10-30T09:30:19Z
At9u_bDYIe0,@AdiningratSutila,"Yaa Allah lindungilah Menkeu pak Purbaya dari orang2 jahat penghianat bangsa , penghisap darah rakyat jelata seluruh indonesia , menuju Indonesia emas",6,2025-10-30T09:19:11Z
At9u_bDYIe0,@BennardiGanteng,"Terus kan pak Presiden Prabowo Subianto dan pak Purbaya sampai ke jalur hukum biar ada efek jera bagi yang lain Sholeh terapi, merdeka hidup Indonesia",6,2025-10-30T09:08:24Z
At9u_bDYIe0,@BennardiGanteng,"Kami sebagai warga negara NKRI yang sudah lama sekali menonton dan mendengarkan para MAFIA di segala jenis komuniti,misal mafia hukum, mafia kasus, mafia BBM, mafia Beras,mafia Tanah, mafia Pangan, mafia pajak dan banyak lagi yang lain",2,2025-10-30T09:02:06Z
At9u_bDYIe0,@mbakniti,"itu saya percaya banget. 
soalnya saya ngalamin sendiri 20th yg lalu ,  saat beli tanah seharga 160jt, tp di akte jual beli yg di keluar kan kantor .... tertera di bawah 100jt .  katanya biar byr pajak nya murah. pdhl saya gak merasa berat byr pajak nya. 
parahnya lg saya di minta byr 2,5jt buat bikin akte dan mengecilkan pajak. 
Saya sekarang baru sadar. jadi saya di minta 2,5jt itu buat mereka. bukan untuk negara.",7,2025-10-30T08:56:18Z
At9u_bDYIe0,@refliwanto4493,Udahlah hukum mati saja kroptor kalau indomesia mau aman kalau tidak biarkan daja kroptor merajalela di Indonesia biar hancur sekaligus biar rakyat bergejolak,1,2025-10-30T08:08:54Z
At9u_bDYIe0,@sainuddintjappe4411,Mantaap pak ikhsanuddin nursy itu baru peniliti yang baik.,2,2025-10-30T08:07:35Z
At9u_bDYIe0,@sainuddintjappe4411,Mantaap pak ikhsanuddin nursy pengamat ekonomi sangat baik sekali yang penting jangan kau singgung orang tidak bersalah orang berjasa sama negara.,2,2025-10-30T08:04:35Z
At9u_bDYIe0,@BangjaliChanel1586,❤❤❤❤❤❤❤❤🇮🇩🇮🇩🇮🇩🇮🇩🇮🇩,0,2025-10-30T08:04:29Z
At9u_bDYIe0,@gatut-j6e,Koruptor tembak mati baru bisa punah rakyat Indonesia 🇮🇩 bisa merasakan kemakmuran nya 🇮🇩,0,2025-10-30T07:51:26Z
At9u_bDYIe0,@watchdogs5875,buseettt itu Eranya si JOKO,1,2025-10-30T07:50:35Z
At9u_bDYIe0,@BravoTab-r9k,Kembali ke pada masa jabatan ASN.di tempat strategis jangan kelamaan.  Makin lama makin berpengalaman dalam maenkan peraturan pemerintah. Untuk tahu celah yang bisa di permainkan. Dan para pimpinan harus sering cek ke bawah yang melaksanakan tugas.di mana saja tugas .,1,2025-10-30T07:46:19Z
At9u_bDYIe0,@teguhkarnowidodo5263,nilainya bisa jadi lebih besar dr 10.080 T krn terjadi jangka waktu 10 th ditambah era dr rejim suharto - sby bisa ditracking rekam data transaksi digitalnya pasti ada miss invoicing ekport-improt komoditi...,2,2025-10-30T07:31:50Z
At9u_bDYIe0,@TBMJoko,"Saya masih bersama rakyat jujur 
Indonesia tetap setia mendukung kerja mentri keuangan PURBAYA .",4,2025-10-30T07:23:11Z
At9u_bDYIe0,@siswantowanto9023,Melihat mukanya ga sudi sama rakyat,0,2025-10-30T07:22:34Z
At9u_bDYIe0,@umiaisyah5067,"Orang yang terbukti ga usah dihukum tapi...... 
""Di Nepal kan "" Aja... Gmana??",1,2025-10-30T07:15:00Z
At9u_bDYIe0,@umiaisyah5067,Waoooooow... 😮,0,2025-10-30T07:13:29Z
At9u_bDYIe0,@UjangSaefulloh-h5h,Mafia harus lenyap dari muka bumi Indonesia 🙏👌,0,2025-10-30T06:47:08Z
At9u_bDYIe0,@BataraRusli,BRAVO PAK PURBAYA ❤❤❤,25,2025-10-30T06:45:22Z
At9u_bDYIe0,@triyantotri8272,"BISA LUNASI HUTANG NEGARA...
NEGARA HARUS TEGAS,, BIAR NO HUTANG..!!!!!!",2,2025-10-30T06:19:04Z
At9u_bDYIe0,@elmasruri1611,Uu perampasan aset harus segera di sah kan,9,2025-10-30T06:02:15Z
At9u_bDYIe0,@nithaimut8574,"10.000 TRiliun😢
Bukan 10.000 perak
Lihat di berita 13 Triliun saja sudah segitu banyaknya, apalagi yang ini 10.000T😢",1,2025-10-30T05:57:53Z
At9u_bDYIe0,@KansasJeff,"Sangat pro rakyat,,dgn tdk merazia ke pasar, sehingga tdk merugikan rakyat kecil,cukup ringkus para pemain besar nya maka otomatis rakyat kecil akan beralih usaha tanpa merugikan mereka",1,2025-10-30T05:46:13Z
At9u_bDYIe0,@oslasaragih7862,"Kita harus cinta produk Indonesia,supaya UMKM maju. Bea cukai harus tegas dan jujur dalam pengawasan supaya tidak masuk barang barang impor yang merugikan bangsa kita. China dan warga Tionghoa dari Indonesia kebanyakan pelakunya. Bagus seperti Suharto ketat dengan warga Tionghoa.",7,2025-10-30T05:39:10Z
At9u_bDYIe0,@Jathun_,mohon pak Purbaya di beri perlindungan kelas elit karna bahaya,13,2025-10-30T05:24:21Z
At9u_bDYIe0,@AmirFauzan-o9n,Pak Purbaya gaya2 y BS JD presiden ini. Atau paling rendah sbg RI2😂😂😂,1,2025-10-30T05:12:54Z
At9u_bDYIe0,@PakUkar-d9m,Kalau bisa orang Indonesia yang merantau ke negeri orang di panggil oleh presiden buat bantuin negara kan orang Indonesia yang pintar dan cerdas yg jujur banyak di sana karena di Indonesia gak nyaman karena gak sesuai dengan keinginan banyak yang nakal2,5,2025-10-30T05:06:09Z
At9u_bDYIe0,@Ansharullahismail,Purbaya mirip Anis kalau Anas jadi Mentri BUMN  lebih cocok utk bekerja .,1,2025-10-30T04:55:50Z
At9u_bDYIe0,@handikrishandani4242,"Baguslah menteri keuangan diganti, kalau pake itu mulu.. pada nyaman main yang korupsi 😂",5,2025-10-30T04:41:05Z
At9u_bDYIe0,@sargimansargiman2542,Culup buat mbayar utang tu,0,2025-10-30T04:32:35Z
At9u_bDYIe0,@Aisylmaura,Jokowi presiden Teranjing  sepanjang sejarah,0,2025-10-30T04:25:40Z
At9u_bDYIe0,@Duajempol-v8c,"Dengar berita saja sdh shock gimana menjalani jalur hukum,pasti akan berat utk para petugas keamanan",0,2025-10-30T04:16:59Z
At9u_bDYIe0,@winazri93,"Aku berharap besar sama kita semua rakyat Indonesia yang bersih,ayo semua nya kita lindungin pemerintah kita yang bersih yang lagi berjuang buat kita saat ini.
Mereka yang tidak suka kebijakan pak Prabowo dan pak Purbaya,percayalah mereka mereka ini adalah orang yang bermasalah di negara ini.",0,2025-10-30T04:16:20Z
At9u_bDYIe0,@endrykapiworo4964,"Yg kayak gini Mantan mentri keu Bu Srimulyani masak gk tau sama sekali, gk mungkinkan, kl tau kenapa diam, 😢😢😢",1,2025-10-30T03:50:38Z
At9u_bDYIe0,@syanepaoki9009,"Pemimpin berjalan pada kebenaran sesuai cita cita kemerdekaan dgn dasar PANCASILA itu bukti sumberdaya manusia yg unggul kebenaran sejati.Disertai komitmen sumpah pemuda berjanji satu bgs ,satu tanah air Indonesia,satu bahasa Indonesia dijamin UUD1945 KEMERDEKAAN MEMELUK AGAMA BAGI SEMUA ORG WARGA bgs Indonesia ,dan mencerdaskan dilindungi pemerintah penegakan hukum yg benar tdk bermuatan kebencian tegak lurus ,tdk juga suap (cinta akan uang akar dari segala kejahatan membutakan  mata hati nurani penegakkan hukum)Tercipta ketidak adilan dipenegakkan hukum yg BENAR di hukum dan ygSALAH luput dari hukuman, ini bahaya membuat org takut jujur.Kemerdekaan bagi org jujur dan benar dijamin negara dlm penegakan hukum itu adil.",0,2025-10-30T03:50:29Z
At9u_bDYIe0,@TriIlmi-w4y,Mafia koropsi harus si hukum mati kalau gak bisa menghukum kami siap menghukunya,0,2025-10-30T03:36:10Z
At9u_bDYIe0,@Hihihihastick,Bismillah... Semoga negara menang melawan mavia... Lindungi presiden RI dn mentri keuangan dan rakyat makmur... Kaya bersama 😊,8,2025-10-30T03:32:50Z
At9u_bDYIe0,@SuwarniSusilowati,10 triliun kalau di berikan ke rakyat indonesia  indonesia sudah kaya selama sepuluh tahun...ini ulah Jokowi  semua ini.. adili jokowi....,1,2025-10-30T03:25:25Z
At9u_bDYIe0,@YAIVRAJAGO,Teruss Sri Mulyani kemaren kemaren ngapain saja ...,1,2025-10-30T03:23:27Z
At9u_bDYIe0,@ncek6664,"10 rb T bisa buat nhelunasi utang negara

karena yg membebani negara ini adl utang yg menyenhsarakan rakyat
ayolah pak purbaya sehenap rakyat berharap kpd bapak utk mengentaskan kesengsaraan rakyat",1,2025-10-30T03:22:06Z
At9u_bDYIe0,@franssaifudin1533,"pak Menkeu harus di jaga ketat,karna kerjanya bukan main"",bravo pak Menkeu.",1,2025-10-30T03:17:02Z
At9u_bDYIe0,@MyGirl-AI,"Ini kalo bisa diatasi, bisa lunas dong utang negara ?",1,2025-10-30T02:52:56Z
At9u_bDYIe0,@AlcheEllyonara,"Waw itu kl fibagikan ke rakyat , pasti lebih bermanfaat",12,2025-10-30T02:52:33Z
At9u_bDYIe0,@raflirafain1626,"SUMPAH GW DAN RATUSAN JUTA RAKYAT SEINDONESIA BANGGA BANGET PUNYA PRESIDEN PRABOWO . GW GAK PERDULI DGN SIAPAPUN YG COBA COBA MELAWAN PRESIDEN PRABOWO., KALAU ITU TERJADI GW SIAP JADI MARTIR 😡",1,2025-10-30T02:48:43Z
At9u_bDYIe0,@KAusenMieayam,Kenapapejabatbisakitabodohjadisengsara.negara.apalagirakyatnya,0,2025-10-30T02:47:38Z
At9u_bDYIe0,@nisaestory,Tangkap terus uang nya di seber ke umkm biar tumbuh ekonomi,4,2025-10-30T02:46:29Z
At9u_bDYIe0,@LapadapiriMangkona,"Gila gila gila, 10 rb. T selama 10 thn ditilep rezim, dan cilakanya terjadi full di era Jokowi, ngapain aja ek rezim lalu, biadab assu🐕‍🦺",0,2025-10-30T02:44:34Z
At9u_bDYIe0,@sukisugiono2667,Jangan cuma mengungkap uang yg merugikan rakyat harus bisa dikembalikan untuk rakyat,17,2025-10-30T02:26:01Z
At9u_bDYIe0,@jspenyejukhati4574,PANTASAN NEGARA RUSAK MISKIN BERABAD2 TERLALU BANYAK BINATANG HAMA TIKUS PERUSAK NEGARA..MMG GILA WAJIB DI MUSNAHKAN SAMPAI KE AKAR2NYA SUPAYA NEGARA DN RAKYAT KAYA BERSAMA2,0,2025-10-30T02:20:45Z
At9u_bDYIe0,@Natohiro1234,Sri mulyoni 👎👎👎,0,2025-10-30T02:13:28Z
At9u_bDYIe0,@NetrinaVictoria,"Menangkan  bpk Purbaya/Menkeu.
Doa km rakyat menyertai dgn Do'a",12,2025-10-30T02:11:52Z
At9u_bDYIe0,@SolihinJasa,Rakyat sangat setuju Purbaya dampingi Prabowo untuk 2029,0,2025-10-30T02:10:58Z
At9u_bDYIe0,@jmanalu5446,Pantaslah Rakyat melarat...ternyata korup yg merajalela,1,2025-10-30T02:10:36Z
At9u_bDYIe0,@mjmu1707,"Invoice2 semua rekayasa untuk penipuan..staf2 dlm kabinet,kerajaan bikin invoic untuk tipu uang kerajaan..curi uang kerajaan..seperti kos sebener ditipu..dlm invoice dicatat rp200..tp sevenernya rp100",0,2025-10-30T01:57:37Z
At9u_bDYIe0,@subhanaja2642,"Sehari aj gak lihat pak pur, rasanya hilang makanku sehari gaes🇲🇨👍",7,2025-10-30T01:57:16Z
At9u_bDYIe0,@mjmu1707,"Aku lihat probow takut untuk bertindak..ketua kpk,kejagong bungkem..takut bosnya tertangkap .ketua kpk wajib dicopot,sebb lantikn nya tdk sah..jokowiblantik ketua kpk 4 hari sebelom jokowi lengser..ikut atoran,presiden hanya blh lantik satu kali ketua kpk..tdk boleh 2 atau 3x...jokowi lantik ketua kpk 2x .ini tdk sah",3,2025-10-30T01:54:57Z
At9u_bDYIe0,@SolihinJasa,Setuju Prabowo Purbaya untuk pilpres 2029,0,2025-10-30T01:54:31Z
At9u_bDYIe0,@JulinKainama,"Kapan tambang friport di bongkar mafianya pak ,??",0,2025-10-30T01:49:30Z
At9u_bDYIe0,@ridwanmahmud-h1t,Itulah PENIPU DAN MAFIA LONDRY UANG ANJIRRRRRR. Bangun negara mu dan itulah yang tertunda alias GAGAL DARI JOKOWI DAN LUHUT.,0,2025-10-30T01:48:50Z
At9u_bDYIe0,@ridwanmahmud-h1t,Buat apa di pelihara kalau hanya merugikan RAKYAT INDONESIA,1,2025-10-30T01:47:02Z
At9u_bDYIe0,@JulinKainama,"One komando RI 1. 
Maju pak Mentri purbaya doa kami mendukung.",1,2025-10-30T01:46:40Z
At9u_bDYIe0,@alyafiqo9392,Mantab pak Purbaya......sikat semua yg merugikan Bangsa Indonesia..... terutama koruptor....❤❤❤😂😂.... rakyat mendukung....,5,2025-10-30T01:42:31Z
At9u_bDYIe0,@DigStory79,"sebagai rakyat bawah, saya hanya bisa mendoakan pak prabowo dan bpk purbaya supaya selalu mendapatkan perlindungan dari yang maha kuasa dalam memberantas kejahatan dinegara ini untuk menjadikan rakyat Indonesia sejahtera, tikus2 berdasi harus dimusnahkan yang sudah menggerogoti kekayaan negara dan hak2 rakyat indonesia",14,2025-10-30T01:41:58Z
At9u_bDYIe0,@Lovepalestina99,"Yg pasti bersihkan dulu oknum2 di semua kementrian,karena mafia apapun pasti akan di kong kalikong dgn penghianat pemerintah, kerahkan pasukan senyap dan tembak mati saja!supaya panik semua pejabat aparat dan pegawai nakal
Panik dan menyerahkan diri😂😂😂",0,2025-10-30T01:24:11Z
At9u_bDYIe0,@nunungfarida5704,"Semoga pa Prabowo dan pa Purbaya sehat walafiat dan selalu dlm lindungan Allah SWT , sikat libas lawan miskinkan koruptor semiskin miskin miskinnya , seluruh rakyat Indonesia mendukungmu pa Purbaya",19,2025-10-30T01:18:27Z
At9u_bDYIe0,@fatimaazahro4798,Pak fuad ini mantan menteri pak Harto. Tolong ceritakan waktu zaman pak Harto tentang kasus ini.,0,2025-10-30T01:17:49Z
At9u_bDYIe0,@AdenanAldiirfan,baru pertam kebijakan presiden prabowo angkat mentri terbaik. yg lain itu semua bagus dengan pencitraan sebelom di angkat jadi mentri. yg lain udah jadi mentri tinggal nikmati jabatan,1,2025-10-30T01:08:45Z
At9u_bDYIe0,@SumiratSumirat-m8t,Bapa luar bisa..tidak ada duanya.,11,2025-10-30T01:02:26Z
At9u_bDYIe0,@RichadHaba-t4d,Menkeu ini  penegak hukum tau kpk tau menkumham mana yang benar ni,0,2025-10-30T00:59:02Z
At9u_bDYIe0,@bajaklautselatan12,Mantap pak Purbaya 👍 nggak menyusahkan rakyat tapi bikin stres mafia,41,2025-10-30T00:55:14Z
At9u_bDYIe0,@ghofurghofur2776,Mantab pak Pur semoga dikuatkan untuk bersih bersih indonesia cepat tercapainya negeri adil makmur untuk warganya Amin !,28,2025-10-30T00:43:30Z
At9u_bDYIe0,@arizaljaya6408,Udah parah korupsi di Indonesia mafia nya jg barang infor penipu nya,1,2025-10-30T00:39:48Z
At9u_bDYIe0,@anggamediana7025,"Tolong pak Menkeu lacak juga rekening"" gelap keluarga Jokowi yang disembunyikan di luar negri.",1,2025-10-30T00:35:29Z
At9u_bDYIe0,@putrasuastika6793,P mentri purbaya harus mengunkap semua mapia.di indonesia biar rakyat tau kinerja pemimpin.yg mapia .dan p preside rkya butuh ketegasan p presiden prabowo sikat pak biar rakyat indonsia makmur koruptor indonesia tidak bisa maju .kami rakyat mendukung p presiden jangan kendor semangat pak presiden moga bapak sehat selalu .,1,2025-10-30T00:29:07Z
At9u_bDYIe0,@AnonymusRawt-zn7gq,"Selama pemerintahan Jokowi tlh merusak NKRI dari segala penjuru, karena itu pemerintahan Prabowo hrs melakukan pembersihan, agar negara ini bisa bangkit kembali, dan pelakunya 🎉 dijerat dgn hukuman yg berat, agar ada rasa jera. .",3,2025-10-30T00:27:38Z
At9u_bDYIe0,@SurahmatWibowo,Warisan Jokowi latnat tulloh,2,2025-10-30T00:23:30Z
At9u_bDYIe0,@RudyWibowo-i7l,"Membahayakan nyawa kalo kerjanya seperti ini terus, semoga pak Prabowo mengantisipasinya. Tuhan selalu melindungi pak Purbaya",14,2025-10-30T00:22:01Z
At9u_bDYIe0,@bambangsuprianto4180,Zaman kemarin bisa 86 sekarang presiden wajib mengumpulkan uang untuk negara dan rakyat,0,2025-10-30T00:21:54Z
At9u_bDYIe0,@rahmatrasul1629,Fuad Bawazir kalau jadi pengamat otaknya zenius tapi waktu jadi menkeu otaknya spt otak udang,0,2025-10-30T00:20:31Z
At9u_bDYIe0,@putrasuastika6793,Tangkap mapia pajak .hukum mati aja rakyat sudah banyak menanggung hutang.padahal rakyat sudah bayar pajak.kenapa terus banyak hutang..hukum sebratnya,1,2025-10-30T00:19:45Z
At9u_bDYIe0,@Suprapto-o8n,"PIKIRAN SEHAT: 1. RI 1 KE  7 + SRI MULYANI : PENGHANCUR + PERUSAK NKRI N RAKYATNYA. 2. RI 1/PRABOWO + PURBAYA = INSYAA ALLAH JADI * PAHLAWAN NKRI N RAKYATNYA. 3. MEMANG BENAR2 NYATA : 10 TAHUN TERAKHIR, NKRI N RAKYATNYA ** HANCUR LEBUR ** GEGARA DIPIMPIN : JOKOWI DG PKI GAYA BARUNYA 4. YAA ALLAH ** TOLONG N LINDUNGI ** NKRI N RAKYATNYA LEWAT ** PRABOWO + PURBAYA SBG : PEMIMPIN YG AMANAH UTK ** KEBAIKAN NKRI N RAKYATNYA. **  pto purwkto -- JaTeng asli nkri, musuh berSama * jokowi * pejuang pki gaya baru.",0,2025-10-30T00:13:53Z
At9u_bDYIe0,@SaumMiharja-eq3vk,Gila selama jaman Jokowi mafia bandit koruptor merajalela di Indonesia mereka berpesta uang pajak uang rakyat harusnya presiden Prabowo terapkan hukuman mati yng merusak negara Indonesia ini,4,2025-10-30T00:07:34Z
At9u_bDYIe0,@MursaidAja,"Tangkap dan adili..!!!
1. Jokowi
2. Luhut Banser Penjahitan 
3. Airlangga Hartarto 
4. Sri Mulyani 
5. Bahlul Lahat Dahlia 
6. Zulkifli Hasan
7. Erick Thohir 
8. Gibran
9. Ternak-ternaknya Jokowi",0,2025-10-30T00:06:06Z
At9u_bDYIe0,@albais2475,Mantap pak Purbaya di palabuhan yang wajib di bersih semua dan kantor pajak juga bersih itu lagu lama  Pak Purbaya bersih - bersih semua pantas Rakyat melarat serta miskin. Selama ini.,13,2025-10-30T00:02:42Z
At9u_bDYIe0,@Zamuni-d7l,Ngerinya para pencuri yang berseragam di negri ini kasian nasib rakyat dan bangsa Indonesia terlalu panjang penderitaan rakyat ini....,1,2025-10-30T00:02:29Z
At9u_bDYIe0,@SurahmatWibowo,Maju terus PK Purbaya sikat para mafia koruptor jangan beri ampun,16,2025-10-30T00:02:02Z
At9u_bDYIe0,@pradanaberkahenergi3036,"Maling barang slindupan, dan maling cpo kencingan di lindungi tni polri... Karena bayar atensi",0,2025-10-29T23:46:28Z
At9u_bDYIe0,@juraganwedus1356,dengan memperkuat TNI...mafia akan berpikir 2x  untuk membuat kerusuhan.. pemainnya bekerja dgn asing,1,2025-10-29T23:44:13Z
At9u_bDYIe0,@KhairilAnwar-u2k1t,Hidup jokowi kuat korupsi Indonesia,0,2025-10-29T23:44:05Z
At9u_bDYIe0,@nunukmulyani2342,Smg pak Prabowo dan pak Purbaya sht sll . . ..aamiin,41,2025-10-29T23:43:33Z
At9u_bDYIe0,@KhairilAnwar-u2k1t,Hahahaha Indonesia terkantoi,0,2025-10-29T23:42:54Z
At9u_bDYIe0,@arifconstructionsholich69,"bpk. prabowo  dan bpk purbaya, harus di jaga dan di lindungi ketat keamananya,...wajib di jaga dan di lindungi para pejuang rakyat yg tulus,.....
kami 85 persen rakyat indonesia,  siap melindungi bpk. prabwo gibran, bpk. jokowi dan bpk purbaya,..",0,2025-10-29T23:39:41Z
At9u_bDYIe0,@KhairilAnwar-u2k1t,Hidup korupsi Indonesia,0,2025-10-29T23:39:29Z
At9u_bDYIe0,@AsepSaefudin-j8t6p,Sedih sy liat media sekarang dijadikan pencitraan para pejabat.... rakyat jadi mudah terbawa arus informasi yg menyesatkan tanpa rakyat sadari ... rakyat tidak pernah belajar dari pengalaman  pencitraan gorong gorong.... sebenarnya mudah sekali melihat logikanya tapi rakyat mudah tertipu itu wajar karena terlalu lama larut dalam harapan yg mereka tunggu.... Purbaya pura2 banyak gaya.klo benar2 mau nangkap tidak perlu gembar gembor dimedia....diam2 tiba-tiba muncul dimedia sudah ditangkap baru diserahkan ke media baru efektif....klo begini diancam mau ditangkap ya jelas pengimpor pasti menghentikan kegiatannya untuk menghindari penangkapan.....lucu...lucuan doang.... rakyat dipamerin uang sitaan 14 triliun kagum karena bagi rakyat itu jumlah yang luar biasa tapi bagi negara sebesar Indonesia yg sudah dirampok ribuan triliun itu cuma uang receh yg bagi para perampok bangsat itu cuma uang receh yg dikorbankan untuk menghipnotis rakyat supaya diam,0,2025-10-29T23:36:30Z
At9u_bDYIe0,@yulianto5378,Pantas saja bu Sri cs kaya raya😂😂😂,1,2025-10-29T23:35:18Z
At9u_bDYIe0,@user-sv7ue4el4x,Wapresnya ganti BELIAU sajalah,1,2025-10-29T23:27:52Z
At9u_bDYIe0,@ASEPRAHAYU-z4i,"Ini baru menku purbaya jos, bukan sri mulyani 10 tahun korupsinya kenceng banget bikin rakyat melarat   makanya hukum harus ditegakan gantung para bangsat negara alias koruptor,oke purbaya dan prabowo rakyat cerdas bersamamu oke jga mahasiswanya kalian harus lebih Berani jika itu demi tegaknya kebenaran",0,2025-10-29T23:24:52Z
At9u_bDYIe0,@NurUmmi-vq7mh,"Hebat mentri keuang yg baru ini, tdk seperti mentri keuang yg terdahulu byk nggak benar, pantas kaya.",1,2025-10-29T23:20:51Z
At9u_bDYIe0,@ApenAja-e6z,Pa Menkeu habisi trus Mapia pajak  barang impor ke indonesia lihat lah d pasar mana aja d Indonesia berjamur produk cina produk Indonesia kalah saing banyak bangkrut pengusaha indonesia,1,2025-10-29T23:17:07Z
At9u_bDYIe0,@d.syafarudinyusuf2740,Sistem pemilihan pemimpin nya yg “AMBURADUL DAN SANGAT KORUP”.,1,2025-10-29T23:16:10Z
At9u_bDYIe0,@d.syafarudinyusuf2740,Problem di Republik ini ada “THE MAN BEHIND THE GUN”. Orangnya yg tidak memiliki “MORAL HAZARD”.,0,2025-10-29T23:14:36Z
At9u_bDYIe0,@trydhani2992,Korupsi di jadikan jual beli dan senjata politik di jaman jokowi. Koruptor di jadikan sandera politik Wkwkwk,1,2025-10-29T23:11:05Z
At9u_bDYIe0,@wakibrik9548,Mak SRI..... Kok kayak begini maaaaakkkk,1,2025-10-29T23:07:48Z
At9u_bDYIe0,@JajangJaenudin-z4d,"Aaaaammiiiin ya Allooooh Rampas 10rb triliun ituh,",0,2025-10-29T23:06:26Z
At9u_bDYIe0,@JajangJaenudin-z4d,semoga masarakat sama dg sayah ingin pak Prabowo jadi presiden seumur hidup Amiiiiin.,0,2025-10-29T23:04:53Z
At9u_bDYIe0,@wakibrik9548,10000 T.😮😮😮😮😮😮,0,2025-10-29T23:03:28Z
At9u_bDYIe0,@bopri2713,"sy yakin aksi mavia itu sdh lama berlangsung, masalahnya pemerintah selama ini dikadali shg gk sadar & gk peduli  adanya pelanggaran  ini br pemerintahn skrg brani bongkar.",2,2025-10-29T23:02:02Z
At9u_bDYIe0,@IsturFauzi,"Jadi Jokowi yg membuat rakyat indonisia miskin sementara bazernya nya banyak yg kaya ,rakyat dibodohi dgn pembagian sembako.",2,2025-10-29T22:56:01Z
At9u_bDYIe0,@opungasyer7525,Dari Indonesia lumbung beras yg paling besar tapi kenapa harga beras mahal penjualan ke masyarakat? Heran!!!!!,5,2025-10-29T22:42:03Z
At9u_bDYIe0,@PaisalSal-os5hk,Cara kerja seri Mulyani sangat santai tetapi seperti ular berbisa  negara miskin karna ulahnya pemimpin yg GK memikirkan rakyat selamat purbaya,2,2025-10-29T22:40:28Z
At9u_bDYIe0,@elinherlina706,Semoga Allah melindungi orang2 yg berada di jalan bener,22,2025-10-29T22:30:15Z
At9u_bDYIe0,@MilianSangMilian,"Sri Mulyani seorang perempuan jadi para mafia TDK menganggapnya bisa dipermainkan, tapi sekarang suda pergantian menteri keuangan yang baru jadi mafia sekarang ketar ketir.  maju terus pa Purbaya, basmi tuntas para mafi yang erugikan rakyat Indonesia Tuhan lindungi sllu 🙏🙏🙏",5,2025-10-29T22:28:47Z
At9u_bDYIe0,@lodang1354,Sukseskan gerakan INDONESIA BERSIH BERSIH yg dinahkodai Purbaya.,33,2025-10-29T22:26:36Z
At9u_bDYIe0,@MbahPantes-l6d,Ber arti selama ini saya mengamati bicaranya Pak Macmud betul sekali uang negara di pimpin B Sri Mulyani di koropsi karena dia takud apa samar lek gak entuk ? Tp mudah2 Pak Dewa selalu diberi petunjuk sama Tuhan bisa membersihkan orang yg TDK jujur mengemban Tugas Negara dan yg selalu mengrogoti aNegara terutama Rakyat Indonesia bnyk yg golek udele Dewe semoga atuhan selalu menyertai langkah pemimpin negri ini terutama Pak Dewa dan Pak Bowo maju terus jgn goyah Tuhan membibing semuanya Amin,9,2025-10-29T22:23:19Z
At9u_bDYIe0,@armynj15,"Pa Purbaya...HATI-HATIII..!.... Wartawan jg mgkn bs ada yg ""kaki tangan Mafia"" yg bisa MENJEBAK ANDAAA.... Medan lapangan bisa banyak RANJAU2 FITNAH, KEMUNAFIKAN, & TANPA KOMPAS MORAL. Smoga Tuhan YME bersama Pa Purbaya dan Pa Prabowo membersihkan Standard Moral Kultur Pejabat2 ASN dr ""jariangan kaki tangan Mafia di hampir semua internal Instansi Negara....kt inginkan semua ASN NKRI berstandard moral n akhlak yg bersih n tinggi melalui SISTEM PEMBERSIHAN & PENGAWASAN SELAMANYA OLEH 'KEMENPAN-ARB' NKRI... Aamiin YRA.🇮🇩✊😇",20,2025-10-29T22:22:27Z
At9u_bDYIe0,@putraoseng6246,Cobak lari kedesa semua kepala desa di audit,0,2025-10-29T22:09:06Z
At9u_bDYIe0,@Wagiyati-s3i,Si Joko beda dg p. Prabowo. Si Joko melakukan pembiaran sama koroptor. Sto dirinya sendiri juga koroptor. Gayanya orang solo tu kan ga jelas munafik.,2,2025-10-29T22:02:27Z
At9u_bDYIe0,@zakariyariya215,"Tangkap segera bekas presiden Jokowi alias Mulyono, tangkap semuanya bekas bekas menteri keuangan era Jokowi, tangkap semuanya bekas bekas kepala bea cukai Indonesia, tangkap semuanya aparat aparat yang terlibat dalam kejahatan yang luar biasa ini, adili mereka semuanya, hukum mati anjing 🐕 anjing 🐕 koruptor yang terlibat dalam kejahatan  luar biasa ini, tembak mati mereka semuanya di lapangan umum, setelah itu blender bangkai bangkai mereka semuanya, selanjutnya buang bangkai mereka semuanya ke laut untuk menjadi santapan ikan, itu adalah wujud bahwa bangkai bangkai mereka tidak akan pernah di terima oleh pangkuan ibu Pertiwi, anjing 🐕 anjing 🐕 para koruptor ini adalah penghianat / musuh bangsa dan negara republik Indonesia yang nyata, anjing 🐕 anjing 🐕 para koruptor ini adalah musuh yang nyata bagi bangsa dan negara republik Indonesia, sudah sangat pantas sekali mereka semuanya mendapatkan hukuman yang setimpal seperti itu, anjing 🐕 koruptor, anjing 🐕 koruptor, anjing 🐕 koruptor,",0,2025-10-29T21:56:48Z
At9u_bDYIe0,@phonenet8325,"Harga beras turunkam kasiañ
Orang miskin Indonesia 
Harga minyak",1,2025-10-29T21:24:54Z
At9u_bDYIe0,@imroncimot-v6c,Mantap ..👍👍👍MAJU TERUS PAK MENTRI RAKYAT BERSAMAMU.....,7,2025-10-29T21:22:58Z
At9u_bDYIe0,@akusudahtua1929,Memang di ķndonesia lau dikasi orang yng baik kayaknyà alerghi,35,2025-10-29T21:11:25Z
At9u_bDYIe0,@OmaSofie,"Ya Rabb , ku mohon londungi bapak purbayajuga bapak Anies Rasid Baswedan yang sedang dalam bahaya, beserta keluarga besar mereka dari dajjal yang berwunud manusia dzalim sedzalim2nya yang tidak takut hukumMu Ya Rabb🤲🤲🤲🙏 Aamiin Ya Allah Ya Rabbal alamiin, aamiin Allahumma aamiin, Subhanallah",2,2025-10-29T20:46:42Z
At9u_bDYIe0,@Nersm90,"SEBENARNYA BARANG PAKAIN BEKAS ITU KLO DRI NEGARA SAUDHI DAN SELURUH SAUDHI TDK DI PERJUALKAN KARENABOS SY SETIAP 2 BLN 3 BLN SEKALI ITU ADA YG MENGAMBILNYA ADA KUSUS MOBIL TP BILANGNYA BUAT ORANG ""YG KURANG MAMPU .....TP KNP KO DI INDONESIA MALAH DI BISNISKAN  ITU MAMALUKAN SEKALI PADAHAL DI INDONESIA BEGITU BANYAK SEKALI PABRIK ""TEKTIL TP KO MASYARAKAT MALAH SENANG MEMAKAI BAJU "" BEKAS .",0,2025-10-29T20:38:25Z
At9u_bDYIe0,@Parno-js9ov,"terus maju pak purbaya, tangkap orang2 yang korup, jangan takut dengan nama besar,",16,2025-10-29T20:31:37Z
At9u_bDYIe0,@Jrlatip77,Buat gaduh bersih bersih pak perabowo pantas selalu dijegal biar leha leha majuterus masarakat selalu Manto biar yangkaya korop si biarsetara jelata biar nyoyor yangmiskin sudah capek melihat kekayakan korop si biar merongos.,1,2025-10-29T20:26:04Z
At9u_bDYIe0,@RukmanMail,UNDANG UNDANG PERAMPASAN ASET HARUS SEGERA DI SAHKAN. DEMI MELINDUNGI MENJAGA DAN MENGAMANKAN KE KAYAAN ALAM DEMI RAYAT DAN NEGARA INDONESIA DARI PARA MAPIA/KORUPSI.,54,2025-10-29T20:05:08Z
At9u_bDYIe0,@izzroil44,di kantong jokowi masih ada 11ribu triliun 😂😂,3,2025-10-29T19:08:58Z
At9u_bDYIe0,@adisswasono,werisan era jokowi😢,10,2025-10-29T18:05:15Z
At9u_bDYIe0,@PiyeDul,😎RUU Perampasan Aset itu obat paling mujarrabbb utk meyembuhkan penyakit kronis korupsi & mafia2 apapun ! yg terjadi di Indonesia.. ane suangattt2 mendukung Prabowo Pa Amran Pa Menkeu dg langkah2nya yg berani dan brilian demi rakyatnya.. Tapi alangkah lebih afdol jika ada diperkuat dg disahkannya RUU Perampasan Aset itu lebih2 Josss Gandosss Lagi.. 👍👍👍👍👍👍🇲🇨🇲🇨🇲🇨🇲🇨🇲🇨🇲🇨,3,2025-10-29T17:03:53Z
At9u_bDYIe0,@bobpaing6938,Mobil mewah juga bekas pak  dan motor mewah,19,2025-10-29T16:03:52Z
At9u_bDYIe0,@DadikIrwanSantosa,SRI MULYANI 10 TAHUN KERJA APA??? KORUPSI DI KEMENTRIAN NYA GILA2 AN MALAH PAJAK YG DI GALAKAN....,16,2025-10-29T16:01:04Z
At9u_bDYIe0,@amrizaldatuk804,"Selama masa Sri Mulyani sangat parah, byk kasus besar peg kemenkeu seperti Gayus dll. Kelemahan SMI adalah kurangnya pengawasan dan melindungi org2 internalnya",31,2025-10-29T13:31:57Z
At9u_bDYIe0,@amrizaldatuk804,miss invoicing sejak thn 2014 ? siapa presidennya?,9,2025-10-29T13:01:44Z
H7NnXaQkG4w,@KarMuji-nc6ij,Makannya hidup maha jangan pada kebanyakan gaya dah .pengen terlihat bagus pake barang import .woi produk lokal Mao kemanain kalo selalu import .yg bener lah jadi pemimpin. Noh Iran kaga ada takut2nya Ama Amerika tapi bisa berdiri sendiri tanpa barat 💪✊👏... Maklum negara kuat diamah Persia,0,2025-11-15T15:07:20Z
H7NnXaQkG4w,@ahmadfaizin4016,"lagi"" bea cukai, memang lembaga yang satu ini sangat perlu di bereskan, kayaknya cuma ada mafia saja nih di bea cukai kenapa? karena personilnya rata"" titipan rezim brengsek dan berkoloni bikin dinasti, reformasi total !, biarkan putra"" daerah yang jujur dan kredibel menggantikanya saatnya sistem koruptor kita tumbangkan",0,2025-11-15T14:11:40Z
H7NnXaQkG4w,@Kia_Linas998,"ga bisa sih kalo menteri periksa menteri ,  bisa kalo DPR yg interogerasi menteri , tapi kita semua tau DPR kita kayak gimana , AAAH LAGI-LAGI DPR , ",0,2025-11-15T06:00:57Z
H7NnXaQkG4w,@taufiksaveme,"rakus "" ya ampun dah",0,2025-11-14T03:47:35Z
H7NnXaQkG4w,@Maradikakehidupan,"DISKUSI BUAT ANGKA 1000 TRILYUN, SIAPA YG MEMBUAT ANGKA SETORKAN KE NEGARA, BIAR JADI PEDOMAN, DATA JGN ASAL2 BUAT ANGKALAH JELASKAN DASAR MEMBUAT DAN YANG DI NYATAKAN INI BARANG APA SAJA YG DATANYA BENAR2 REAL, JGN BUAT RAKYAT TERKEJUT TAPI DATA TAK BISA DITELUSURI, BIAR KITA INI JGN JADI BANGSA TDK GO INTERNASIONAL JGN BANGSA LOKAL YG BUAT DATA TAK BISA TELUSUR,.. BANGSA BAR2 SEMUA SERU TAPI TAK BISA DITELUSURI.. , BANGSA ABAL2 NAMANYA DATANYA DIANGAN2 YA... CLEARKAN DATA DAN ISU MEMANG MAMPU TELUSUR...",0,2025-11-13T11:56:21Z
H7NnXaQkG4w,@bumiwangi69,"Asal muasalnya kan yg buat kebijakannya kemaren dpt gelar pahlawan, toh pondasi kuat budaya koruptor dipupuk dari masa orba",1,2025-11-12T14:44:13Z
H7NnXaQkG4w,@LangatHulu-n1t,Maling semua pak bear cukai,0,2025-11-12T07:24:22Z
H7NnXaQkG4w,@spom049,Gak perlu ke antartika kejar koruptor wo wo depan hidung mu itu bejibun maling,0,2025-11-12T01:34:10Z
H7NnXaQkG4w,@TiniHartinah-j8i,Gibran bisa apa  planta plongo,0,2025-11-11T12:47:35Z
H7NnXaQkG4w,@SapardiAhmad,Impor pakaian bekas itu sudah sangat meresahkan pelaku UMKM.,0,2025-11-11T09:05:31Z
H7NnXaQkG4w,@KoyongsekayuKoyong,Ganti ajah kepalah beacukai.ganti ibususi.mentri perdagangan ganti ahok,0,2025-11-11T07:45:55Z
H7NnXaQkG4w,@MohsandiHidayat13,",,Kok C Bablil  🎉😊😊 mazih.aktif..katanya.mau.   Di gantti.?? 3:45",0,2025-11-11T02:35:52Z
H7NnXaQkG4w,@RahasiaKehidupanIslami,"gila donk.... semua semua tugas purbaya donk kalo gini.. harusnya kan mentri yang lain yak... ada mentri perdagangan untuk urus2 trifting dan import, ada mentri pertanian untuk sawit, tapi gua percaya sih purbaya jadi presiden jauh lebih baik daripada si wowo",0,2025-11-10T13:23:54Z
H7NnXaQkG4w,@Oppoa7sAziz,"Menteri Menkeu, punya  caranya sendiri broo, untuk kerja nya, bukan cuma omon2 saja, untuk tindak mafia di Indonesia ini.",0,2025-11-10T11:03:16Z
H7NnXaQkG4w,@ramahadiyono3297,"Ini baru menteri kerja sungguh sungguh, menteri menteri yang lain mana?",0,2025-11-10T10:22:08Z
H7NnXaQkG4w,@antonanton4493,"Pemerintah harus lebih tegas akan hal ini demi kehidupan UKM yang jual barang yang berbasis legal...
Seharusnya sampai pedagang yang jual ilegal harus di tindak tegas karena mereka mengetahui bahwa yang di jual itu ilegal",0,2025-11-09T16:25:23Z
H7NnXaQkG4w,@lateupload,kuncinya si bea cukai,0,2025-11-09T15:59:31Z
H7NnXaQkG4w,@satriaali-fh4sb,Mantap bung Nursy,0,2025-11-09T10:36:40Z
H7NnXaQkG4w,@awanmegamendung8338,"selalu ada yg mau meluruskan kerusakan sistem walaupun dirinya terancam.
padahal dia sendiri tidak mendapatkan apapun karena sudah berkecukupan.
itulah murni karena perjuangan.
gerilya di zaman modern, zaman penjajahan model baru.",0,2025-11-08T23:12:05Z
H7NnXaQkG4w,@muhammadyunus6273,Mulyani dulu saya kira kamu hebat ternyata belum apa apa di bandingkan purbaya,0,2025-11-08T07:39:36Z
H7NnXaQkG4w,@peeman-n3b,Pantesan Negara miskin trs... Ternyata selama ini koruptor bersenang²,0,2025-11-08T04:19:13Z
H7NnXaQkG4w,@bozzdicky,sahkan uu perampasan aset koruptor,0,2025-11-08T04:00:23Z
H7NnXaQkG4w,@AliMudin-d1g,"bea cukai yg  di pimpin oleh danjen kopasussus jendral bintang 3,,tapi tidak punya gigi ,,,tolong pak presiden prabowo ganti lagi kepala bea cukai,sepertinya kepala bea cukai belum mampu bekerja sebagai kepala bea cukai,,,padahal dia bintang 3 dari danjen kopassus..tapi tidak langsung beradaptasi di bea cukai, bea cukai adalah biang kerok export imoort,tapi kepala bea cukai hanya di bohongi anak buahnya di lapangan,,,inti utamanya kepala bea cukai tidak bisa bekerja,karena masih di bohongi anak buahnya yg ada di lapangan,..",0,2025-11-08T01:54:45Z
H7NnXaQkG4w,@sendiri_kopi,"Pas yang dilakukan dulu sama bu susi.
Tenggelam kan,
Kami Indonesia punya harga diri maruah bangsa.

Jangan ada kata maaf bagi pelanggaran
Jangan ada pemutihan",0,2025-11-06T01:11:10Z
H7NnXaQkG4w,@Samsuri-o5v,"Masarat juga kita awasi,jangan mau Nerima suap.
Dpr kita gempur lagi biar UUD perampasan aset segera disahkan.",0,2025-11-05T22:13:54Z
H7NnXaQkG4w,@Samsuri-o5v,"Kalau ada partai yang terlibat,kita gembosin pemilu mendatang
Kita publikasikan kemasarakat basar2an.",0,2025-11-05T22:09:04Z
H7NnXaQkG4w,@Samsuri-o5v,"Mengerikan !!!! Rakyat harus bangkit diblakang Purbaya,pasangbadan untuk presiden Prabowo.",10,2025-11-05T22:05:27Z
H7NnXaQkG4w,@ekodarminto999,Bukan hanya baju bekas saja pak semua yang terindikasi penyeludupan barang yang masuk ke Indonesia,0,2025-11-05T11:10:40Z
H7NnXaQkG4w,@iriantodaeman4658,"Nggk bisa bang...wewenang purbaya sgt terbatas, beliau hanya anak buah..
klo' presiden.nya plin.plan purbaya nggk bs apa2 jg...dengar aja apa omon2 prabowo ttg solusi KA whoos...ujung2nya bayar utang pk APBN jg kan...",0,2025-11-05T06:49:11Z
H7NnXaQkG4w,@Mudhar-p2o,"pak,mafia dan koruptor tdk akan jerah kalao tdk di hukum mati +asetnya disita,baru orang seperti tersebut itu kami percaya tdk akan lainnya ada yg bisa menerulag.,....efek jera",0,2025-11-05T05:27:10Z
H7NnXaQkG4w,@husnitamrin6549,Klo mentri periksa mentri itu bagus jd jlas gamblang..tp ad mentri yg ngancam lo..klo mengusik dia mka tamat,0,2025-11-05T00:08:11Z
H7NnXaQkG4w,@RadenMas671,Lepas krn duit,0,2025-11-04T15:52:28Z
H7NnXaQkG4w,@Wild_Camel_M2734,"Kan kata ciopung sang Ketua Penasehat,  ya kalau mau jujur di surga manti. 
Sekarang ya curang curang nggak apa apa.
BAGAIMANA MEMPERBAIKI COORPORATE CULTURE YANG BERSIPAT KKN?? 
Kalau prabowo ingin negara makun baik, ganti Zulhas, Luhut, Bahlul, Airlangga segera. Refirmasi Kepolisian, Jagung, Mahkanah agung dàn KPK",0,2025-11-04T14:16:37Z
H7NnXaQkG4w,@Rian123-f7f,tolonhg di selidiki semua pak purbaya..baik dari tambang tambang ilegal dan kelapa sawit kita,0,2025-11-04T12:17:24Z
H7NnXaQkG4w,@VivoTapin-f2f,"Ayu rakyat Indonesia hrs mlwan ,mndukung ,brntas korupsi smpai hbs ,agar Indonesia makmur sejahtera",1,2025-11-04T01:12:15Z
H7NnXaQkG4w,@Wong_Tjilik,"GEMBONG MAFIA NYA ADA DI OKNUM2 ELIT PEJABAT LINGKARAN PENGUASA : INILAH PAGAR MAKAN TANAMAN: MENTAL SUDAH NYUNGSEP PARA ELIT POLITIK, PEJABAT, PEMIMPIN DAERAH !!!!",0,2025-11-04T00:41:37Z
H7NnXaQkG4w,@Hambasahaya8691,"Prof Mahfud kalo masuk Pemerintahan bahaya, karena dia hutang budi sama LBP... jadi pasti segan..",0,2025-11-04T00:38:13Z
H7NnXaQkG4w,@MuhammadDermawan-y9b,"Mantap pak menkeu Purbaya rakyat mndukung kinerja BPK Brantas habis mafia"" dn para koruptor",0,2025-11-04T00:25:38Z
H7NnXaQkG4w,@HalWani-of1vw,Semoga semua menteri jokwi segera di ganti sdh terlalu lama menjabat,0,2025-11-03T23:46:07Z
H7NnXaQkG4w,@HalWani-of1vw,Mantaaaaap tapi carikan solusi rakya yg bekerja sebagai penjual baju bekas,0,2025-11-03T23:44:09Z
H7NnXaQkG4w,@imammoencar1235,"koq ngomong sekarang  min min ,",0,2025-11-03T13:44:39Z
H7NnXaQkG4w,@citrapangaribuan9981,amin,0,2025-11-03T10:41:05Z
H7NnXaQkG4w,@UserMasMov,Itu jaman Jokowi ada orang yang melindungi mavia dan Menku nya beda tapi sekarang beda yang salah ya di adili beres,0,2025-11-03T10:13:21Z
H7NnXaQkG4w,@HendoraHendri,Bagus analisa nya ...,0,2025-11-03T09:26:19Z
H7NnXaQkG4w,@kanankiri3471,Oknum bea cukai sering ibadah tapi doyan duit haram.,0,2025-11-03T02:37:52Z
H7NnXaQkG4w,@gondezgondez-1649,10.000 trilyun bisa untuk bantu negara melunasi hutang2,0,2025-11-03T01:23:37Z
H7NnXaQkG4w,@hijrahsaputra5123,Seperti Sri Mulyani seharusnya di tangkap tapi apa yg terjadi di diamkan hhhh padahal mantan Menkeu adalah sumbernya negara terlilit hutang dan rakyat miskin,1,2025-11-03T01:20:54Z
H7NnXaQkG4w,@rcsamsung2745,POTONG SATU GENERASI GANTI SEMUANYA DI BEA CUKAI DR DIRJEN SAMPAI LAPANGAN COPOT SEMUA GANTI2 AYO BERSIH2,0,2025-11-02T14:04:43Z
H7NnXaQkG4w,@mbantumanten3075,"Ngomong pasokan kurang padahal
Milik petani gk keserap demi impor dan untuk komisi  uang",0,2025-11-02T04:52:17Z
H7NnXaQkG4w,@iwayandarta8765,Permainan  antara penguasa yang berwenang dengan mafia import juga dengan  petugas bea cukai kesalahannya dilindungi  penguasa    !,0,2025-11-02T03:05:03Z
H7NnXaQkG4w,@Arkanza45,"Pantesan saya liat org bea cukai kaya kaya ternyata begitu cara nya. Aduh kebayang hidup dalam negara tapi di ancurin sendiri org bea cukai, gimana kalo di hukum mati aja org org begitu.",0,2025-11-02T01:14:07Z
H7NnXaQkG4w,@GoestyWirasastra,"Aneh bin ajaib, negara yg konon kaya raya, tapi jadi tempat pembuangan limbah/sampah dari negara lain, IRONI dan IRONI",0,2025-11-01T23:49:19Z
H7NnXaQkG4w,@monkeydomonkeysee5891,"Kalo koar koar kayak gini kapan di tangkap nya keburu kabur 
😅",0,2025-11-01T14:25:49Z
H7NnXaQkG4w,@heruschannel5055,Mafia pejabat hitam,0,2025-11-01T13:15:38Z
H7NnXaQkG4w,@geovani867,Pak Prabowo Subianto mohon diberikan kuasa kepada pak Purbaya untuk memilih Mentri perdagangan dan Mentri perekonomian. Agar sejalan pemerintah bapak untuk Indonesia maju.,0,2025-11-01T12:38:50Z
H7NnXaQkG4w,@AkhnanPamungkas,Rakyat susah karna dikorupsi pejabat pemerintah,0,2025-11-01T12:35:36Z
H7NnXaQkG4w,@SaritoSarito-x5y,"😂😂disaat MENKEU yg dulu mungkin kasus macam² gini byk yg lolos,, harusnya tangkap proses jgn sampe ada beking² macam ginian.",0,2025-11-01T11:17:11Z
H7NnXaQkG4w,@OmSendi88,Kenapa hanya Pak Purbaya yg bertindak kenapa yg.lain Ekonom yg jago jago dan berkoar koar di podh cash dan TV yg jago jago tidak bertindak baru lkut lkut skrg setelah NKRI hampir kolep...mestinya kompak kalo lngin Selamatkan NKRI secara lkhlas dan Tulus serta tegas dan berani kenapa hanya Pak Purbaya saja .dan Pak Purbaya harus memeriksa Sri Mul sepertinya dia lah biang keroknya..Sikat habis semuanya Pak Purbaya jangan kasih Ampun....,0,2025-11-01T11:00:44Z
H7NnXaQkG4w,@SonyIreng-r4u,BERLAKUKAN KEMBALI UU SUBVERSI...!!,0,2025-11-01T10:28:34Z
H7NnXaQkG4w,@PRNT-ID,"KENAPA DI CUT PERNYATAAN DARI PAK IHSAN NURSI? PADAHAL ITU PENTING, ATAU METRO MENGANGGAP ITU HOAX?",0,2025-11-01T08:50:05Z
H7NnXaQkG4w,@mnagari-wg1tt,MAJU TERUS. KEJAR SEMUA UANG2 NEGARA YG DIGARON  G. BUAT KESEJAHTERAAN RAKYAT. BUAT BAYAR UTANG NEGARA. RAKYAT MENDUKUNG. BUANG TIKUS2 KE TENGAH LAUT. IKAN HIU BUTUH MAKAN.,0,2025-11-01T08:28:00Z
H7NnXaQkG4w,@kulonprogo5473,Alfamart Indomart dibatasi pak.satu kabupateb cukup satu.baru umkm bs hidup,0,2025-11-01T06:01:40Z
H7NnXaQkG4w,@dr.marwansetiawan4890,"*TUNJANGAN PEJABAT DAERAH DAN ETIKA PENGELOLAAN INSENTIF DALAM PERPEKTIF KEADILAN DAN HUKUM ISLAM*

Yayasan Jamiiyyatul Ulum Almarwani

Pendahuluan
Pejabat daerah memiliki tanggung jawab besar dalam menjalankan roda pemerintahan, mengatur pembangunan, dan memberikan pelayanan kepada masyarakat. Sebagai bentuk penghargaan atas tanggung jawab dan beban kerja tersebut, negara memberikan tunjangan jabatan dan fasilitas resmi sesuai dengan ketentuan hukum. Namun, persoalan muncul ketika terdapat insentif tambahan di luar aturan resmi, misalnya sebagian penerimaan yang bersumber dari pajak kendaraan bermotor (R-2, R-4, R-6, dan sebagainya) dialihkan sebagai bonus atau “imbalan kinerja” kepada pejabat tertentu.

Pertanyaan moral dan keagamaan pun timbul: apakah bentuk insentif semacam ini termasuk halal atau haram, terutama jika dirasakan merugikan atau menzalimi rakyat?

Tinjauan Yuridis dan Administratif
Dalam sistem hukum Indonesia, tunjangan pejabat daerah diatur secara ketat melalui peraturan perundang-undangan, antara lain:
1. Undang-Undang Nomor 23 Tahun 2014 tentang Pemerintahan Daerah,
2. Peraturan Pemerintah Nomor 58 Tahun 2005 tentang Pengelolaan Keuangan Daerah, dan
3. Permendagri Nomor 13 Tahun 2006 tentang Pedoman Pengelolaan Keuangan Daerah.

Semua penghasilan pejabat daerah termasuk gaji, tunjangan, dan fasilitas harus ditetapkan melalui APBD (Anggaran Pendapatan dan Belanja Daerah) yang disetujui bersama DPRD dan kepala daerah. Setiap bentuk penerimaan di luar APBD, apalagi bersumber dari pos pajak rakyat tanpa dasar hukum yang sah, dapat dikategorikan sebagai pelanggaran administrasi dan bahkan tindak korupsi.

Dengan demikian, secara hukum negara, insentif yang diambil dari sumber pajak publik tanpa dasar hukum tidak dapat dibenarkan karena berpotensi menyalahi prinsip akuntabilitas dan keadilan fiskal.

Perspektif Etika dan Hukum Islam
Dalam pandangan Islam, pengelolaan harta publik memiliki kedudukan yang sangat sakral. Rasulullah SAW bersabda:“Barang siapa yang kami pekerjakan untuk suatu urusan, lalu ia menyembunyikan (mengambil) sesuatu di luar haknya, maka itu adalah ghulul (pengkhianatan).” (HR. Muslim)

Ghulul berarti mengambil bagian dari harta publik yang bukan haknya. Dalam konteks ini, insentif atau tambahan dari pajak kendaraan bermotor yang tidak ditetapkan secara sah dan transparan termasuk dalam kategori harta yang syubhat, bahkan bisa haram apabila:
1. Tidak ditetapkan berdasarkan peraturan resmi,
2. Tidak mendapat persetujuan rakyat (melalui DPRD), dan
3. Memberatkan masyarakat secara tidak proporsional.

Islam menegaskan bahwa pemimpin adalah “ra’in” (penggembala) yang akan dimintai pertanggungjawaban atas amanah rakyatnya. Setiap rupiah dari pajak yang dibayarkan rakyat adalah titipan yang harus dikelola dengan adil, bukan sumber keuntungan pribadi.

Dampak Sosial dan Moral
Jika pejabat menerima insentif tambahan dari dana pajak secara tidak sah, hal ini menimbulkan beberapa dampak negatif:
1. Menurunnya kepercayaan publik terhadap pemerintah daerah.
2. Kesenjangan sosial antara pejabat dan rakyat semakin lebar.
3. Pencemaran moral birokrasi, karena contoh yang buruk akan diikuti oleh aparatur di bawahnya.
3. Tertutupnya peluang pemerintahan yang bersih (good governance) karena adanya praktik “pembenaran moral” terhadap hal yang tidak semestinya.

Prinsip Ideal: Transparansi dan Amanah
Dalam Islam, prinsip pengelolaan keuangan publik harus memenuhi nilai:
1. Amanah (integritas): tidak mengambil sesuatu yang bukan haknya.
2. Adel (keadilan): memastikan kebijakan fiskal tidak membebani rakyat kecil.
3. Syura (musyawarah): setiap kebijakan keuangan harus disetujui bersama lembaga perwakilan rakyat.
4. Maslahah (kemaslahatan): penggunaan dana publik harus membawa manfaat nyata bagi masyarakat luas.

Dengan demikian, tunjangan pejabat daerah yang ditetapkan secara resmi dan transparan adalah halal dan sah, sedangkan insentif tambahan di luar ketentuan, apalagi dari pajak kendaraan rakyat, berpotensi menjadi haram karena mengandung unsur ketidakadilan dan penyelewengan amanah.

Penutup
Tunjangan pejabat daerah adalah hak yang sah bila sesuai aturan. Namun, bila pejabat mencari keuntungan tambahan dari pajak rakyat tanpa dasar hukum, maka perbuatan tersebut dapat dikategorikan sebagai tindakan tidak etis, menzalimi masyarakat, dan haram menurut hukum Islam.
Pemimpin sejati bukan yang memperkaya diri dari uang publik, melainkan yang menjadikan kekuasaan sebagai sarana ibadah dan pengabdian kepada Allah SWT serta kesejahteraan rakyatnya.
Demikian semoga pemimpin kita diselamatkan oleh Allah SWT.",0,2025-10-31T23:19:36Z
H7NnXaQkG4w,@gsambada4893,Bahaya mafia Media metro yg mengangkat Jokowi secara nerlebihan,0,2025-10-31T22:59:21Z
H7NnXaQkG4w,@RudiEstelley,Tumben si BOTAK Irsan ini benar omongannya,0,2025-10-31T21:18:44Z
H7NnXaQkG4w,@FatiraFitrirahmandani,Negara hancur krn pemerintanya sekke kpd rakyatnya,0,2025-10-31T13:29:11Z
H7NnXaQkG4w,@icalove6067,Ayok masyarakat awasi periksa para pengendali kebijakan kebijakan yg tidak menguntungkan,0,2025-10-31T11:23:07Z
H7NnXaQkG4w,@Ekaswati-ok5qj,"Ya Pantesan Pabrik Terktil Pada Pailit! 
Puluhan Tenaga Kerja Pada hilang Pekerja,Anya.
Ternyata Para Pelaksana Birokrasinya Tikus got sama hantu semua.",1,2025-10-31T10:30:26Z
H7NnXaQkG4w,@lismaryam9390,"Semoga pak ichsan panjang umur, sehat selalu...tetap semangat mengkritisi",23,2025-10-31T09:57:03Z
H7NnXaQkG4w,@abanarifin-mt6yz,"Seharusnya Bung IKSAN yg Cocok jadi Mentri perdagangan,👍👍👍",14,2025-10-31T09:50:20Z
H7NnXaQkG4w,@duliduli7909,Tertahan bisa terlepas 😅😅😅😅😅😅😅😅artinya ada pelicin bos 😅😅😅😅😅😅😅😅,1,2025-10-31T08:59:10Z
H7NnXaQkG4w,@agushs8784,"Walaupun pendeta atau ustad ditugaskan di bea cukai dan pajak itu, akan tetap bocor😂😂😂 termasuk pengamat ini akan terpengaruh.. Itulah hebatnya uang... mata akan merah melihat uang",0,2025-10-31T06:45:07Z
H7NnXaQkG4w,@Misbahul-,Mau masukin baju bekas ke RI sebanyak mungkin😂😂😂😅biar hancur UMKM.....negara urus masalah sampah aja g beres2....gmn gak hancur lebur usaha,0,2025-10-31T04:26:26Z
H7NnXaQkG4w,@MarsudiAmd,"Rubah aja aturan, yg melanggar tangkap",0,2025-10-31T03:44:34Z
H7NnXaQkG4w,@alexsalapan6329,"Ini AWALNYA ulah si ZUKIFLI HASAN (Mentri Perdagangan zaman JOKOWI).
Dia yg BIKIN ATURAN agar IMPOR ILLEGAL itu BOLEH",0,2025-10-31T02:49:36Z
H7NnXaQkG4w,@Tenjoleat,"Dengan hadirnya pa purbaya,Sekarang rakyat mulai punya mimpi dan harapan.",0,2025-10-31T01:34:36Z
H7NnXaQkG4w,@muddinlimbong3742,"Berarti selama jaman jokowidodo, sampai saat ini pk prabowa, mentri perdagangan, Kok ngk ada eksien kerjanya, apa mungkin memelihara ilegal keluar masuk barang dgn sengaja? Mentri perdagangan penting serius di kpk kan(di periksa).",0,2025-10-31T00:17:59Z
H7NnXaQkG4w,@STORY_SUPERPERSON,Kejujurannya nurudin... Tooop,0,2025-10-30T23:01:15Z
H7NnXaQkG4w,@gibrantv4254,Baju bekas juga byk peminat 😂😂,0,2025-10-30T15:52:50Z
H7NnXaQkG4w,@muhammadmursal6298,BENAR 100.000 %,0,2025-10-30T15:20:25Z
H7NnXaQkG4w,@sahilhanifmuazzar5299,Semoga Pak Ikhsan d panggil Pak Prabowo untuk membantu kerja Pak Purbaya kalau melihat dari pengetahuan dan kepribadian nya.,0,2025-10-30T15:03:00Z
H7NnXaQkG4w,@sahilhanifmuazzar5299,Mantap  hajar,0,2025-10-30T14:58:24Z
H7NnXaQkG4w,@newtechnology7181,Bisa jadi Pejabatnya berubah menjadi mafia yang tak sadar diri membuat kebijakan melawan hukum,0,2025-10-30T14:58:20Z
H7NnXaQkG4w,@burungmbahkung,Demi keamanan Pak purbaya harus dapat pengawalan khusus,0,2025-10-30T14:45:47Z
H7NnXaQkG4w,@nopnopp7,mantap gas terus pak... jangan biarkan mafia dan elit politik mencuri uang rakyat,0,2025-10-30T14:38:41Z
H7NnXaQkG4w,@AsmanAsman-p7c,Setelah Menkeu di era Jokowi lengser dan pak Purbaya datang rakyat mata nya terbuka.betapa bobrok nya di era presiden jokowi,0,2025-10-30T13:42:30Z
H7NnXaQkG4w,@inodohc1404,dgn alasan buat keuntungan sosia uang negara di hambur hamburkan klo gini terus kapan negara bisa maju untung bpk presiden waspada klo bisa semua elemen harus kompak lawan pemborosan,0,2025-10-30T12:57:28Z
H7NnXaQkG4w,@MurhabanBatam,Bagaimana dgn keberadaan indomaret Alfamart juga mematikan UMKM di masyrakat tolong di repormasi di samping itu konsumen kalau belanja kantong kresek minta tambahan harga 300  rupiah,0,2025-10-30T12:44:19Z
H7NnXaQkG4w,@teguhkarnowidodo5263,nilainya bisa jadi lebih besar dr 10.080 T krn terjadi jangka waktu 10 th ditambah era dr rejim suharto - sby bisa ditracking rekam data transaksi digitalnya pasti ada miss invoicing ekport-improt komoditi...,0,2025-10-30T12:26:24Z
H7NnXaQkG4w,@LindaS-z1n,P PURBAYA rakyat bersamamu.. Sehat selalu Pak,0,2025-10-30T12:20:19Z
H7NnXaQkG4w,@wahyuseven518,Pemeriksaan menri lain urusan KPK lah ..masa purbaya suruh usut,0,2025-10-30T12:18:09Z
H7NnXaQkG4w,@MhdkhalidPmh,INTINYA MEDIA PERS HARUS LEBIH BANYAK MENGUSUT TUNTAS SETIAP PEMBERITAAN & JGN KALAH DENGAN MEDIA SOSIA,0,2025-10-30T12:12:43Z
H7NnXaQkG4w,@MinthiSarminthi,Indonesia semua ada kenapa inporl ..,0,2025-10-30T11:58:30Z
H7NnXaQkG4w,@refauziemran8648,"Di putih kan saja, sama dengan tipo saliro, itu kan adat Jawa, akhirnya semua nya ngak jelas aturan main nya.",0,2025-10-30T10:49:25Z
H7NnXaQkG4w,@KucingSora,Ganti mentri perekonomian nya sama menteri perdagangan nya,0,2025-10-30T09:44:49Z
H7NnXaQkG4w,@afarerumara200,Fuad Bawazier jadi menteri ketika saya masih SMP,0,2025-10-30T09:39:45Z
H7NnXaQkG4w,@RamitoRamlan-mt5pj,Mantaf Bro . Sikat Habis Mafia nya . Jangan Takut Maju Terus Pantang Mundur .,6,2025-10-30T09:08:07Z
H7NnXaQkG4w,@NengahKonder,"IND sejahtera?.
Prabowo harus bentuk ""dewan revolusi"".",0,2025-10-30T06:20:04Z
H7NnXaQkG4w,@rofinadau8405,Mantan menkeu gak bisa  ngatasin,0,2025-10-30T05:43:58Z
H7NnXaQkG4w,@rofinadau8405,Bea Cukai banyak tikus got,0,2025-10-30T05:42:08Z
H7NnXaQkG4w,@rofinadau8405,Satu kata negara ini di kuasai MAFIA kelas kakap & KORUPTOR,0,2025-10-30T05:41:20Z
H7NnXaQkG4w,@mastolatole6207,Kalau ada pejabat atau orang yg terhubung dgn partai takkan sependapat dgn para analisis krn dia itu juga bagian dr mafia itu sendiri.,0,2025-10-30T05:22:58Z
H7NnXaQkG4w,@WahyudiYudistiraYudi,Emng bener kalau ekspor impor itu bea cukai yg  atur keluar masuk barang ke negara..bea cukai nya kalau otak nya  eror tidak akan beres,1,2025-10-30T05:19:19Z
H7NnXaQkG4w,@dendiskustyawarno6669,"Ijin berpendapat saya dari masyarakat bodoh😅, 
Sistem pemerintahan di negara Indonesia sudah di buat canggih dll tapi dilanggar sendiri, terus kesalahan kesalahan di maklumi. Akhirnya jadi kultur budaya.
KAMI BUTUH PEMIMPIN ING NGARSO SUNG TULODHO ING MADYO MANGUN KARSO TUT WURI HANDAYANI.",1,2025-10-30T05:12:30Z
H7NnXaQkG4w,@SayyidRBahyudiMuhammadWahyuddi,"Satu ajah bisa sikat 10.000 T lama lama hutang Indonesia dibawah kepemimpinan bapak presiden RI Prabowo Subianto bisa lunas jangka 2 tahun ini mah dan stop hutang LG.
Dan buat yg merasa bikin hutang RI selama 10 tahun ke belakang,kalo Indonesia sudah bersih dan hutang,demi Alloh anda Oknum oknum kaga usah baik baikin pak Prabowo Subianto dan jangan ngomong di publik di media sosial seolah kaga punya Dosa karena merasa aman baik adem sejahtera Indonesia ku(nanti saat LG begini oknum2 jangan bicara SPT yg sy larang).
Saya paling jago membaca akurasi dan akurat hal disaat baik Oknum oknum bakal ngomong seperti apa?
diSaat ekonomi RI tidak baik baik saja para oknum merapat ke para munafik para oknum koruptor.
Intinya buat yang merasa ajah yaitu Oknum TDK usah bicara di publik nanti (2 tahun lagi/2028) disaat Indonesia makin baik adem sejahtera,jika benar dr skrg akhir 2025 menyita uang korupsi lebih dr 10.000 triliun dan terus mensita ber triliunan uang yg di korupsi koruptor maka kelak pasti makin indah 2028 setidaknya Hutang Indonesia lunas..apa yg ditinggalkan Jokowi 10 tahun'.

Jangan saat Indonesia baik makin indah eh oknum2 cari muka di presiden dan di publik media sosial,demi Alloh sy kaga ridho. Kalo mau Bener Bener baik depan belakang tidak munafik TDK manipulator ya dr skrg skrg saja✍️kamis 30 Oktober 2025",1,2025-10-30T04:08:04Z
H7NnXaQkG4w,@syarifuddinudin1992,Prabocor 11 12 dgn Jokowi...koruptor d ampuni kasihan KPD anak dan klrganya,1,2025-10-30T04:02:21Z
H7NnXaQkG4w,@adriansyahpapa2356,Pejabat sudah jadi mafia bagaimana Indonesia bisa maju kalau tidak di besihkan pejabat yang berkelakuan Mafia,0,2025-10-30T03:55:20Z
H7NnXaQkG4w,@orlandotigatv754,Kuncinya di beacukai..klau mafia nya bnyak disitu jngan harap berhenti barang ilegal,0,2025-10-30T03:48:33Z
H7NnXaQkG4w,@Sugiono-69,Sdh saatnya pegawai bea cukai yg bagus kinerjanya diberi senjata api yg canggih,0,2025-10-30T03:45:37Z
H7NnXaQkG4w,@MichaelRodney-l6h,"udah baca belum? Purboyo bebaskan derah ngutang. Itu ada ribuan daeah di Indo. 

Suharto ngutang USD 68 miyar saja, USD naik tajam dari 1 US = Rp 7.5  jadi 1 USD = Rp 16.800 sehingga hutangnya naik gila2an dlm Rp. Ketika di minta pertanggung jawabannya, dia milih mati.

Lah ini ribuan kepala daerah di bebasin ngutang.

KPK, Kejaksaan, polisi dan hakim serta pengacara bakalan banjir duit dari kasus2 korupsi ribuan kepala daerah yg di bebasin ngutang.

Habis ngutang, ramai2 kabur ke negara tetangga.

Terus yg bayar siapa kalau kepala daerah korup ramai2?

Satu kepala negara saja INdo hutangnya sdh USd 450 milyar. Apalagi ini ribuan kepala daerah?

Kalau ribuan kepala daerah ngutang, siapa yg ngawasin oligkarhi dan regime Prabowo?

Rp 200 trilyun saja gak berbekas, apa lagi ini di bebasin suruh ngutang?",0,2025-10-30T02:58:09Z
H7NnXaQkG4w,@anyaniapele4654,Baju bekas impor bikin banyak dampak karena memang itu sampah2 luar negeri di jual di sini,0,2025-10-30T02:57:09Z
H7NnXaQkG4w,@italyshopmarosthrift9845,Kesimoulany semua ulah diperintahan jokowi,0,2025-10-30T02:38:21Z
H7NnXaQkG4w,@miskel7568,Barang bekas diipor sama aja kita membeli sampah negara asing untuk diperjual belikan dinegara kita yang menguntungkan bagi importir karna kemampuan daya beli rakyat dipengaruhi oleh gaji dan pendapatan yang sangat sedikit menjadi pemicu minat beli barang bekas yang terjangkau walau bekas yang masih bagus dan layak pakai disini namun dinegara asalnya itu adalah sampah bagi mereka.,0,2025-10-30T02:32:12Z
H7NnXaQkG4w,@miskel7568,"Ternyata ohh ternyata penghancur industri tekstil di negara ini adalah mafia impor ilegal menjadi legal melalui pintu beacukai Indonesia,korbanya usaha kecil dan menengah memiliki pesaing dengan menjatuhkan harga jual produk tekstil Indonesia yang kurang pembeliinya.",0,2025-10-30T02:26:31Z
H7NnXaQkG4w,@agamputraputra8833,Mentri perdagangan dan aparat terlibat diperiksa juga,21,2025-10-30T01:56:36Z
H7NnXaQkG4w,@kurirpolman,"Cocok memang bea cukai, KPK,POLRI,pengadilan,HAM,BPK, BUMN,PERINDUSTRIAN WAJIB DIBAWAH NAUNGAN PAK PURBAYA…. KALAU PERLU GANTI SEMUA PEGAWAINYA DIGANTI DENGAN ORG2 amanah.. banyak tuu yg bisa kerjakan yg takut korupsi salah satunya anak2 muda ex santri yg cerdas lean lincah dan ikhlas bekerja klu perlu turun tangan ganti mereka semua jalan satu2 nya 99% berhasil….",0,2025-10-30T01:27:29Z
H7NnXaQkG4w,@TonoDjumartono-po8rd,Sikat elite politik moral bejat.😅,1,2025-10-30T00:59:03Z
H7NnXaQkG4w,@XaliLello,untuk mengatasi impor baju bekas sebaiknya kita harus memperbaiki. kualitas produksi kita misalnya 1 kualitas tekstilnya. 2 kualitas kompeksinya. mksh,1,2025-10-30T00:45:43Z
H7NnXaQkG4w,@RafiArrasyid-br7gf,JOKOWI LAH MAFIA BESARNYA,1,2025-10-30T00:26:35Z
H7NnXaQkG4w,@audione6219,"Setuju yang disampaikan pak Ichsan Nurdin Noorsy, Purbaya didepan  kamera jago cuap2 dan menikmati ketenarannya didukung netizen  dengan gaya koboinya, tapi instansi di kementriannya masih berantakan  apalagi bea cukai sampai saat ini belum ada tindakan nyata",1,2025-10-30T00:24:19Z
H7NnXaQkG4w,@YulMan-gh8td,Memang indonesia sudah terlalu Fara mafia mafia semua fejabat lama tidak dafat di fercaya lagi afa di pemerintahan 1othn fak jokoui  sangat Fara fulau saja di jual siafa mafia nya,1,2025-10-30T00:20:41Z
H7NnXaQkG4w,@safriadigucci9588,"Aputasi semua,ganti degan yang baik",1,2025-10-29T23:46:53Z
H7NnXaQkG4w,@arifinarifin773,Memotong generasi artinya perubahan aturan hukum secara mendasar dan penegakan hukum tegas benar seperti yang saat ini dilakukan oleh presiden Prabowo Subianto,1,2025-10-29T23:44:36Z
H7NnXaQkG4w,@KoyongsekayuKoyong,Kalau Mentri ekonom yg lama tak di ganti.sia sia?udah tahu kerjanya?coba ganti dg.ibu susi.mendag.menpeg.irsan nursi.oast kreen,1,2025-10-29T22:51:57Z
H7NnXaQkG4w,@KoyongsekayuKoyong,Irshan nurdin.mantab jadi perdagangan.biar nyambung dg purbaya,2,2025-10-29T22:48:00Z
H7NnXaQkG4w,@KoyongsekayuKoyong,Yg namanya impor.harusnya beacukai yg paling mengetahui barang masuk,0,2025-10-29T22:47:00Z
H7NnXaQkG4w,@KoyongsekayuKoyong,Yg jelas yg bertanggung jawab Mentri perdagangan.pihak keamanan?kalau memang elegal??,0,2025-10-29T22:45:51Z
H7NnXaQkG4w,@kiosvendingmachinejakarta,"Dipastikan semua menteri saat ini bermain dibelakang kebijakan, seharusnya menteri perdagangan jelas memberi aturan ketat barang2 yg akan diperdagangkan di pasar apakah barang dengan status legal atau ilegal? Karena bila ilegal jelas menghancurkan produk dalam negeri dan pengurangan pendapatan negara melalui pajak, ini yg nanti akan dibasmi menteri keuangan kedepannya.",0,2025-10-29T22:38:18Z
H7NnXaQkG4w,@MuhammadzidanYusuf,Ichsan nudin kenapa ga di pake oleh pemerintah ya padahal pinter dan jujur tegas,0,2025-10-29T22:30:17Z
H7NnXaQkG4w,@deskav7793,"Ada apa dengan Telkom, Pertamina dan PLN? Kok katanya asetnya mau dijual",0,2025-10-29T21:50:21Z
H7NnXaQkG4w,@muntahaljaza2307,"Saya hanya bisa bantu do'a saja pak, semoga Indonesia bisa semakin bersih",0,2025-10-29T21:14:55Z
H7NnXaQkG4w,@daddykeren9924,"NEGARA RUGI RATUSAN TRILIUN HANYA DARI SATU KERJAAN SAJA YAITU AKTIFASI SIGNAL UNTUK PONSEL HP BLACK MARKET.

ADA LEBIH DARI 20 JUTA UNIT HP BLACK MARKET YANG MASUK KE INDONESIA. SATU KALI AKTIFASI ILEGAL USER MEMBAYAR KURANG LEBIH 200.000 UNTUK 3 BLN. JIKA DITOTAL DALAM 1 TAHUN NEGARA KEBOCORAN UANG 40T X 4= 160 TRILIUN / TAHUN YANG DIGELAPKAN DARI SATU KERJAAN KECIL SAJA.

PURBAYA HARUS MELEK SIAPA PELAKU KASUS INI. SEGERA USUT PEGAWAI BEA CUKAI YANG BERMASALAH DAN TERLIBAT MERUGIKAN UANG NEGARA.",0,2025-10-29T18:08:55Z
H7NnXaQkG4w,@TITOETNUGRAHA-o5x,HUKUMAN MATI JLN SATU-SATUNYA!!! GX ADA KOMPROMI.,0,2025-10-29T16:12:50Z
H7NnXaQkG4w,@BambangWidoyoko-g5p,Tangkap proses hukum bea cukai dan pajak,0,2025-10-29T10:11:45Z
H7NnXaQkG4w,@adityanpermana3561,In Purbaya we trust,0,2025-10-29T10:09:36Z
H7NnXaQkG4w,@VeriBaliRoads,"kenapa malah nyalahin pak purbaya ya, beliau lho cuma menteri ekonomi.. ga bisa semua hal.. beliau juga sering ngomong hanya akan berjalan di koridor nya sendiri.",0,2025-10-29T09:42:01Z
H7NnXaQkG4w,@aikoyunichi-m7g,Kalau saya lihat yang namanya Ichsanuddin Noorsy ini pintar pemikirannya..,0,2025-10-29T09:34:31Z
H7NnXaQkG4w,@Avri_09,"Mantap, biar ekonomi lokal bisa bergerak",5,2025-10-29T08:47:58Z
H7NnXaQkG4w,@doddymarantha7747,Negara calo,0,2025-10-29T07:10:40Z
H7NnXaQkG4w,@alankardiansyah4410,Mendingan beli produk anak bangsa,0,2025-10-29T07:10:21Z
H7NnXaQkG4w,@alankardiansyah4410,Iya sih ngapain ya beli baju bekas dr luar padahal pakaian buatan anak negri bagus bagus murah lagi,0,2025-10-29T07:09:50Z
H7NnXaQkG4w,@Icatriana-m9e,Lanjutkan pak Purbaya libas semua,0,2025-10-29T06:10:08Z
H7NnXaQkG4w,@kicauindah4526,Di kehawatirkan pak purbaya sudah menjadi Singa Tapi pak prabowo melempem,5,2025-10-29T05:36:56Z
H7NnXaQkG4w,@nabilnazmi1668,"INTI NYA UNTUK MEMAJUKAN EKONOMI ITU MUDAH.YANG SUSAH MEMPERBAIKI AHLAK MASING""PARA PEJABAT",2,2025-10-29T05:05:07Z
H7NnXaQkG4w,@oboaliita6376,"BPK Ikhsanudin norsi harusnya 
Berada dalam kabinet BPK presiden Prabowo",3,2025-10-29T04:29:10Z
H7NnXaQkG4w,@rajahbanjur2494,Pak iksan dia hebat bicara angkat dia jadi mentari perdagangan,18,2025-10-29T04:25:42Z
H7NnXaQkG4w,@KartiAyu-j3o,"Maasyaa Allah...Pak Fuad bawazier ini kok awet banget ya,jadi mentri dari jaman Mbah harto tapi masih terlihat sehat bugar.",5,2025-10-29T04:13:04Z
H7NnXaQkG4w,@tokokoeu6736,Semenjak Purbaya membuka data harga gas LPG 3KG dulu di bontang gas 3kg 31 sekarang jadi 21 gilee mafianya ambil duit 10rebu,9,2025-10-29T03:50:00Z
H7NnXaQkG4w,@MTayudin,"Nice debat, Good👍👍👍",3,2025-10-29T03:38:30Z
H7NnXaQkG4w,@AxcelCell-y6v4n,Kalian cuman pintar bicara.hey ketahuilah.memberantas kerupsi.nyawa taruhannya bos bos yg cuman pintar ngmong itu.,1,2025-10-29T03:32:45Z
H7NnXaQkG4w,@AxcelCell-y6v4n,Sudah susa2 pemerintah memberantas koruptor dan barang ilegal.bukan mendukung malah di salahkan.pemerita sebelum2nya kenapa tidak di permasalahkan.sekarang ini orang pintar.paling banyak pintar ngomong saja.kalian jangan pintar kritik pemerintah.tapi bantu pemerintah merantas perusak bangsa ini.jamgan cuman duduk dan mengkritik.kerja bos.,5,2025-10-29T03:28:55Z
H7NnXaQkG4w,@BaharulHasan-n6n,Pak purbaya rajyat dibelakang pak pur,4,2025-10-29T03:12:02Z
H7NnXaQkG4w,@BaharulHasan-n6n,Pejabat yang jadi mafia  kebocoran Anggaran dan penyeludupan yang merugikan negara  itu adalah penghiatan  NegaraHukum mati saja,3,2025-10-29T03:11:05Z
H7NnXaQkG4w,@imronsyafeichenel264,Mentri terbaik sepanjang sejarah indonesia. Gila revolusi besar besaran . Pejabat indonesia di ajari cara bernegara yg benar,4,2025-10-29T02:58:13Z
H7NnXaQkG4w,@suhardisuhardi1001,Mengapa srimolyono dulu tidak memberantas?,1,2025-10-29T02:44:55Z
H7NnXaQkG4w,@WakApet-d6o,"BANYAK ORANG PINTAR, SEDIKIT YG BERANI  ???",1,2025-10-29T02:25:37Z
H7NnXaQkG4w,@infodaiking3835,"Banyak bukti negara2 yg berhasil merubah budaya birokrasi dan budaya korupsi.
Salah satunya adalah CHINA.
Semua merasa sulit dan enggan melakukan reformasi total karena selama ini PRESIDEN TIDAK KONSISTEN MEMBERANTAS KORUPSI,MALAH IKUTAN MENIKMATI HASIL KORUPSI BAHKAN LEBIH GILA LAGI PRESIDEN MENJADI SUTRADARANYA.",1,2025-10-29T02:13:37Z
H7NnXaQkG4w,@infodaiking3835,"Merubah Budaya Birokrasi tidak mungkin dilakukan?
“WHAT THE HELL”
Come on man..!!!!",0,2025-10-29T02:03:30Z
H7NnXaQkG4w,@Ahmad-e1d4e,"Rakyat uda muak dengan koruptor dan para mafia impor, hukum mati aja lah 😂",36,2025-10-29T01:58:08Z
H7NnXaQkG4w,@l람베쿠드w2025,"Heran sama bangsa ini, kalo  Mafia pasti ada Relawannya, Tapi orang yang berjuang untuk Rakyat malah ga ada Relawan sama sekali...  Bisa  disimpulkan ya??",16,2025-10-29T01:42:46Z
H7NnXaQkG4w,@delapan1-9,🎉 Zulkifli Hasan paling tidak bisa kerja 🎉,0,2025-10-29T01:39:36Z
H7NnXaQkG4w,@pran20000,Kalau limbah radio aktif kemarin yang rame apakah itu dari luar?,1,2025-10-29T01:33:38Z
H7NnXaQkG4w,@hermansugiarto719,Mafia nya dirjen pajak sebelum dan sebelum nya,2,2025-10-29T01:26:36Z
H7NnXaQkG4w,@yenalove1617,Menkeu ini ibarat patih gajah mada era majapahit siap tarung,19,2025-10-29T01:07:06Z
H7NnXaQkG4w,@ApidCidahu,Berati ini kuncinya di mendag😂😂,1,2025-10-29T00:17:00Z
H7NnXaQkG4w,@RUMAH_ANGGUR24,Betul sekali jgn libatkan baju wareng utk beranras segala bentuk penyelupan barang infor,11,2025-10-28T23:58:06Z
H7NnXaQkG4w,@indratosumantoro2659,"Indonesia sudah 50 tahun impor aspal, padahal Indonesia punya Aspal Buton.",47,2025-10-28T23:40:16Z
H7NnXaQkG4w,@alhaedaredar9563,"Indonesia gak maju2 kalau korupsi masih menjadi -jadi, para elit pejabatnya tidak ingin Indonesia menjadi negara maju, pejabat zholim",3,2025-10-28T23:39:31Z
H7NnXaQkG4w,@sahrumaj4637,"Kebijakan Purbaya itu benar karena :1.setiap ilegal harus di tindak. 2.kalau barang ilegal terus berjalan barang legal atau industri dalam negeri terhimpit. 3. Kalau ilegal dan legal tidak jelas pasti ada mafianya di bea dan cukai.4. menteri terkait harus melakukan kajian apa dampaknya setiap kegiatan terhadap negara dan rakyat 
Memang betul kata Purbaya ya malas-malasan aja tidak mau bekerja dengan serius. Sampai kapan Indonesia tak akan maju. Karena malas dan mafia sangat membudaya.",16,2025-10-28T23:36:21Z
H7NnXaQkG4w,@KangJakatea,"Kalau Rayat miskin senang banyak pakaian bekas di pasar, soalnya bagus lagian murah, punya duit lima puluh ribu udah bisa beli pakaian, sisanya buat beli nasi rampas ke warteg👍",3,2025-10-28T23:10:56Z
H7NnXaQkG4w,@KangJakatea,"Kalau pakaian bekas,seken di Tanjung Balai Karimun pun banyak di pasar puakang, tapi itu bagus buat rayat usaha, para pedagang, kalau ga boleh jaga ketat perbatasan Negara kita.",3,2025-10-28T23:07:49Z
H7NnXaQkG4w,@KangJakatea,"Huh kelamaan musiknya, ga usah pake lama musik pareasinya, langsung aja Berita gituh",0,2025-10-28T23:03:45Z
H7NnXaQkG4w,@Anyar-qy9oj,Ekspedisinya pakai punya siapa? Bisa banyak banget barang import masuk .punya gudang lagi.😂,1,2025-10-28T22:22:39Z
H7NnXaQkG4w,@Anyar-qy9oj,Ekspedisinya pakai punya siapa? Bisa banyak banget barang import masuk .punya gudang lagi.😂,3,2025-10-28T22:22:09Z
H7NnXaQkG4w,@SumangsaUmang-s6k,Boleh saja Mentri mengkritik Mentri tentang kebijakannya yg merugikan negara atau rakyat,2,2025-10-28T22:21:50Z
H7NnXaQkG4w,@Anyar-qy9oj,"Bubarkan bea cukai,barang gelap dari tekstil dan otomotif  dari luar masuk bebas aja dan makin besar besar volumenya. Menghancurkan UMKM Industri dalam negeri. Jangan2 birokrasi jadi importir semua.😂",3,2025-10-28T22:15:27Z
H7NnXaQkG4w,@imadewidiadnyana5439,Yg bertugas untuk menumpas yg ilegal adalah yg diberi wewenang...tapi karena yg diberi wewenang tidak tegas...ya begini jadinya...!!??? Mereka yg main di elegal harus bertanggung jawab terhadap perbuatannya...pecat..tegakkan hukum..hanya itu jawaban yg harus mereka dapatkan...kalau mau negeri ini baik...(❤️🇮🇩NKRI harga mati.).,1,2025-10-28T21:46:45Z
H7NnXaQkG4w,@Politely24,Angkat pak Pur jdi mntri ekonomi dan menteri perdagangan. Lumayan efisien si anggaran.,1,2025-10-28T19:08:07Z
H7NnXaQkG4w,@montinimawanputra9836,"Rusak era mulyono,,masa keemasan para bandit dan mafia",8,2025-10-28T18:43:20Z
H7NnXaQkG4w,@RuiRaChiA,"KONOHA negara tak punya arah, kebijakannya cendrung biadab apakah disengaja atau memang aparaturnya diisi manusia2 culas bodoh dan koruf mudah disogok misalnya, sampai kapan KONOHA dijalankan ugal2an bodoh biadab seperti ini !! wkwkwkkw",8,2025-10-28T17:55:54Z
H7NnXaQkG4w,@armynj15,"5 TUNTUTAN RAKYAT WARGA N.K.R.I 🇮🇩 ERA KINI

Bismillahirromanirrohim

5 TUNTUTAN BESAR RAKYAT WARGA NKRI PADA PENYELENGGARA NEGARA UNTUK DIREALISASIKAN DLM WAKTU 3 BULAN S/D 1 TAHUN. (Sep 2025 - Sep2026)

I. # Para KORUPTOR harus ""dikandangi"" dg UU Perampasan Aset, KUHAP Baru (+ KUHP Baru + UU Tipikor Baru), dan HUKUMAN PENGASINGAN & PEMISKINAN SEUMUR HIDUP TANPA AMPUNAN APAPUN.
HUKUMAN SAMA BERLAKU BAGI PARA PENJAHAT PELAKU2 KEJAHATAN LUAR BIASA YANG TERSTRUKTUR, SISTEMATIS, DAN MASIF (KLB-TSM) SPT TOKOH2 PENJAHAT ""MAFIA HUKUM"", ""MAFIA NARKOBA"", ""MAFIA PERDAGANGAN MANUSIA"", ""MAFIA TAMBANG & S.D.A"", & ""MAFIA 'SAPI PERAH' B.U.M.N"".

II. # Para APH harus ""ditertibkan"" dg Pembaharuan UU  Kepolisian, UU TNI, dan REFORMASI HUKUM (Amandemen UUD-45 & Azas2 Dasar Hukum NKRI, UU Mekanisma PEMBUBARAN DPR dengan MOSI TIDAK PERCAYA RAKYAT pada DPR-MPR-Parpol2 dan MENGGANTI fungsi DPR dgn ""DEWAN WARGA ELEMEN BANGSA"" NKRI ber-anggotakan Ketua2 Organisasi Komponen Bangsa, Agama2, Suku2 Adat , Pemuda & Ketua Mahasiswa se-NKRI, Perwakilan Gen-Z, Tokoh2 Cendekia dan Akademisi, dsj.... dan Reformasi UU Kehakiman, Reformasi MA, Kejagung, KY, dan MK)

III. # Perilaku liar Orang2 Politik & Parpol2 harus ""ditertibkan"" via;
1. Pembaharuan UU Pemilu dan Pilkada (terutama ttg kwalitas dan persyaratan SDM Calon2 Anggota Legislatif, dan Sistem Pemilu & Pilkada), dan UU Tindak Pidana Pemilu/TPPU.

2. Penerbitan dan pemberlakuan UU PENDANAAN PARPOL.


IV# Penguatan BATASAN2 Pertahanan & Penyerangan Balik terhadap Infiltrasi Campur Tangan Asing pada Kedaulatan NKRI diseluruh dunia, juga terhadap ""penggembosan dan abusif internal NKRI, & perampokan aset2 NKRI"" oleh 'Deep State/Pemerintah Bayangan' (Intelejen yg dapat berkolaborasi dg kepentingan2 Oligarki & Mafia2) yg secara terselubung dapat menganiaya, menzolimi, dan menghisap ""hak azasi/darah/uang dan harta Rakyat"", ... dengan Pembaharuan/Reformasi UU Intelejen, UU HAM NKRI, dan Reformasi Hukum & Undang Undang NKRI.

V# Terus Perkuat & Percepat Ketahanan, Pengembangan dan Pemanfaatan EKONOMI NASIONAL yang bertumpu pada KEKUATAN DOMESTIK dan KEKAYAAN potensi ASET UTAMA BANGSA yaitu S.D.M & S.D.A NKRI dari hulu ke hilir disemua lini kehidupan rakyat dan sumber alam & lingkungan tanah air NKRI, dengan target zero kemiskinan dan zero pencemaran lingkungan bumi, dengan cara Intervensi Pemerintah thd KETIMPANGAN EKONOMI, KRISIS KESTABILAN PENGEMBANGAN FISKAL &/ MONETER, DAN PEMBUATAN ""SISTEM DIGITALISASI YG BEBAS TRANSPARAN TERKENDALI & BERTANGGUNG JAWAB""  PADA SISTEM2 MEKANISMA PELAYANAN EKONOMI (PROYEK2 FISKAL & OPERASIONAL2 MONETER), KEUANGAN & INVESTASI, KESEHATAN, HUKUM, PERTANAHAN/PERMUKIMAN, & KEBUTUHAN KOMUNIKASI SOSIAL DAN HAJAT HIDUP SEMUA SEKTOR KEBUTUHAN RAKYAT WARGA N.K.R.I. 

Semoga Allah SWT memberkahi N.K.R.I 🇮🇩✊",3,2025-10-28T16:26:12Z
H7NnXaQkG4w,@Suherihasibuan,Ya Allah😢😢 parah,8,2025-10-28T16:23:40Z
H7NnXaQkG4w,@bamsss,"Oknum pejabat pro rakyat ×
Oknum pejabat pro diri sendiri ✓",11,2025-10-28T16:18:25Z
H7NnXaQkG4w,@petanimerica,Bubarin bea cukai.dishub aja yg tangani lebih bagus.,16,2025-10-28T16:00:20Z
H7NnXaQkG4w,@petanimerica,Kasus besar jangan diberikan ke baju coklat ga bakal selesai.makanya kasus besar langsung diberi ke pak Purbaya.,99,2025-10-28T15:56:37Z
H7NnXaQkG4w,@muhtadinciptaria,"Mafianya para pejabat ,bikin ancur ekonomi",81,2025-10-28T15:54:09Z
H7NnXaQkG4w,@Juanandresiniesta1989,Msh hidup si fuad bawazier ini???,2,2025-10-28T15:19:11Z
eEMz6w_ZGmg,@abdulkholikbasoribasori4129,"Indonesia gila betul, di korupsi ribuan triliun saja masih tegak berdiri dan membangun di seluruh wilayah Indonesia.
Bayangkan jika Indonesia  agak bersih dari korupsi ,, Indonesia akan gacorr di mana mana 😂😂",0,2025-11-19T10:00:53Z
eEMz6w_ZGmg,@AhmadSyafik-i1m,LANJUT  !!!!!!!!!!!!!!!!!,0,2025-11-19T01:59:11Z
eEMz6w_ZGmg,@LilikWinarni-x7g,Ya alloh lindungi bpk purbaya di manapun berada dan bdi kesehatan,0,2025-11-17T19:12:27Z
eEMz6w_ZGmg,@handayanisuci1547,Semoga pak Purbaya tetap sehat dan tetap amanah,0,2025-11-17T01:20:37Z
eEMz6w_ZGmg,@Herman-y9d,Itu pnghancur bangsa nmanya wajib dihukum mati itu,0,2025-11-16T12:47:18Z
eEMz6w_ZGmg,@Herman-y9d,Yaampunnn 10 000 triliun itu pnghianat yg nyata dipan kita rakyat indonesia gila .kaget saya dgr 10ribu triliun.,0,2025-11-16T12:46:25Z
eEMz6w_ZGmg,@YonSahroni1965,Pak  Prabowo Rakyat mendukung jadi Presiden se umur Hidup.kupas tuntas para maling/Koruptor.,0,2025-11-16T05:14:54Z
eEMz6w_ZGmg,@XenaYogaChandra,Mantap pak purbaya baru di pemerintahan p Prabowo  bisa bongkar kekayaan negara yg di curi orang2 ber dasi  bravo pak purbaya,0,2025-11-15T23:37:56Z
eEMz6w_ZGmg,@wiwinnovitaarthavita5001,Itu kerjanya sri muryani apa ya selama ini😂😂😂,0,2025-11-15T22:00:03Z
eEMz6w_ZGmg,@imamnurmansjah3209,Menko ekonomi dan metri perdagangan sebaiknya diganti. Ganti yg kerjanya dapat sinergis dg Menkeu 😀,0,2025-11-15T14:41:18Z
eEMz6w_ZGmg,@msaleh-wv5qe,pa.perabowo tambalagi metrinya yg .baek seperti pa.purbawa sama p.amran sulaeman klu bisa  masukan ahok susisusanti .masarakat inak meliat kerjanya mentri yg jujur dan berani .berani krna kejujuran,0,2025-11-15T11:37:12Z
eEMz6w_ZGmg,@danangalzena1125,"Mak Banteng, anaknya, dan kroconya kepanasan, ladang cuan mereka diganggu",1,2025-11-15T05:52:58Z
eEMz6w_ZGmg,@SihWidicahyaniSihWidicahyani,"Pokoknya kalo ada yg fitnah pak Purbaya jgn percaya, pasti itu ulah Mafia",0,2025-11-15T04:50:26Z
eEMz6w_ZGmg,@SukamatSantoso,Mantap pk purboyo,0,2025-11-13T10:06:43Z
eEMz6w_ZGmg,@sugiantoantok932,"Gak asing rasanya Purbaya ngebrak tp gak punya fakta atau bukti hanya masih analisis.penelitian...
Seharusnya analisis penelitian blm bisa dipublikasikan..karna msh sumir..
Purbaya ambil langkah untuk menarik dukungan simpati publik...jangan jangan omdo...mirip Anis...
Kalau yg jadi soal import trifting pajaknya murah..jelas murah pak Purbaya..pakaian bekas diindonesia dikonsumsi kalangan bawah..cuma kalangan atas menengah..sebagian keranjingan jg beli pakaian trifting...jelas belinya disingapura ya murah..belinya gak perbiji tapi perton...
Awas info ini nyasar kepemimpinan Jokowi..
Purbaya adalah sesuatu yg Memeng disiapkan..untuk goyang indonesia yg gak ada akhirnya...",0,2025-11-13T09:28:33Z
eEMz6w_ZGmg,@LathifahNawwara,Maling yg seolah olah halal padahal haram,0,2025-11-13T08:23:23Z
eEMz6w_ZGmg,@LathifahNawwara,"Wow,,,,merugikan 10 00 trilliun,,,, ngeri maling ,,,bukan lagi maling tapi penjajah,,teroris,,,mereka yg menyebabkan rakyat mati dalam kesengsaraan,,,,,betul2 ,,koruptor",0,2025-11-13T08:21:01Z
eEMz6w_ZGmg,@HusenMursen,Pantasan rakyat indonesia 🇮🇩 miskin terus ternyata binatang2 koruptor banyak yg maling,0,2025-11-12T11:46:47Z
eEMz6w_ZGmg,@dinaherawati5034,"kok bu Sri dulu gak pernah cek ditempat ya, malas apa gak punya waktu apa kenapa ya?",0,2025-11-12T09:52:03Z
eEMz6w_ZGmg,@fx.budiono9346,Mudah2an Indonesia terbebas dari masalah pelik berkat menkeu Bp. Purbaya,0,2025-11-12T08:35:35Z
eEMz6w_ZGmg,@bangchalie,Betul sekali saya aja mafia toge tempe  tau klo Invoice import Pompa celup yg harganya cuma 100k perbiji 😱😱😱😱 wonk saya baru beli buat 25 m kedalaman 2 jt koq 🤪🤪🤪,0,2025-11-12T05:05:23Z
eEMz6w_ZGmg,@MuhammadBasriNasution-dz2tx,Tidak akan bisa di atasi klo kepala negaranya tdk tegas dalam mengambil tindakan hukum yg tegas tdk pandang bulu baik itu ke para pejabat atau oligarki. Siapapun yg terlibat hrs di buktikan dgn tindakan yg nyata dan pasti. Tdk ada lindungi br bs menghilang. Klo pr pengawai bea cukai yg terlibat hrs di hukum dan pecat br akan ada epek jera.,0,2025-11-11T12:40:45Z
eEMz6w_ZGmg,@YuliAmpera,Pak menkeu kira2 orang2nya bisa dihukum ga ? Di beacukai  kalau ga sampai sasaran ya dama omon2.  😊😊😊😊😊😊😊,0,2025-11-11T08:33:42Z
eEMz6w_ZGmg,@AsepSaepurrohman-gk8im,"Sangat kelihatan 10 Tahun  Jokowi, PDIP, Luhut Binsar jadi penguasa, negara sangat rusak, Pak Prabowo-Purbaya harus didukung masyarakat untuk membasmi koruptor yang terdiri dari oligarki dan pejabat-pejabat korup",0,2025-11-11T01:49:14Z
eEMz6w_ZGmg,@NurdinJaman-q7r,Di masa kepemimpinan lalu mafia subur namun non partisan di kriminalisasi. Musuh politik di kebiri,0,2025-11-10T22:10:11Z
eEMz6w_ZGmg,@nursarno5135,🇮🇩💗🎉✔️,2,2025-11-10T07:54:11Z
eEMz6w_ZGmg,@riorio-m9m,Allah ya Allah ..lindungi PK Purbaya pnjang kn umur nya ..,0,2025-11-10T06:39:31Z
eEMz6w_ZGmg,@UdinUcle,❤. Mikum kebohongan itu satu saat nanti pasti akan terbongkar juga amin,1,2025-11-09T18:02:48Z
eEMz6w_ZGmg,@AlbertKusen,"Menkeu Purbaya & jaksa agung Burhanuddin mendesak utk klarifikasi 'dana gelap' puluhan ribu T hsl import. Demi reputasi ex menkeu SMI era SBY (2013 dan jokowi (2014-2019) perlu dijadikan saksi sbg ex menkeu yg membawahi dirjen pajak, khususnya bea cukai, terutama utk konfirmasi penjelasan narsum tsb.",0,2025-11-09T13:27:42Z
eEMz6w_ZGmg,@KosasihAhmad-c8p,"WAJIB BUAT HARUM DAN DAPAT RIDHO NYA AAMIIN AMANAH SIDIQ FATHONAH TABLIGH DAN DAPAT RIDHO NYA AAMIIN UNTUK JADI INDONESIA MAKMUR EMAS MAJU SEGALA BIDANG DAN DAPAT RIDHO NYA AAMIIN BERKAH SELALU AAMIIN AMANAH SIDIQ FATHONAH TABLIGH DAN DAPAT RIDHO NYA AAMIIN DAN BANGSA RAKYAT INDONESIA MAKMUR EMAS MAJU SEGALA BIDANG DAN DAPAT RIDHO NYA AAMIIN BAHAGIA SELALU DIDUNIA DAN DI AKHIRAT KELAK KITE SEMUE SELALU AAMIIN DAN DAPAT RIDHO NYA AAMIIN BERKAH SELALU AAMIIN TAKBIRRR ALLOHU AKBARRR INSYAALLOH ALHAMDULILLAH ALLOHUMMA SOLI ALA MUHAMMAD WAALA ALIH MUHAMMAD 

HORMAT KAMI 
SELURUH BANGSA RAKYAT INDONESIA MAKMUR EMAS MAJU SEGALA BIDANG DAN DAPAT RIDHO NYA AAMIIN BERKAH SELALU AAMIIN AMANAH SIDIQ FATHONAH TABLIGH DAN DAPAT RIDHO NYA AAMIIN TAKBIRRR ALLOHU AKBARRR INSYAALLOH ALHAMDULILLAH ALLOHUMMA SOLI ALA MUHAMMAD WAALA ALIH MUHAMMAD",1,2025-11-09T07:02:09Z
eEMz6w_ZGmg,@KosasihAhmad-c8p,"JANGAN PAKE KENYI RAGU ATAU NYALI KECIL DAN WAJIB PUNYE NYALI GEDE UNTUK MEMBERANTAS KORUPSI KEJAHATAN KEZOLIMAN DAN WAJIB BERANI KOMPAK SEMUE MEMBELA KEJUJURAN KEADILAN CERDAS KUAT IMAN DAN TAQWA CINTA DAMAI SEJAHTERA SELALU DIDUNIA DAN DI AKHIRAT KELAK SELALU AAMIIN DAN DAPAT RIDHO NYA AAMIIN BERKAH SELALU AAMIIN AMANAH SIDIQ FATHONAH TABLIGH DAN DAPAT RIDHO NYA AAMIIN 
DAN WAJIB SEMUE BERANI KOMPAK SEMUE MEMBELA BANGSA RAKYAT INDONESIA MAKMUR EMAS MAJU SEGALA BIDANG DAN DAPAT RIDHO NYA AAMIIN AMANAH SIDIQ FATHONAH TABLIGH DAN DAPAT RIDHO NYA AAMIIN BERKAH SELALU AAMIIN TAKBIRRR ALLOHU AKBARRR INSYAALLOH ALHAMDULILLAH ALLOHUMMA SOLI ALA MUHAMMAD WAALA ALIH MUHAMMAD 

HORMAT KAMI 
SELURUH BANGSA RAKYAT INDONESIA MAKMUR EMAS MAJU SEGALA BIDANG DAN DAPAT RIDHO NYA AAMIIN AMANAH SIDIQ FATHONAH TABLIGH DAN DAPAT RIDHO NYA AAMIIN BERKAH SELALU AAMIIN TAKBIRRR ALLOHU AKBARRR INSYAALLOH ALHAMDULILLAH ALLOHUMMA SOLI ALA MUHAMMAD WAALA ALIH MUHAMMAD",1,2025-11-09T06:51:33Z
eEMz6w_ZGmg,@KosasihAhmad-c8p,"INSYAALLOH BAPAK PURBAYA SEGERA CEPET SEMUE KOMPAK MEMBERANTAS KORUPSI KEJAHATAN KEZOLIMAN DAN WAJIB BERANI KOMPAK SEMUE MEMBELA KEJUJURAN KEADILAN CERDAS KUAT IMAN DAN TAQWA CINTA DAMAI SEJAHTERA SELALU DIDUNIA DAN DI AKHIRAT KELAK SELALU AAMIIN AMANAH SIDIQ FATHONAH TABLIGH DAN DAPAT RIDHO NYA AAMIIN BERKAH SELALU AAMIIN DAN WAJIB BERANI KOMPAK SEMUE MEMBELA BANGSA RAKYAT INDONESIA MAKMUR EMAS MAJU SEGALA BIDANG DAN DAPAT RIDHO NYA AAMIIN BERKAH SELALU AAMIIN TAKBIRRR ALLOHU AKBARRR INSYAALLOH ALHAMDULILLAH ALLOHUMMA SOLI ALA MUHAMMAD WAALA ALIH MUHAMMAD 

HORMAT KAMI 
SELURUH BANGSA RAKYAT INDONESIA MAKMUR EMAS MAJU SEGALA BIDANG DAN DAPAT RIDHO NYA AAMIIN AMANAH SIDIQ FATHONAH TABLIGH DAN DAPAT RIDHO NYA AAMIIN BERKAH SELALU AAMIIN TAKBIRRR ALLOHU AKBARRR INSYAALLOH ALHAMDULILLAH ALLOHUMMA SOLI ALA MUHAMMAD WAALA ALIH MUHAMMAD",1,2025-11-09T06:43:25Z
eEMz6w_ZGmg,@wakbyuk7294,Nungguin di tangkep nya koruptor2 mega.. kelas kakap,0,2025-11-09T05:09:58Z
eEMz6w_ZGmg,@SafrionoYono,Saya suka bang Iksan terus kan bang kritiknya untuk negara kita,0,2025-11-09T04:50:37Z
eEMz6w_ZGmg,@baronslaluupdate6742,"Gelooo pisan ini yg ketauan 10rb T. Yg blm ketauan gimana kabarnya, well good job Pa Purbaya. Bongkar sampe tuntas rakyat bersama mu",0,2025-11-09T01:44:35Z
eEMz6w_ZGmg,@Supardi-fr1sc,Indonesia sedang tidak baik baik saja....dalam Birokrasi....HANCUR oleh Mapia mapia...Dosaaaaa di pikul di akhiratttttt nanti,0,2025-11-07T05:14:05Z
eEMz6w_ZGmg,@EndangSulistyowati-f1e,Yok Rakyat kawal P Purbaya. Semoga sehat selalu Alloh melindungi P Prabowo dan P Menkeu Purbaya 👍❤,1,2025-11-07T03:57:34Z
eEMz6w_ZGmg,@dwardyoo9694,"Ijin bertanya apakah pada mesin dispenser SPBU pertamina yang mengurangi 1 digit angka 0 dibelakangnya apakah itu masuk kedalam kategori misinvoicing? 
Agar para pelaku usaha SPBU membayar faktur pajak sesuai dengan tacometer pada mesin dispenser?",0,2025-11-06T18:26:08Z
eEMz6w_ZGmg,@sudiyanto3889,Panteslah para pejabat hidupnya mewah.harta melimpah.ini ternyata ada kerja sama para koruptor di segala sektor.😢😢,0,2025-11-06T06:02:53Z
eEMz6w_ZGmg,@heruheru5056,"Berantas koruptor pak..heran negeri ini banyak baget mailing uang rakyat, banyak banget koruptor pengkhianat bangsa penghisap uang rakyat..😢😮😮",0,2025-11-06T04:44:31Z
eEMz6w_ZGmg,@asriodeteke2783,"Owner Wuna Ekosinergi Teknologi berpendapat wajib kita out of the box dan prioritaskan pembangunan aset negara di bidang pangan dan lainnya. 
Bumi NKRI miliki segalanya Owner Wuna Ekosinergi Teknologi siap kerja cerdas tanpa basa basi  untuk Indonesia freedom bangsa Indonesia makmur insyaAllah❤🎉🎉🎉🎉",0,2025-11-06T01:25:30Z
eEMz6w_ZGmg,@MochMarfadie,"Pak Prabowo dan Pak Purbaya  bekerja keras bersih-bersih mafia dan koruptor serta menerapkan pejabat untuk jujur, disiplin menjalankan aturan dengan jiwa nasionalis.",1,2025-11-06T01:13:31Z
eEMz6w_ZGmg,@ridwaniwan4619,"Sekuat apapun pak Purbaya,kalau presiden masih pilih2 pemberantasan korupsi akan sia2 (korupsi yg di lakukan pemerintahan Jokowi tdak berani sentuh)",0,2025-11-05T23:57:53Z
eEMz6w_ZGmg,@BayuPrakarso-x6f,"Dr 2014 sampai 2023, siapa yg jd presidennya dan siapa yg jd menteri segala urusan ? Apa Prabowo berani memerintahkan untuk memeriksa kedua orang itu, krn kedua orang itu yg banyak berurusan dgn tiongkok😢",0,2025-11-05T23:20:15Z
eEMz6w_ZGmg,@asriodeteke2783,Setelah menkeu RI Purbaya bicara vlak2an tentang kebocoran keuangan negara maka fakta tsb jadi aneh (mafia),0,2025-11-05T22:20:59Z
eEMz6w_ZGmg,@asriodeteke2783,Hal tsb merupakan kebiasaan yang terjadi dalam dunia bisnis  oleh pebisnis dan oknum pemerintah terkait(budaya),0,2025-11-05T22:15:43Z
eEMz6w_ZGmg,@PakSardi-d4j,Mari p prabowo  p porbaya kita.dukong bersama sama jangan takot orang yg TK suka,0,2025-11-05T18:41:31Z
eEMz6w_ZGmg,@PakSardi-d4j,P purbaya pra koropsi itu harus dihabiskan jangan tebangpiplih Lo inirakyat dismping itusemua perampok uang negara kapan rakyat merdeka,0,2025-11-05T18:36:13Z
eEMz6w_ZGmg,@syamsularifin8842,10 000 TRILYUN  = 10 Bilyun boss 😊😊😊😊😊😊😊,0,2025-11-05T18:33:13Z
eEMz6w_ZGmg,@AlAl-x9h6n,Purbaya Yudhi Sadewa Menkeu yang diutus Allah seperti nabi Yusuf di Mesir,0,2025-11-05T16:16:41Z
eEMz6w_ZGmg,@EdiNur-sz8ps,"Ini berjalan belasan tahun. , siapa yg diam selama ini  ,parah bangat .",0,2025-11-05T15:14:55Z
eEMz6w_ZGmg,@kasturiyunani,"Spt pak Amran langkahnya, maka dlm waktu singkat pertanian brrhasil dsngat bsgus dan nyata. Semoga pak Purbaya juga sama, sehingga ekonomi membaik dlm waktu singjat",0,2025-11-05T13:47:32Z
eEMz6w_ZGmg,@KaiiGtg-tu4ur,Nah mafia migas mafia ekonomi inilah yang mendanai para bazer politikus pengamat para profesor menyerang Jokowi prabowo kerna terusik bisnis haramnya…ngeri sadis politikus dan oligarqi di negri konoha ini…untung rakyat sdh cerdas,0,2025-11-05T13:35:38Z
eEMz6w_ZGmg,@FahrowiFahrowi,Mantap tidak ada kata terlambat bapak Presiden qu utk member hangus rombongan yg merongrong perekonomian Indonesia menteri keuangan pokok nya top deh sikat habis pak purbaya,0,2025-11-05T13:01:24Z
eEMz6w_ZGmg,@LilyXcoocies,MINYAK MENTAH,0,2025-11-05T11:01:21Z
eEMz6w_ZGmg,@Ger4rds,"Ntar lagi Purbaya pasti diserang utk dilengserkan, “ musuhnya” begitu banyak & punya uang.",0,2025-11-05T10:11:43Z
eEMz6w_ZGmg,@AnomHarimurti,"Bagus, Trifting diberantas dari pelabuhan, bukan di pasarnya...
Fokus ke pedagang besarnya, bukan pedagang kecil.",1,2025-11-05T06:08:44Z
eEMz6w_ZGmg,@SanjayaRD-c5x,Rakyat jg ikut gruduk klo penyeludup jg mavia berbelit2. Tuntaskan yg buat rugi negara jg rakyat. Rakyat pantau trs,0,2025-11-05T05:18:49Z
eEMz6w_ZGmg,@mediafunny1987,"Hayo lingkaran setan sudah mulai terlihat nih, tunggu clue selanjutnya",0,2025-11-05T05:16:26Z
eEMz6w_ZGmg,@milamilaaa6762,Kita dukung yg jujur dn pk purbaya,0,2025-11-05T02:27:09Z
eEMz6w_ZGmg,@jeremiasimanjuntak6244,"Masak sih sebagai mentri keuangan gak bis nendeteksi under invoicing dan over invoicing? 
Kan pembayaran dilakukan atas tanda tangan mentri keuangan. 
Dan laporan  inspeksi lapaangan export importnya masak gak di baca? 
Apa waktu baca laporan sambil telponan sama doi? 😂😂😂",0,2025-11-05T02:00:38Z
eEMz6w_ZGmg,@jeremiasimanjuntak6244,"Ngeri ya, miss invoicing.",0,2025-11-05T01:50:42Z
eEMz6w_ZGmg,@WahidiGsk,"Nah kalau uang yg di rampok oleh manusia yg berdasi indonesia untuk bangun ikn g perlu pinjam duwit sama investor.
Jadi kota hantu spt yg diisukan oleh wartawan inggris sama manusia 2 indonesia yg jadi budak2 asing",0,2025-11-05T00:46:44Z
eEMz6w_ZGmg,@JokoSampurno-h1v,"Kata Mulyono dulu bhw : ""DIKANTONG SY ADA Rp. 11.000 T.""...mgk Pemerintahan Presiden Prabowo Subianto dlm hal ini,Aparat2 Penegak Hukumnya perlu sgt menelusuri kbenaran & keberadaan akn Dana tsb yaa..Mgk disimpan pd Bank2 di Luar Negri & dlm BUNGKER2 RAHASIA dlm upaya Pencucian Uang lwt Uang Deposito di Rekening- Kroni2nya...Mhn maaf, jk pendapat sy keliru.. Wsslmkm WW..",1,2025-11-05T00:38:18Z
eEMz6w_ZGmg,@JokoSampurno-h1v,"Mhn Pak Presiden Prabowo Subianto,bt UU Negara RI, ykni HUKUMAN BERAT 30-40 thn, bgi para : Mafia, Pencuri, Perampok dn Koruptor yg sgt merugikan Negara..dn Penjarakan di Nusakambangan... 
Siapapun dia.., tnp pndang bulu.. Jgn takut Pak Presiden, Rakyat sllu setia berada dibelakang Anda.. Sebab, Rakyat sdh sgt MARAH, MUAK,mlihat perbuatan mrk...",1,2025-11-05T00:27:39Z
eEMz6w_ZGmg,@darmaparera5078,Indonesia ini banyak Pakar Pakar Ekonomi yang berjiwa Patriot @ Ichsanurdin Noorzi...🙏🇲🇨,0,2025-11-04T23:44:45Z
eEMz6w_ZGmg,@darmaparera5078,Satu kata Hukuman Mati  bagi Koruptor...👎😠,0,2025-11-04T23:24:06Z
eEMz6w_ZGmg,@khumaidihmd7258,"Semoga upaya perintah membrantas mafia oknum ekspor impor berhasil, demi kemajuan dan kesejahteraan rakyat Indonesia",0,2025-11-04T21:53:44Z
eEMz6w_ZGmg,@125Budi1967,Kelihatan si mantan menteri kuangan Fuad Bawazier itu juga gak ngapa-ngapain sekarang aja ngebacot.,0,2025-11-04T16:49:53Z
eEMz6w_ZGmg,@user-hw6mo3wx2l,Mari kita bersatu seluruh rakyat indonesia sa'atnya kita melawan mapia yg sudah merampok uang rakyat dn uang negara dan kita dukung Bpk presiden dn Bpk purbaya,0,2025-11-04T16:35:51Z
eEMz6w_ZGmg,@MuhMaris,"Sikat terus pelakux pak Purbaya ,itulah yg membuat rakyat menderita sekian lama .paling terasa 10 Tahun belakangan ini .",0,2025-11-04T11:27:32Z
eEMz6w_ZGmg,@ahmadyahya-u7r,Mantap kejar semua pihak  yang merugikan dan menyusahkan,0,2025-11-04T09:50:34Z
eEMz6w_ZGmg,@Iwandoang-g9c,"RAKYAT  Mendukung  Pak  IKSAN  , Pemerintah  Harus  Memberatas  Para  MAFIA  (  PEMIMPINNYA  )  Jangan  Manyarakat  KECIL  yg  Di Berantas  Tidak  Tau  Masalahnya  ?",0,2025-11-04T09:33:02Z
eEMz6w_ZGmg,@Iwandoang-g9c,"Pak  PRABOWO  harus  Mendukung  PROGRAM  MATERI  PURBAYA  !
RAKYAT  melihat  Masalah  ini  Sejak  Pemerintahan SUHARTO  !!!",0,2025-11-04T09:23:03Z
eEMz6w_ZGmg,@Iwandoang-g9c,Pak  Jelas  Ke Sengajaan  Jangan  Di Lindungi  RAKYAT  Tidak  Terima  Pak  PRESIDEN  HARUS  BERTINDAK  !!!,0,2025-11-04T09:13:46Z
eEMz6w_ZGmg,@Iwandoang-g9c,"Pak  PRESIDEN  PRABOWO  TOLONG  RAKYAT  INDONESIA 
RAKYAT  Mendukung  Kerja  Pak  PURBAYA  ?  Memberantas  MAFIA  dan  KORUPTOR   !!!",0,2025-11-04T09:04:56Z
eEMz6w_ZGmg,@sugiharso9830,Sehat selalu untuk org2 yg berjuang dgn ikhlas untuk brantas KORUPSI,0,2025-11-04T08:40:38Z
eEMz6w_ZGmg,@sugiharso9830,Semoga bersih2 ini bisa sukses tanpa ekses dan dugunakan untuk kemakmuran masayrakat indonesia❤,0,2025-11-04T08:38:52Z
eEMz6w_ZGmg,@Gianetta-o2e,AUDIT semua lembaga2 pemerintah dan BUMN...,0,2025-11-04T08:29:44Z
eEMz6w_ZGmg,@holidaycell89,"mari kita dukung bpk porbaya untuk menyelamatkan uang NEGARA demi masa depan anak cucu bangsa, kita harus bersatu melawan para mafia brengsek.",0,2025-11-04T05:02:21Z
eEMz6w_ZGmg,@taukhidtaukhid8462,"Sumber kebocoran utama dari arah laut adalah bea cukai dan ikan ,penyelundup memasukkan banyak barang dr Thailand ,Malaysia , Singapura dan Asia timur , barang yg di selundup keluar masuk dr dan ke indonesia antara lain narkoba, gula , baju bekas , besi , nikel , timah , batubara , minyak , hp , emas , kain , sembako seperti bawang putih  merah , rokok , kayu dan banyak lagi , lubang terbanyak di Kepri , dan sepanjang pantai timur sumatra , terutama wilayah Riau , Sumut , Jambi , Babil, Kalbar ,  Kaltim , kaltara . Pelabuhan kecil dan besar juga ikut peran , contoh besi ambil dr China 1 juta ton maka di daftarkan 500 nanti bea cukai ikut kenduri , di laut juga penuh sandiwara apa yg penting pelicin begitulah Konoha mrereka melakukan demikian karena ada contoh , sbb si pembuat hukum adalh tokoh utama yg jadi pelanggar yaitu DPR yg penuh rasuah / korupsi,",0,2025-11-04T03:32:20Z
eEMz6w_ZGmg,@lalaroblox789,Syahkan dan berlakukan UU Peramposan Aset dan terapkan hukum mati.,0,2025-11-04T03:04:21Z
eEMz6w_ZGmg,@TulungAgungStayTaiwan,"Keren kinerja bpk  Pkwadrat ini,lindungi kedua pahlawan negara ini yaAlloh sejahterakan seluruh rakyat indonesia  damai dan bahagiakan  kehidupan secara financial kami",0,2025-11-04T02:45:38Z
eEMz6w_ZGmg,@Jun_like,"TANGKAP PELAKU2 YG MENGGEROGOTI NEGARA, INDONESIA SUDAH PARAH KORUPSINYA , LANGSUNG KEJAR PELAKUNYA SAMPAI KE AKAR2 NYA..",0,2025-11-04T01:58:27Z
eEMz6w_ZGmg,@pamomajid1408,Pak Prabowo harusnya ajak pak Ihsan bantu Purbaya,0,2025-11-04T01:32:26Z
eEMz6w_ZGmg,@on3setiawan910,dukung pak prabowo  dan pak purbaya,0,2025-11-04T01:26:08Z
eEMz6w_ZGmg,@IskandarDalle-p3t,"Bagaimanapun cangginya sistem di bangun, tdk akan efektip klu the men bihind the gun kongkalikong. Jadi harus dilakukan sidak sewaktu-waktu dan klu terjadi penyimpangan , oknum petugas yg terlibat harus ditindak dgn tegas.",0,2025-11-04T01:22:00Z
eEMz6w_ZGmg,@kangsur7185,Rakyat harus bergerak menangkap mafia ......bersama ..,0,2025-11-04T00:58:36Z
eEMz6w_ZGmg,@zukkisolution,Maju pak purbaya dan pak prabowo,0,2025-11-04T00:33:42Z
eEMz6w_ZGmg,@arifrachman6088,Era Jokowi era titik brutal mafia China,0,2025-11-03T23:21:09Z
eEMz6w_ZGmg,@tetegaul3040,Pak Mentri Purbaya kami rakyat RI siap mendukung basmi koropsi kami juga rakyat bertanya terhadap Sri Mulyani uang yg di sita ratusan sampai ribuan triliun ada di mana,0,2025-11-03T17:03:37Z
eEMz6w_ZGmg,@UjangHermansyah-z9t,Mereka layak dihukum mati . Dan sita semua aset aset mereka juga bekukan tabungan tabungan mereka . Uang negara harus kembali . Prabowo Subianto seluruh rakyat mendukung mu . Ini sudah sangat menyengsarakan rakyat Indonesia sampai 10 tahun . Ini harus segera dituntaskan . Pak Purbaya dan jaksa agung harapan rakyat ada di pundak mu ..,0,2025-11-03T16:16:49Z
eEMz6w_ZGmg,@SyaminManap,Ya Alloh..ya rob...berikan kebarokahan dan kesehatan serta panjang umur kepada bapak Purbaya Budi Sadewa amin Alloh Huma amin....,0,2025-11-03T15:48:24Z
eEMz6w_ZGmg,@MochamadIlham-xv7zk,Secepatnya Purbaya diberi wewenang lebih luas jadi wapres biar Prabowo kurang kesibukannya mereka berdua bapak bangsa,0,2025-11-03T14:01:33Z
eEMz6w_ZGmg,@ezraalviano-gn2wt,"kami sangat bersukur pmrintahan sprti ini yg rakyat nanti2kan dari dulu tgas tuntas,,ayo trus kjar plaku pngglapan sluruh rakyat siap brgrak lindungi bliau2,..👍👍👍",0,2025-11-03T13:56:07Z
eEMz6w_ZGmg,@ezraalviano-gn2wt,"jangannsampei bliou2 ini sampai trluka,,ayo rak yat kita dukung dan lindungi tokoh2 hebat ini",0,2025-11-03T13:46:29Z
eEMz6w_ZGmg,@ezraalviano-gn2wt,"kawalan purbaya harus lbih aktip dan lbih ktat ayo putra bangsa beking purbata,,,,harus kapan lagi kita indonesia mmiliki sikap sprti bliau yg harus patut di tiru,,indonesia megah",0,2025-11-03T13:44:16Z
eEMz6w_ZGmg,@ezraalviano-gn2wt,"mantap trus maju,,jangan takut hidup cuma skali,,akan tetapi sjarah ttap trknang slama dunia ini utuh",0,2025-11-03T13:38:15Z
eEMz6w_ZGmg,@musyafakyahya9848,Namanya mafia sdh disengaja dn firencanakan,0,2025-11-03T13:27:31Z
eEMz6w_ZGmg,@musyafakyahya9848,"Sehat slalu p. Pur 
Dan sukses",1,2025-11-03T13:15:16Z
eEMz6w_ZGmg,@muhtarquraini9832,Masyarakat harus bersatu untuk melawan mafia yang memiskinkanasyarakat.,0,2025-11-03T12:18:56Z
eEMz6w_ZGmg,@DestroMet-kd8yf,"Tukang ngakali, dunia adalah tuhannya. dianggap dapat melindunginya, dapat membahagiakannya.",0,2025-11-03T11:58:59Z
eEMz6w_ZGmg,@sumantriyahoo1622,"Para mafia  ini banyak merugikan negara, imbasnya yang kena adalah rakyat kecil, kalau mafia ini di biarkan negara bisa ambruk lagi, maka dari itu habisin  semua para mafia yang ada bumn  2 dan sektor manapun, supaya negara nggak menanggung beban hutang yang memberatkan, dan rakyat segera dapat menikmati kesejahteraan yang sesungguhnya. Selamat berjuang pak presiden, dan pak menkeu purbaya. 👍💪🇲🇨MERDEKA",0,2025-11-03T11:12:05Z
eEMz6w_ZGmg,@HendoraHendri,BAGUS ... Tangkap para  penipu dan para koruptor... Hukum berat bahkan hukum mati serta Sita semua harta nya.,0,2025-11-03T09:09:58Z
eEMz6w_ZGmg,@suharto2852,"Pak mentri purbaya, masalah IKN blm disinggung dr awal pembangunan pak prabowo sdh tdk setuju dg pindahnya Istana ke IKN sehubungan dg jaraknya sangat dekat dg negara asing, sisi keamanan kurang strategis. Dari sisi posisi lbh rawan/beresiko.",0,2025-11-03T05:38:33Z
eEMz6w_ZGmg,@antoniuswidjaja1237,"Kita tunggu realisasinya, akan ada penangkapan besar-besaran",0,2025-11-03T04:26:41Z
eEMz6w_ZGmg,@Faruk-x4g5r,"Saya berpikir kalo kerja niat baik spti bpk Purbaya pro Rakyat bnyk pejabat dg bermacam cara utk menggagalkannya, bahkan membunuh karakter dari niat tulus ikhlas untuk bpk Purbaya. Ada baiknya, pak Purbaya punya teman kerjanya yg niat tulus & ikhlas buat negara yang hampir ambruk ini. Sy cuma ksi masukkan saja, ijin kalo sy menyarankan, kpd bpk2 krn bnyk pejabat sdh gila harta. Tarik kembali bpk "" Jhonan Ignasius"" yg di depak di Era jokowi. Pdhl kerja bpk Jhonan utk negara 👍👍 sdh bnyk bukti Riel, bank, pupuk puasri d Palembang hampir kolep, jadi sehat kembali, PT KAI. Yg bobrok jadi maju spti yg kita liat dan rasakan skrg ini..blm mslh free pot Dar i 1% berubah 51% . Coba bpk2 banding kan dg para menteri lain' nya..gk ada, cuman mau ngakalin duit APBN. Mhn bpk dengar dan liat jejak nya bpk Jhonan. Sy tdk ada kepentingan dg beliau ( Jhonan) tpi fakta di lapangan bpk. Smg bpk Prabowo mendengar apa yg sy sampai kan krn kasian dg bpk Purbaya seorang diri d dlm memberantas para Mafia di negeri ini. Sy doa kan bpk Purbaya sllu sehat Dan kuat di dlm niat nya yg luhur demi kemakmuran rakyat Indonesia..🖐️👍👍👍👍☝️☝️😆😆💪💪🖐️🖐️",0,2025-11-03T03:53:37Z
eEMz6w_ZGmg,@KhairilAnwar-u2k1t,Alhamdulilàh kutang bucok 😮,0,2025-11-03T03:06:32Z
eEMz6w_ZGmg,@KhairilAnwar-u2k1t,Indonesia import kutang bekas nyaman 😅,0,2025-11-03T03:05:29Z
eEMz6w_ZGmg,@KhairilAnwar-u2k1t,Hidup korupsi Indonesia 😅,0,2025-11-03T02:59:15Z
eEMz6w_ZGmg,@KhairilAnwar-u2k1t,Hahahaha Indonesia makin rusak 😅,0,2025-11-03T02:58:18Z
eEMz6w_ZGmg,@KhairilAnwar-u2k1t,Hidup korupsi Indonesia 😅,0,2025-11-03T02:52:47Z
eEMz6w_ZGmg,@nanangwahid8127,Udah jelas bangsa ini butuh pejabat yg jujur yg pro rakyat bukan hanya omongan tp tindakan do'a terbaik bagi pejabat2 yg jujur RAHAYU 🙏,0,2025-11-03T02:10:43Z
eEMz6w_ZGmg,@eti6527,Terimakasih atas tindakan positif dari pihak terkait.semoga dengan nyata dan gerak cepat menindaklanjuti penyeludupan minyak di seluruh Indonesia termasuk daerah penghasil migas terbesar Saya termasuk juga provinsi Riau sampai saat ini pun masih bergerak aktivitas mafia BBM di Riau yang di sebabkan oleh adanya celah-celah untuk Mereka melancarkan akses penjualan secara gelap.tentunya tindakan melawan hukum tsbt di bekingi oleh aparat tertentu.saya belum percaya jikalau belum mendengar berita jika di provinsi Riau sudah bersih dari mafia minyak.buktikab segera pak purbaya ... kirim pasukan tanpa bayangan untuk berantas mafia di provinsi Riau kami yg kami cintai sebagai warga Riau.dan mohon ciptakan dan permudahkan lapangan pekerjaan buat anak cucu kami.karena selama ini perusahaan/pabrik PKS di Riau lebih dominan di isi tenaga asing.,0,2025-11-03T01:45:13Z
eEMz6w_ZGmg,@UtrechtRumbino,"Ketidak konsistensi nilai2 moral, norma2  hukum dan etis  dalam ketatanegaraan merupakan cerminan dari  kedangkalan  sikap  hidup beragama yg palsu, karena itu masih banyak terjadi ""korupsi, manipulasi, maupun praktek mafia, juga di sektor impor maupun eksport yg terus membudaya dan menjadi budaya dalam kegiatan2 termasuk kegiatan dan praktek bea cukai.Solusinya harus diberantas secara tegas dan hukum dgn memanfaatkan alat kontrol teknologi yg sekarang sudah tersistem apalagi perkembangan dan inovasi Artificial Intelejen.😊😊",0,2025-11-02T23:56:43Z
eEMz6w_ZGmg,@Tuti-e4n,Ya Robb lindungi p Purbaya p Prabowo dan orang2 yg amanah dr segala gangguan ..Allohu akbar,1,2025-11-02T23:41:26Z
eEMz6w_ZGmg,@jokoDS,INDONESIA TIDAK KEKURANGAN ORANG CERDAS AKAN TETAPI KEKURANGAN ORANG YG BERIMAN DAN BERTAKWA YA INI AKIBARNYA  pancasila saja sering diLanggar akhirnya rakyat banyak yg miskin 🤑🤑🤑🤑🤑🤑🤑🤑🤑🤑🤑,0,2025-11-02T23:23:27Z
eEMz6w_ZGmg,@jokoDS,Selama ini yg tampak  aktif  PPurbaya  terus yg lainya kemana nggak ada yg kreatif spt pa k Purbaya  kalau ngurussi yg berbahaya nyingsep  kalau ada keberhasillan coar coarnya paling keras minta jatah  ternyata banyak sengkuninya  ayo bantu P Purbaya jangan memble😂😂😂😂😂😂😂😂,0,2025-11-02T23:15:44Z
eEMz6w_ZGmg,@jokoDS,Sekarang jelas sudah masyarakat tahu ternyata  pengkhianatnya  lebih banyak daripada pejuangnya dulu pejuang ikhas dan tidak rakus dan serakah  kenyataan  sekarang dirusak para pengkhianat ngeri 😭😭😭😭😭😭😭,0,2025-11-02T23:03:58Z
eEMz6w_ZGmg,@parjioboyolali634,Under invoicing dan over invoicing saya yakin juga terjadi pada klaim RS ke BPJS tlg diteliti juga,0,2025-11-02T22:39:33Z
eEMz6w_ZGmg,@parjioboyolali634,Selama ininu sri mulyani ngapain aja ya,0,2025-11-02T22:36:08Z
eEMz6w_ZGmg,@belankri6342,"Bubarin bea cukai,pajak rombak bentuk baru",0,2025-11-02T12:08:37Z
eEMz6w_ZGmg,@nartotani6049,"Prioritas buat pengaman pejabat yang jujur dan pintar berani
Pak perbaya 
Pak Amran 
Dan pejabat lain",0,2025-11-02T09:39:31Z
eEMz6w_ZGmg,@ukarkurtubi4724,"Semoga bp Presiden, kepolisian, jaksa, hakim, KPK serta aparat penegak hukum lajnya, terus komit dan konsisten, berani  serta loyal berantas korupsi❤🇮🇩",1,2025-11-02T06:30:16Z
eEMz6w_ZGmg,@bungaliairmina8928,Segitu ngerinya pejabat bea cukai dan pajak,0,2025-11-02T05:13:17Z
eEMz6w_ZGmg,@NurSalim-ti4vs,Teruskan pMenteti adili si penggrogot uang Negara  lanjutkan p Porbaya rakyat mendukungmu semoga berhasi Aamiin,0,2025-11-02T01:56:15Z
eEMz6w_ZGmg,@kasturiyunani,Astagfirullahal adziiim.....,0,2025-11-01T16:47:35Z
eEMz6w_ZGmg,,Mafia import ibarat preman yang minta jatah atas masuknya barang-barang yang akan menjadi komoditas perdagangan di pasar. Makanya nilai harga barang menjadi melonjak tajam lebih mahal dari nilai awal yang wajar.,0,2025-11-01T15:59:13Z
eEMz6w_ZGmg,@Angkringan_AJ,Lenyapkan tikus berdasi,0,2025-11-01T15:31:40Z
eEMz6w_ZGmg,@afterdawn-n1s,"BUKAN 10.000 T, YG DULU DIAKUI DI SAKU BOS MAFIA ITU ADL 11.000 T",2,2025-11-01T15:09:34Z
eEMz6w_ZGmg,@AminahIsmail-dn7of,"Pak Ihsan kaya nya bagus ni kalau gabung jadi pemberantasan korupsi...pak Gatot mana, pk Ahok juga mana ngak pernah nongol, kgen juga dgn orang2 yg berjiwa patriot...",0,2025-11-01T14:05:42Z
eEMz6w_ZGmg,@AminahIsmail-dn7of,"Pak Prabowo tolong cari orang2 yg keras dan tegas serta teguh pendirian untuk memberantas korupsi ini udah keterlaluan ,,kita harus bangkit karna dunia sedang guncang ,kita butuh pondasi yg kokoh untuk menghadapi dunia yg sedang kacau ....",0,2025-11-01T14:02:29Z
eEMz6w_ZGmg,@bandibri8932,"Innalillahi wainnailaihi rojiun
Smg para termul tahu dan sgr taubat",0,2025-11-01T13:00:24Z
eEMz6w_ZGmg,@achmadabu953,"Klu terkait dg baju atau kain bekas atau selundupan, daya rusaknya bikin bangkrut pabrik textil",0,2025-11-01T12:45:31Z
eEMz6w_ZGmg,@mnagari-wg1tt,"10. 000 TRILYUN, LUNAS UTANG NEGARA",0,2025-11-01T12:38:19Z
eEMz6w_ZGmg,@jimmypiri5674,Pak presiden prabowo dan purbaya jangan capek2 bekerja untuk rakyat Indonesia memberantas para koruptor agar rakyat Indonesia menjadi sejatra. Kami rakyat mendukung dan menjaga pak presiden prabowo dan pak purbaya.,0,2025-11-01T11:00:10Z
eEMz6w_ZGmg,@WasidiWasidi-c1i,Smoga lancar niat baik pak Purbaya untuk mencari pembelok ke uangan dan KORUBTOR yang meraja lele.,0,2025-11-01T10:53:20Z
eEMz6w_ZGmg,@jimmypiri5674,"Kami rakyat Indonesia menjaga pak purbaya,",0,2025-11-01T10:40:37Z
eEMz6w_ZGmg,@muhammadarifin8742,"Tolong presiden prabowo ganti mentri dgn org 2 berani, cerdas dan jujur seperti pak ikhsanuddin. pak Mahfud MD, pak Anis, Ahok, Tom Lembong dll masih banyak org berintegrita yg lebih layak jad Mentri dibanding anggita kabinet saat ini. Kami mencintai bpk presiden dan bpk Menkeu Purbaya",0,2025-11-01T10:09:45Z
eEMz6w_ZGmg,@muhammadarifin8742,Ya Allah Lindungi Presiden prabowo dan Menkeu purbaya dari orang orang jahat. para mafia dan koruptor yg membut  rakyat miskin dan negara nyaris tdk berdaya,0,2025-11-01T09:55:12Z
eEMz6w_ZGmg,@muhammadarifin8742,Kami rakyat mencintai prabowo dan purbaya kami doakan semoga beiiau berdua sehat Selalu dan panjang umur berjuang demi rakyat bangsa dan negara Aamiin YRA,1,2025-11-01T09:42:35Z
eEMz6w_ZGmg,@muhammadarifin8742,kami rakyat mencintai dan melindungi presuden prabowo dan Menkeu Purbaya,1,2025-11-01T09:35:25Z
eEMz6w_ZGmg,@Jack34323,"Gw koq malah takut sama keselamatanmu om, agak rem dikit dinegeri.para maling ini apapu bisa terjadi",0,2025-11-01T08:38:06Z
eEMz6w_ZGmg,@muhammadiwan4392,"SELAMA SI MAKHLUK JUARA DUNIA SANG GURU, SANG BIANG KORUPTOR- BIANG KOLUSI- BIANG NEPOTISME (BIANG KKN) DI NKRI KITA INI BELUM DIPROSES HUKUM / DIADILI, DISITA ASSETNYA & DIHUKUM MATI....., 
MAKA KAMI SEBAGAI RAKYAT WARAS ""TETAP TDK PERCAYA AKAN KESUNGGUHAN"" REZIM OMON-2 INI DLM MENGEJAR KORUPTOR (YG KATANYA) SAMPAI KE ANTARTIKA YG SDH DIJANJIKAN.....!!!!",0,2025-11-01T08:09:46Z
eEMz6w_ZGmg,@IKWN7737,"Menkeu diangkat dan dilantik oleh presiden maka hanya bertanggung jwb kpd presiden dlm struktur organisasi, bukan diangkat oleh dpr ! Dpr sebaiknya fokus pd ijasah palsu jokowi dan pelengseran gibran krn ternyata tidak punya ijasah sma !!!?",0,2025-11-01T08:05:41Z
eEMz6w_ZGmg,@sa-id5zk,"Pak,  bapak semoga jadi  wakil presiden",0,2025-11-01T07:31:34Z
eEMz6w_ZGmg,@simonkurniawantube,"Birocratic culture diatasi dengan digitalisasi, bea cukai tidak boleh bersentuhan ofline dengan exportir dan importir.",0,2025-11-01T07:07:37Z
eEMz6w_ZGmg,@MuhidinPaputungan-bp3cg,Harga Patokan zaman dulu.,0,2025-11-01T06:22:57Z
eEMz6w_ZGmg,@simonkurniawantube,Musiknya terlalu keras dan tidak enak. Mengganggu.,0,2025-11-01T03:32:00Z
eEMz6w_ZGmg,@ghofarismail1854,"banyak pabrik garmen dan umkm jahit yang tutup, teman saya juga punya usaha konveksi tutup karena kekurangan pesanan, ini akibat banyaknya impor gelap di bawah pemerintahan jokowi, gak ada ketegasan malah dibiarkan.",0,2025-11-01T02:39:52Z
eEMz6w_ZGmg,@IdaRufaendah,Bagus P Prabowo...smg AllahSWT melancarkn dn melindungi❤❤❤,2,2025-11-01T02:31:23Z
eEMz6w_ZGmg,@ImamFauzie-t1o,"Indonesia jaya,rakyat sejahtera bersama BPK Prabowo -purbaya dn Amran,",0,2025-11-01T01:42:27Z
eEMz6w_ZGmg,@WakApet-d6o,"SANGAT MENGERIKAN KAPAL BISA TENGGELAM, BANYAK KEBOCORAN  .",0,2025-11-01T01:20:35Z
eEMz6w_ZGmg,@bisribisri5873,"Pak Pur , Segera secepat nya orang orang yg sudah terbukti Rakyat seluruh Indonesi ingin tau orang yg megrogoti uang Negara",0,2025-11-01T00:31:53Z
eEMz6w_ZGmg,@darwindarwinsyah6446,Kalau semua Mentri kerja penuh dgn gebrakan dan terobosan utk membangun negara ini kita akan makmur ini semua Mentri kebanyakan tidur nyaman dg mencari aman dgn jabatan yg di dapat tidak ada perubahan dan gebrakan adem ayem,0,2025-10-31T22:43:00Z
eEMz6w_ZGmg,@Munip-e2g,"Mafia prifod emas yg baik dicuri keluar negri.,dalam negri cumak dikasi no 2 tapisan ya,ni mafia org d p r",0,2025-10-31T21:21:42Z
eEMz6w_ZGmg,@Aufa-z3r,"Yg gapang dapt, yg nyogok, yg ga nyogok, buktinya sy",0,2025-10-31T16:25:19Z
eEMz6w_ZGmg,@Aufa-z3r,"Atu enak juga, dgr bp ngoceh tp anak buah bp ga bakal nurut, ttp aja seperti yang dl",0,2025-10-31T16:22:26Z
eEMz6w_ZGmg,@Aufa-z3r,"Atu jgn ngomong doang p, sy ajajinkan sertipikat buat tambahan warung, harus menuhin warung dl kl penge 50 jt kalau warungnya begitu, hanya bisa dapt 10 atau 20 jt, eh 50 ga dpt, 20 jg ga ga jls anak buah bp",0,2025-10-31T16:20:10Z
eEMz6w_ZGmg,@hismailsiip8081,Kelamahan pabeyan negara masalah impor ekpor itu di sebabkan kelemahan hukum tidak bekerja dan dibuat tidak berdaya oleh mafia impor ekpor,0,2025-10-31T15:43:10Z
eEMz6w_ZGmg,@Evolution234-Speed,"Namanya Menkeu itu antara lain bukan hy tugas menerima duit..tp mengawasi dengan ketat duit yg dtg dan pergi dr negara ..dr jenis apa saja,bendahara negara harus teliti jika tidak mau kehilangan duit pemasukan negara...makanya saya heran ekspor sgl jenis tp kenapa duit cukainya kok seperti tak ada?!😢sedih banget lah kalau byk x tikus di antara org2 yg hrs bertanggung jawab tp malah terlibat kongkalikong korupsi...",0,2025-10-31T15:32:19Z
eEMz6w_ZGmg,@AlimSah-z2y,"Ya Allah selama ini Rakyat selalu di jadikan tumbal sangat ngeri dan sedih,😢😢 mudah-mudahan Pak Presiden kita dan pak Purbaya bisa mengembalikan ekonomi bangsa ini dengan baik dan rakyat tidak akan hidup sengsara. Aamiin yrb 🤲🤲😢😢",3,2025-10-31T14:20:11Z
eEMz6w_ZGmg,@sumardihartosanjoyo3358,Ayo pak prabowo gercep.....pak purbya btuh tmbhan peluru pak....sy usul bu susi cpt diangkt jd.mentri....biar makin seru...salam akal waras,0,2025-10-31T14:07:19Z
eEMz6w_ZGmg,@ikin-dt6gu,Masyarakat sudah waktunya memilih orang yg jujur bersih berani karena benar maju terus kami masyarakat doakan terimabkasih❤❤❤,0,2025-10-31T13:51:17Z
eEMz6w_ZGmg,@ikin-dt6gu,Bersihkan mafia apa saja yg merugikan masyarakat dan Negara itulah sebab Negara Indonesia TDK adil dan makmur tuntaskan Tuhan menyertai yg jujur iklas demi kepentingan  Negara dan masyarakat terima kasih❤❤❤,0,2025-10-31T13:48:38Z
eEMz6w_ZGmg,@sitirohanasiahaan5912,Kenapa baru sekarang terbongkar,0,2025-10-31T13:17:38Z
eEMz6w_ZGmg,@Malikiau-d7j,"Apresiasi buat mr Purbaya, penyelamat indonesia...
Rakyat harus bersatu mendukung,...
Blum ada yg memiliki niat tulus dan punya tekad dn keberanian seperti ini slama ini",6,2025-10-31T12:02:40Z
eEMz6w_ZGmg,@NikenDamayanti-f1f,Akhirnya ada yg berani terobos lautan api!!!,0,2025-10-31T11:19:16Z
eEMz6w_ZGmg,@syahrirbgm7246,"Singapura ini mirip usrael..
Negara kecil tapi penjajah...
Mereka ini harus dilenyapkan...",1,2025-10-31T10:56:45Z
eEMz6w_ZGmg,@ngocmay1688,Wadow importir dan para pemain di pelabuhan mulai sport jantung,0,2025-10-31T10:34:15Z
eEMz6w_ZGmg,@dudurisana9643,"Rakyat dibohongi terus, saatnya buka mata jgn mau dikibulin terus sama orang2 rakus....",0,2025-10-31T10:31:00Z
eEMz6w_ZGmg,@Sambah50-pf9ru,MANTAP KALO DITEGAKKAN DNGN BENAR DI KALANGAN ATAS DN BUKAN PDGNG KCIL MAKA NKRI POSITIF MAJU,0,2025-10-31T10:13:09Z
eEMz6w_ZGmg,@ErmanSyah-f6m,"Wah sorry ni gila banget permainannya , kok baru sekarang ke Tahuan ya ? Bu Sri kontrol & monitoringnya gimana ? 

Semoga pak Purbaya dan team bisa hajar semua yang terlibat sampai ke akarnya. 

Pantasan Ekonomi indonesia Morat marid dan korban rakyat kecil . Kita jangan mau kalah dengan mafiia hanya beberapa orang , rakyat 300 JT siap perang dukung pak Prabowo dan mentri2 nya",0,2025-10-31T08:47:55Z
eEMz6w_ZGmg,@SlametKajen-p5j,"Saya harap dngn hadirnya purbaya yg menduduki sebagai mentri keuangan negara, memberi secerca harapan untuk rakyat indonesia menuju kesejahteraan rakyat yg merata dan menghapus selogan yg kaya makin kaya yg miskin makin tercekik",0,2025-10-31T08:38:41Z
eEMz6w_ZGmg,@mirnarastina8206,"Saya mendukung langkah presiden dan menkru pak purbaya....tolong pak Purbaya diberi pengaman khusus ,Jang sampai menteti jujur jadi target korban mafia...pengaman khusus diperlukan tuk menteri kita Purbaya....doa terbaik selalu tuk pak Purbaya semoga diberi perlindungan selalu dan semoga pak presiden sehat selalu bisa memimpin indonesia sehingga bs sejahtera anak cucu,aamiin",0,2025-10-31T08:05:48Z
eEMz6w_ZGmg,@FhgfGtghh,Tangkap.semua.nya.pak.aku.setuju.sm.bapak.❤❤❤❤❤❤❤,0,2025-10-31T07:57:02Z
eEMz6w_ZGmg,@FhgfGtghh,Banar.pak.biar.rakyat.tau.❤❤❤❤❤❤❤❤❤,0,2025-10-31T07:56:09Z
eEMz6w_ZGmg,@PendiEfendi-qv4kt,Jaksa jangan semangat menghakimi orang mencuri ayam. Mending cari maling di bea cukai banyak maling kelas kakap,0,2025-10-31T06:29:31Z
eEMz6w_ZGmg,@NadiraNuralifah-m7u1n,"rakyat bersama pak Purbaya 
lanjut terus pak Purbaya",0,2025-10-31T06:26:16Z
eEMz6w_ZGmg,@AkunpakSuparno,"Sip pak Fuad , koruptor tak pandang bulu, sikat",0,2025-10-31T06:22:17Z
eEMz6w_ZGmg,@AkunpakSuparno,Harusnya bang Ichsan duduk di staf kepresidenan,0,2025-10-31T06:02:52Z
eEMz6w_ZGmg,@AkunpakSuparno,"Sejak dulu pegawai pajak dan beacukai main mata, bersihkan dulu",0,2025-10-31T06:00:28Z
eEMz6w_ZGmg,@AkunpakSuparno,"Dukung terus pak Pur , jangan takut dg cukong yg kerja duduk koar koar",0,2025-10-31T05:59:16Z
eEMz6w_ZGmg,@AkunpakSuparno,"Dukung terus pak Pur , jangan takut dg cukong yg kerja duduk koar koar",0,2025-10-31T05:57:33Z
eEMz6w_ZGmg,@AkunpakSuparno,"Nitizen suarakan agar pak Purbaya tidak masuk partai politik,biar idialismenya terjaga",0,2025-10-31T05:55:22Z
eEMz6w_ZGmg,@AkunpakSuparno,"Oyo suarakan agar pak Pur ,tidak masuk partai politik",0,2025-10-31T05:54:09Z
eEMz6w_ZGmg,@AkunpakSuparno,"Semoga pak Prabowo dan pak Pur dijaga Alloh , selama ini rakyat hanya SBG obyek, cukong ..yg kaya",0,2025-10-31T05:53:25Z
eEMz6w_ZGmg,@SujudSantoso,"Apakah bisa penertiban penggelapan pendapatan negara tsb dibrantas jawabannya pasti bisa .Negara punya kekuatan potensi keluasan,sdm dlsb negara tidak boleh kalah sama penjahat2 keuangan negara ,sikat habis mereka rakyat SDH bosan menderita .Maju terus utk NKRI",0,2025-10-31T03:28:49Z
eEMz6w_ZGmg,@destianization,10.000 triliyun auto jadi orang terkaya didunia ya gak si?,0,2025-10-31T01:57:02Z
eEMz6w_ZGmg,@LeoTedo,"Wah ,😮pemaparan dari pak ichsanul ini sangat fantastis .moga"" pak presiden  & Pak Menkeu bisa melihat ini . Good job pak ichsanul .❤👍",0,2025-10-31T01:39:04Z
eEMz6w_ZGmg,@LeoTedo,"Sy beri jempol sama pak ikhsan beliau ini sdh lama berkecimpung di media .sehat selalu pak . Pahlawan "" media ❤👍",0,2025-10-31T01:33:36Z
eEMz6w_ZGmg,@KolojengkingJengking,Halah dulu kamu ngapain....saat jabat,0,2025-10-31T01:26:00Z
eEMz6w_ZGmg,@LeoTedo,"Ya Allah berarti tahun "" ini zaman Jokowi dgn Menkeu Sri Mulyani .  Apa mmg mereka tdk tau sehingga ke rugian negara sampe 10 rb trilyun . Iya semoga bisa terselesaikan dan rakyat indonesia yg berkekurangan bisa jg menikmatinya .❤presidenku & Menkeu Purbaya.",4,2025-10-31T01:21:01Z
eEMz6w_ZGmg,@johanesihan6199,"Pak Pur, diam² aja tdk usah terlalu byk omon langsung aja tangkap baru konpers",0,2025-10-31T01:04:21Z
eEMz6w_ZGmg,@mamankarnani4884,"Itu gilanya mafia2 di jaman si jokodok dan itu dibiarkan, pasti kegiatan ilegal ini kolusi antara pemerintah lingkar istana para oligharki dan legislatif dg para mafia2 jd betapa lemahnya pemerintahan si jokodokmulyono,",0,2025-10-31T00:44:16Z
eEMz6w_ZGmg,@setyowahyuningsih-j5m,Ayo pak purbaya tangani serius agar satu persatu  pencuri2 ini di tangkap..agar negara segra kaya..rakyat juga kaya..kaya bersama2❤❤❤,0,2025-10-31T00:02:47Z
eEMz6w_ZGmg,@budiharnawa613,1 Purbaya tdk akan cukup !!!!!!!!😅,0,2025-10-30T22:42:07Z
eEMz6w_ZGmg,@sulinasulina472,Jadi manusia yg bermaafaat kebaikan bagi org lain dan tdk merugikan  hajat org banyak,11,2025-10-30T21:32:43Z
eEMz6w_ZGmg,@agusaliwardana,Cek mafia tambang min....,0,2025-10-30T16:17:59Z
eEMz6w_ZGmg,@TapsirTapsir-d9g,"Negara penduduknya makin banyak,neraca perdagangan export import semakin besar tapi tax rasio semakin turun..sangat aneh kan...bener di bea cukai dan kepabeanan bermasalah dan termasuk pelaku pengusaha jasa export dan import...wajib tindak tegas.tangkap kasih efek jera karna main agar pajak bayarnya kecil.luar biasa nilainya.",0,2025-10-30T15:12:58Z
eEMz6w_ZGmg,@VivoY19S-v9s,"Sekarang pihak aparat hukum bisa tidak memberantas korupsi, agar rakyat tau mau kemana negri ini.",0,2025-10-30T15:11:55Z
eEMz6w_ZGmg,@rujubaee1199,Dukung bapa menkeu.,0,2025-10-30T14:48:08Z
eEMz6w_ZGmg,@OeArd,"Sejak ada negara ini,,mungkin baru kali ini ada pejabat negara yang sangat terbuka seperti p, Purbaya, dengan bekingan PK Prabowo sbg presiden",0,2025-10-30T14:36:57Z
eEMz6w_ZGmg,@SugiArto-i5r,"Maaf kalo boleh tanya , kenapa yg di telusuri harus mulai tahun 2013, apakah sebelum tahun itu belum ada korupsi,atau ini kasus bernuansa politik 🙏🙏🙏🙏",0,2025-10-30T14:08:34Z
eEMz6w_ZGmg,@VivoY19S-v9s,Terbongkar semua rakusnya pejabat negara manipu rakyat pencuri di gaji rakyat. Harus dihukum mati dan sita semua asetnya.,0,2025-10-30T13:39:40Z
eEMz6w_ZGmg,@BijiBedut,Bung Leo ada salah baca data tuh pas bagian under invoicing malah dibaca over invoicing...,0,2025-10-30T13:27:39Z
eEMz6w_ZGmg,@alipikoli7405,HARUS bisa dilenyapkan serta dimusnahkan,0,2025-10-30T13:18:45Z
eEMz6w_ZGmg,@Devanoari-y2f,Dulu jaman raja Jawa jokowow bilang nya uang 11000trilyun sudah di kantong sekarang 10000Trilyun lebih udah lah ga usah pada ngecap Klian pejabat baru di bilang sukses KLW tidak menipu masarakyat pake bansos. Gitu aja ko repot,0,2025-10-30T12:17:45Z
eEMz6w_ZGmg,@561-m3s,"80% orang kaya  indomaret  dr hasil pajak, sda dan hasil infrasruktur belanja maupun  infraksutktur  lain nya",0,2025-10-30T08:16:32Z
eEMz6w_ZGmg,@kartikaprincess4511,"Semoga tdk hanya wacana, tapi segera ada tindakan nyata.",0,2025-10-30T08:13:37Z
eEMz6w_ZGmg,@dewilovina4151,Ya Tuhan....apa kerja sri mulyani selama ini???,0,2025-10-30T07:49:16Z
eEMz6w_ZGmg,@rahmatmansyur7661,kalo ini bisa ditarik cukai dan pajaknya...2028 APBN Rp 5000 T mah ditangan..kedepannya MBG cuma duit kecil ..semangat Pak Purbaya ...,0,2025-10-30T07:00:17Z
eEMz6w_ZGmg,@bambooori2262,Semua yg berhubungan dg uang korupsi pasti bersinggungan dg menkeu.  Negara rugi gara² korupsi uang apbn,0,2025-10-30T06:31:33Z
eEMz6w_ZGmg,@mardianto5391,"cerdik vs licik
slmt datang di pertempuran abadi",0,2025-10-30T06:30:16Z
eEMz6w_ZGmg,@RabbaniRabbani-dk3ub,"Sekarang di Kalimantan barat
Masih banyak Maria. Undang undang. Pemerintah daerah
Kerjasama dengan BBM. Sawit
Tambang dan pembangunan
Perdagangan  tekstil elegar malasiya negara tetangga mulai dari hilir sampai  kehulu
Titik",0,2025-10-30T06:22:13Z
eEMz6w_ZGmg,@guthemapada4,Agak lucu Juga Ya...Masa Kita mau nyebar info tangkap Pencuri pencuri tersebut..seharusnya  Tangkap dulu baru infonya di publikasi.,0,2025-10-30T06:05:24Z
eEMz6w_ZGmg,@Prabowo_Hari.septo5,Singapura lagi singapura lagi 😂,1,2025-10-30T06:01:40Z
eEMz6w_ZGmg,@alanmyfocus,"Modusnya selain Under Invoice yaitu Quantity yang dikecilkan, baranga yang di Impor 40.000 di PIB (Pemberitahuan Impor Barang) menjadi 4.000 jadi yang 36.000 GAK BAYAR PAJAK",0,2025-10-30T05:52:47Z
eEMz6w_ZGmg,@RizkyRidwan-j3n,"10k triliun bisa seluruh rakyat Indonesia kaya raya 😂😂 GK akan ada gembel, kesehatan terjamin, pendidikan gratis sampe S1 bahkan bisa S3 GK akan ada pengemis,kang parkir,ormas,begal dll",0,2025-10-30T05:33:01Z
eEMz6w_ZGmg,@nadineghassani5289,Kalau DPR tdk menyetujui penyitaan asset dr hasil korupsi maka hrs di kepres..,0,2025-10-30T05:24:00Z
eEMz6w_ZGmg,@nadineghassani5289,"Pejabat harus seperti ini, biar koruptor² takut",0,2025-10-30T05:17:22Z
eEMz6w_ZGmg,@andisugiono8609,Fuad B ini dulu selain mantan Menkeu jg mantan Dirjen Pajak😂,0,2025-10-30T03:33:46Z
eEMz6w_ZGmg,@561-m3s,Wow,0,2025-10-30T02:36:17Z
eEMz6w_ZGmg,@eckoramadhan3240,"Ya allah Lindungi lah mereka mereka yang bekerja menggunakan hati nurani, yg jujur dan amanah.
Aku ga tau harus sedih atau senang. Disatu sisi sedih karna bobroknya orang orang kita yg tanpa hati korupsi begitu besar tanpa melihat masyarakat kita masih banyak yang bersusah payah mencari rezeki.
Disatu sisi juga senang karna uda mulai terungkap para mafia yg selama ini sudah terlalu nyaman untuk mencuri.",0,2025-10-30T02:32:02Z
eEMz6w_ZGmg,@TTK549,Kehadiran P.Pur dikabinet membuat bangsa ini optimis bangkit 🔥🔥🔥,1,2025-10-30T01:36:26Z
eEMz6w_ZGmg,@fajarlaufi,usut srimulyani!,0,2025-10-30T00:53:54Z
eEMz6w_ZGmg,@soetarsyahmsb8896,"Naah ini, yg. buat ""INDONESIA GELAP'.!! 👎
Modus 378 MISINVOICING. 
Dari para Pengusaha Oligarki Nakal dan para Pejabat yang Culas, Rakus dan Tamak..👊😡👎😡👊",0,2025-10-30T00:32:18Z
eEMz6w_ZGmg,@WitMalang,Yerim betul lah rezim Jokowi!!!,0,2025-10-29T23:52:51Z
eEMz6w_ZGmg,@HartiniAti-p3c,"Ya, Allah lindung8lah orang2 yg selalu, ingin melindungi negeri kami, orang orang yg ingin memajukan negeri kami dari orang  orang yg zholim,",1,2025-10-29T23:28:28Z
eEMz6w_ZGmg,@adijaya-p7w,"Astaghfirullooooh....La pd waktu itu mentri Srimulat dmn kok gak tahu?katanya mentri paling cerdas sejagat.
Kok pajak rakyat aja yg diperkosa?",0,2025-10-29T23:19:10Z
eEMz6w_ZGmg,@adijaya-p7w,"Pemimpin bangsa dan rakyat sdh toleran banget,msh dikadali jg.
Sikat aja dah pk Presiden...!
Biar bangsa ini cepat makmur.",0,2025-10-29T23:11:47Z
eEMz6w_ZGmg,@jajamjamilah664,Pantes negara miskin terus rakyat merasa lara terus ternyata uang2 pd di timbun berpuluh2 tahun bongkar terus pak purbaya bpk prabowo bpk sejalan ingin bersihkan orang bedosa agar terselamatkan dari fahsha dan munkar❤,0,2025-10-29T21:37:10Z
eEMz6w_ZGmg,@KodokBancet-f1,MAFIA DAN KORUPTOR GANGGU PAK PURBAYA RAKYAT SIAP TURUN MENCARI PARA PENGGANGU ITU.,0,2025-10-29T20:13:39Z
eEMz6w_ZGmg,@KenziArka-z5r,"Smoga segera lahir purbaya2 baru..untuk membantu memberastas mafia2 di negri ini, ayolah orang2 pintar kalian bisa bersatu untuk kemajuan bangsa indonesia ini.",2,2025-10-29T18:01:54Z
eEMz6w_ZGmg,@musasabrowi5840,Daya rusak paling dasyat era Jokowi,0,2025-10-29T17:48:06Z
eEMz6w_ZGmg,@HeruSagitaWijaya,Bukan oknum bea cukai tidak tau tapi TST,0,2025-10-29T16:32:38Z
eEMz6w_ZGmg,@retnohanggarArniati-r7m,"Betapa hebat dahsyat persoalan yg ada dalam bea cukai yg bisa meruntuhkan perekonomian NKRI , harus ada orang kuat yg di beri kekuatan maksimal untuk memberantas mafia yg melibatkan beberapa kementrian, kita sama ber doa agar kesulitan yg ada bisa Ter urai untuk di benahi n kemudian melakukan tindakan  tegas KPD mafia yg menghancurkan ekonomi NKRI .Pak PRESIDEN n Pak PURBAYA agar sehat slalu bertugas di jalan ALLAH utk RAKYAT yg selama ini tertindas oleh kejahatan mafia perusak ekonomi NKRI .... Mohon ridho Allah untuk berhasil n sukses.",0,2025-10-29T16:10:19Z
eEMz6w_ZGmg,@IyamCici,Yg saya lihat dari pemerintahan Suharto sampai sekarang baru di pemerintahan pa Prabowo yg benar benar ingin memberantas korupsi dan para mapia memang benar korupsi dan mapia itu sangat merugikan ngr dan menyengsarakan rakyat RI saya doakan SMG pa Prabowo dan pjt yg jujur SMG di lindungi Alloh dan di jaga dari ancaman orang orang yg zolim amin,0,2025-10-29T15:07:27Z
eEMz6w_ZGmg,@SyahrulHaeruddin-p9l,"Ayo rakyat Indonesia,kita dukung terus pak presiden Kita untuk memberantas para koruptor dan mafia tanpa pandang bulu.",3,2025-10-29T15:04:04Z
eEMz6w_ZGmg,@IyamCici,Mapia bisa di lenyapkan asalkan para pjt nya jujur dan kompak satu jalan satu prekwensi tidak simpang siur dan punya tekad baja yg kuat jgn tekad oncom yg di pegang,0,2025-10-29T14:53:31Z
eEMz6w_ZGmg,@SupariYanto-b1m,BETUL ZAMAN SEKARANG BANYAK PEGAWAI TERTINGGI JADI MAFIA NEGARA ..! MENJADIKAN INDONESIA MENJADI LEMAH DAN BANYAK UTANG NEGARA YANG  DITANGGUNG MASYARAKAT INDONESIA ...! AKHIRNYA  PENDERITAAN RAKYAT TAK KUNJUNG MISKIN TERUS ..! JAWABPANNYA MENUNGGU PENGADILAN DARI YANG  MAHA  BERKUASA BARULAH BISA DIRASAKAN SEMUA MANUSIA / ORANG SEINDONESIA ..!,0,2025-10-29T14:49:43Z
eEMz6w_ZGmg,@jajananzayyan-family,"Pak purbaya tolong hentikan pertalite di campur etanol,,d wilayah Jawa Timur sudah banyak sepeda motor berebet karena ulah dari pak Bahlil🙏🙏",0,2025-10-29T14:30:59Z
eEMz6w_ZGmg,@idibasuki1281,Asstaghfirruloh bgt jahat nya Menkeu yg lalu memeras rakyat kecil dgn pajak tapi membiarkan perampok uang negara.,0,2025-10-29T14:25:23Z
eEMz6w_ZGmg,@davidleeroth007,menteri keuangan yg kemaren molor,0,2025-10-29T14:07:28Z
eEMz6w_ZGmg,@BuzarMan,"Mohon pak Purbaya, ini utk nambah ilmu pak menkau ini org pintar juga dan cukup pengalaman utk menambah depisa negara mengejar ekonomi 8% th 2028, program Pak Probowo pro rakyat.",7,2025-10-29T14:06:37Z
eEMz6w_ZGmg,@aansubarnas,SIAP2. SINGAPURA  MISKQUIN SEMISQUINNYA  BILA APARATUR INDONESIA TEGAKAN HUKUM HILANG KOLUSI KORUPSINYA...,3,2025-10-29T14:05:28Z
eEMz6w_ZGmg,@toyibah7922,Mantap pak purbaya.kalo udah terkumpul .uangnya bisa bayar hutang negara❤,0,2025-10-29T13:57:13Z
eEMz6w_ZGmg,@idabagussuryamanuaba4784,"ya Tuhan lindungilah orang-orang baik di negeri ini. Indonesia sangat kaya raya, semestinya sudah jadi negara super power.",1,2025-10-29T13:47:52Z
eEMz6w_ZGmg,@sirraj6943,Mntap pk ...🎉🎉🎉,0,2025-10-29T13:43:59Z
eEMz6w_ZGmg,@ananto_kusumo,"TENTU SAJA ADA, . . . Prabowo akan disogok 16T ??? . . . . berarti . . .BETAPA BANYAKNYA DUIT YANG BEREDAR DI 'LUAR NEGARA' !!

(SARAN SAYA , PRABOWO TERIMA SAJA ITU , dan TANGKAP DIA dkknya)",0,2025-10-29T13:28:19Z
eEMz6w_ZGmg,@robertw3010,"Emang benar para pemain Exspor - Import pasti dari orang - orang mereka ,,,, ??",0,2025-10-29T13:23:23Z
eEMz6w_ZGmg,@muhammadgazali7639,Semoga pak purbaya ttp tegu pendirian x sesuai kometmen bp presiden jgn pernah takut rakyat mendukung bpk,0,2025-10-29T13:22:49Z
eEMz6w_ZGmg,@muhammadgazali7639,Semoga pak purbaya ttp tegu pendirian x sesuai kometmen bp presiden jgn pernah takut rakyat mendukung bpk,0,2025-10-29T13:22:38Z
eEMz6w_ZGmg,@m.harrywahyudi8177,10 tahun terakhir brarti jaman jokowi dong😢😢,0,2025-10-29T13:19:13Z
eEMz6w_ZGmg,@riskyardiansyah7471,Mentri lain lagi sibuk ngilangin barbuk 😂,0,2025-10-29T13:10:46Z
eEMz6w_ZGmg,@ngintip4708,"Gilaaaa!!! Gebrakan pa Prabowo & pa Purbaya 🔥 Mari kita kawal mereka, Semoga Allah SWT melindungi keduanya, amin.",56,2025-10-29T13:09:35Z
eEMz6w_ZGmg,@hajienjat423,Pantesan selama Jokowi jadi presiden sangat timpang yang punya jabatan yang Deket sama Jokowi sangat kelimpahan kekayaan sedangkan rakyat dibawah cuma jadi penonton mau makan aja susah,0,2025-10-29T13:05:12Z
eEMz6w_ZGmg,@indrawanindrawan5509,Koruptor harus dihukum mati,0,2025-10-29T13:04:59Z
eEMz6w_ZGmg,@budjechannel8455,Pelaku korupsi di atas 1M di hukum mati baru akan habis kerugian negara,0,2025-10-29T12:51:27Z
eEMz6w_ZGmg,@dwiparisi9594,Hidup kang norsy,0,2025-10-29T12:51:27Z
eEMz6w_ZGmg,@muhamadmahari,rakyat bangga dan punya harapan sangat positif kepemimpinan P Perabowo P Purbaya semoga keduanya dalam lindungan Allah swt yg maha kuasa yg maha bisa yg maha segalanya keberhasilan P Perabowo purbaya insyaallah negara makmur rakyat sejahtera,1,2025-10-29T12:48:33Z
eEMz6w_ZGmg,@WerSanl,Rakyat kecil sangat mendukung kejar koruptor. Rakyat didesa hidup sangat susah. Siap bela mati tumpas koruptor,0,2025-10-29T12:40:45Z
eEMz6w_ZGmg,@didikdoang7628,Trus kapan *UU PERAMPASAN ASET* disahkan oleh DPR ??,0,2025-10-29T12:29:49Z
eEMz6w_ZGmg,@aliwahdi,"Saya dukung Menkeu Purbaya Yudhi Sadewa karena beliau menteri yang jujur dan cerdas , apalagi semangat beliau mengajak rakyat untuk kaya bersama, beliau juga sangat tegas memberantas mafia-mafia di negeri ini ..",0,2025-10-29T12:27:59Z
eEMz6w_ZGmg,@seruni481,"Rakyat dicekiq bunga bang ....kita disengsarakan .dpt mnjm di bang tpi mencekiq .satu kali minjam di bang seorang guru ,langsung melarat .gaji nol yg pulang .habis terpotong bang krn bunga tinggi .",0,2025-10-29T12:25:52Z
eEMz6w_ZGmg,@kasiminlaso9134,"Rakyat indonesia memang seharusnya sejahtera, kesehatan dan pendidikan gratis karena negara kita kaya raya.",0,2025-10-29T12:10:21Z
eEMz6w_ZGmg,@ramsyahse,"Sikat bersih para penipu negara Indonesia
Jangan diberi ampun",0,2025-10-29T11:59:06Z
eEMz6w_ZGmg,@suriana8131,"Pak Prabowo dan pak Purbaya, bekinganmu rakyat Indonesia pak, jangan takut untuk terus berjuang, rakyat bersama kalian ❤🙏",1,2025-10-29T11:49:08Z
eEMz6w_ZGmg,@LaluGaruda,10.000 Triliun bisa buat Indonesia jadi negara maju😭😭😭,0,2025-10-29T11:41:51Z
eEMz6w_ZGmg,@edyriswanto7134,Tak perlu di expose ke 2 nya masih baik dibanding yang dipilih dititipkan Joko ntol,0,2025-10-29T11:35:14Z
eEMz6w_ZGmg,@AjidinNoer,"Pa Presiden, selidik juga aparat Polri dan TNI aktif yg membackup tambang ilegal. Gas pol pak❤️🇲🇨",0,2025-10-29T11:27:00Z
eEMz6w_ZGmg,@funandlearningm,"Begitu, devisa negara di korupt, Sampai 10.000 Trillium? Tidak Aneh tapi karena pembiaran dan pejabat tinggi penakut dengan korupt  atau menjadi korupto menyebabkan bertahun tahun seperti ini.",0,2025-10-29T11:25:46Z
eEMz6w_ZGmg,@terijengki2871,"Dynamic Duo,pak Prabowo & pak Purbaya 🔥",1,2025-10-29T11:23:35Z
eEMz6w_ZGmg,@ramsessimamora2444,Perusahaan kedua negara sekongkol,0,2025-10-29T11:18:55Z
eEMz6w_ZGmg,@VankoiChannel,Luar biasa nilai korupainya sangat sangat fantastis,0,2025-10-29T11:15:28Z
eEMz6w_ZGmg,@ramsessimamora2444,Negara tujuan inportir ikut mafia,0,2025-10-29T11:11:11Z
eEMz6w_ZGmg,@PetZhen,Pantasan serah terima jabatan menteri keuangan yang lama agak ragu2 karena banyak dia melindungi koruptor 😊😅,0,2025-10-29T10:56:18Z
eEMz6w_ZGmg,@fusauphiau2994,"Negara tak maju2 karna hambatan para koruptor, klu tidak disikat hbs atau bikin undang2 hukuman mati para koruptor. sampai kpn pun gak akan maju, bisa2 tambah ambruk",0,2025-10-29T10:46:36Z
eEMz6w_ZGmg,@EdusiswaUntukNegeri,INDONESIA SE KAYA INI YA ALLAH,0,2025-10-29T10:22:26Z
eEMz6w_ZGmg,@ardy_rich-3268,Kami sebagai rakyat Indonesia senang dan mendukung pak Prabowo dan pak Purbaya 👍👍,1,2025-10-29T09:57:56Z
eEMz6w_ZGmg,@ibusuryati5328,"Pelan tapi pasti kinerja MenKeu pk Purbaya!!! Smg sehat slalu, dilindungi Allah SWA, sukses terusss pk.  
🤲💪🙂👍👍👏👏🇮🇩",4,2025-10-29T09:56:09Z
eEMz6w_ZGmg,@wawanpj4352,"Saya menduga kelakuan ini dr jaman suharto juga sdh sprti itu.... hubungannya dg keberanian. barulah saat ini ketemunya, Krn ada political weel dr presidennya.

Makanya dr dulu prabowo susah trpilih jd presiden. Krn prabowo punya keberanian dan cukup keras kpd orang2 yg merusak negara.

Makanya prabowo merubah pola yg seolah tdk akn keras, jdinya semua politikus tertipu.

Klo semua maling ya pasti aman. Jd klo ingin negara aman yg jngan ada perbedaan saja. Tinggal memilih mau benar atau salah.",0,2025-10-29T09:43:45Z
eEMz6w_ZGmg,@UlaikaChanel,Pak semua pengusaha nipu dak tertip,0,2025-10-29T09:36:34Z
eEMz6w_ZGmg,@uciita8324,"Sikaattttt  abisss  bos. Terutama yg lakukan under n over invoicing. RAMPAS  DUIT MEREKA  di Sng,Hkg, Chn n di negara tempat perampok n  pengemplang pajak yg ngumpulin  duit  di shell companies. 👹👺",0,2025-10-29T09:34:28Z
eEMz6w_ZGmg,@upikeni1895,amzing 10.000 triliun hrsny rakyat Indonesia kaya smua gk ada yg miskin,8,2025-10-29T09:32:07Z
eEMz6w_ZGmg,@ap8669,"Lha itu sbenernya pemerintah RI ngga perlu naikkan pajak ke rakyat udh bs menutupi APBN dari uang yg diambil (di korupsi) sm mafia, haduhhh,.. kita rakyat RI hidup cm di nakalin sm mafia, pemerintah RI yg dulu ngga berdaya sm mafia.",0,2025-10-29T09:30:24Z
eEMz6w_ZGmg,@susireinieren-bali5495,"Wouw,.....maling- maling negara itu harus dihukum mati dan keluarga mereka harus dimiskinkan. Harusnya Indonesia sudah puluhan tahun yang lalu sudah menjadi negara maju. 80 tahun sudah merdeka tetapi negara ternyata dikuasai dan dijajah oleh elit-elit yang tak bermoral dan biadab.",0,2025-10-29T09:30:23Z
eEMz6w_ZGmg,@Kenko21,"Negara dirugikan rakyat di miskin kan, itu lah ideologi PKI mereka tidak senang melihat rakyat makmur apalagi melihat Indonesia maju.,",0,2025-10-29T09:22:34Z
eEMz6w_ZGmg,@tanyadenanya,"Its gonna be a loooooong fighting. dalam hal import, Pak Fuad sudah paham betul  bahwa itu sudah jadi trik lazim pengusaha untuk mengakali pajak. makanya jawaban beliau tersirat tidak antusias. masalahnya pengusaha mau bea murah dan barang tidak tertahan di BC. Hal ini  ""bisa diakomodir dan diusahakan"" oleh petugas negara. sudah mendarah daging berpuluh tahun praktek begini. ibaratnya simbiosis mutualisme. Even Pak Pur rasanya sih sudah tahu juga. Semoga ada cara briliant untuk menuntaskan hal ini, karena issue invoicing ini hanya satu fase bagi pengusaha, karena setelah beres di BC, ""vampir vampir"" lain sudah menanti untuk memalak si pengusaha.",0,2025-10-29T09:20:22Z
eEMz6w_ZGmg,@RohmatanAtan,Kalau pejabat kerjasama sama heker kuruptor mau lari kemana,0,2025-10-29T09:15:04Z
eEMz6w_ZGmg,@vespasprint4608,Indonesia kaya akan koruptor dan mafia...yang di dukung pejabat bermental maling malas kerja...mantap kerja pak purbaya,0,2025-10-29T09:00:34Z
eEMz6w_ZGmg,@dwiindratno7697,"jangan lupa pak BLBI (Bantuan Liquiditas Bank Indonesia) pak Purbaya dengan arrahan Pak Prabowo, uang  rakyat bisa kembali dari bank bank baik swasta maupun negri, tolong dong masa mereka pailit rakyat terpaksa membantu suntikan dana  melalui bang indonesia (BI), sekarang kalau sudah untung ya kembalikan dana tersebut ke BI untuk dikembalikan ke rakyat dalam bentuk pemanfaatan finansial yang akan mempermudah dan menguntungkan masyarakat, salam NKRI Ekonomi.",0,2025-10-29T08:59:39Z
eEMz6w_ZGmg,@putramardang8887,Dari dlu Bp Prabowo slalu bicara BOCOR tpi semua org mencibir beliau... 😇😇,2,2025-10-29T08:59:17Z
eEMz6w_ZGmg,@bhineka5498,"jangan sampai Next Indonesia yg menyajikan data ini hanya akan mencari duit dng data yg dimiliki, karena penjahat akan siap membayar supaya kejahatannya tidak terungkap",0,2025-10-29T08:58:22Z
eEMz6w_ZGmg,@petruschandra3414,"HIBAH ALAT2 MEDIS DARI JAPAN ITU GRATIS,?",0,2025-10-29T08:53:16Z
eEMz6w_ZGmg,@petruschandra3414,"INGAT KASUS INALUM,DI- SIDANG DPR?",0,2025-10-29T08:42:45Z
eEMz6w_ZGmg,@petruschandra3414,"PASKA =80 TH NKRI MERDEKA,ITU HRS KITA ISI DGN INTEGRITAS DAN KREDIBILITAS,BUKAN,DGN ABS? ASAL BAPA SENANG?",0,2025-10-29T08:40:18Z
eEMz6w_ZGmg,@petruschandra3414,"MENGAPA NKRI SULIT MAJU?JAWAB: KRN BANYAKNYA PENIPUAN YG DIMANIPULATIF,MUSUH2 DLM SELIMUT?",0,2025-10-29T08:34:34Z
eEMz6w_ZGmg,@CandraAlex-i6h,"Menangislah bung Karno..beginilah negara yg telah kau perjuangkan dgn darah nyawa dan jiwa raga...tampang"" Koruptor yg tdk tahu malu dan Tega mengkhianati bangsa sendiri..pantaslah dihukum mati..!!!",0,2025-10-29T08:33:54Z
eEMz6w_ZGmg,@Jairan4,Yaalohh umat indoonesa ingatlah perjuangan 1945 taruhannya nyawa  masarakatbawah  dibanjiri kredet banyakbentuk nya  sudahmatisak jronee urep,0,2025-10-29T08:32:05Z
eEMz6w_ZGmg,@MjDelivery,Saya selalu tertarik pada forum yg di dalam nya ada bung Ichsanuddin Noorsy,1,2025-10-29T08:27:41Z
eEMz6w_ZGmg,@iklasulamal1253,NEGARA KAYA TAPI TERLALU BANYAK MALINGNYA,0,2025-10-29T08:22:06Z
eEMz6w_ZGmg,@endangsusilowati8876,Gimana negara mau maju koruptor merajalela sedangkan warga mau mancari kerja susah,0,2025-10-29T08:17:07Z
eEMz6w_ZGmg,@endangsriwilangsih8279,"Sehat² pk presiden, pk purbaya, para menteri serta jajaran para pejabat yg jujur dn tegas trhadap para pelaku kejahatan negara",2,2025-10-29T08:06:17Z
eEMz6w_ZGmg,@MaemunaMuiz,Semoga para pejabat teras negara ini mau berkolaborasi dg pk PURBAYA MENJADIKAN NEGARA TERCINTA INI CONTOH PEREKONOMIAN TERBAIK DI DUNIA MENJESAHTERAKAN RAKYAT SECARA MERATA BUKAN SEBALIKNYA AAAAMIIIIN ALLAHUMMA AAAMIIIN,0,2025-10-29T08:05:19Z
eEMz6w_ZGmg,@sirhanuyo-wg1ug,Tempat merekah di Singapur,0,2025-10-29T07:50:34Z
eEMz6w_ZGmg,@sirhanuyo-wg1ug,Rakyat mendukung 💪🏽💪🏽💪🏽,0,2025-10-29T07:48:02Z
eEMz6w_ZGmg,@usmawatiusmawati4671,"Mantap mentri keuangan kita, duit kita ini banyak tp hanya dimakan oleh segelintir orang saja",0,2025-10-29T07:44:55Z
eEMz6w_ZGmg,@murniati112,Mantap dengan adanya pak Pur maka semua yang curang terungkap,1,2025-10-29T07:42:56Z
eEMz6w_ZGmg,@theresianatalia7233,"Sekian lama menjabat Ibu Sri Mulyani yg terhormat ngapain aja ya? Kenapa baru ke ""blow up"" diawal Bpk Purbaya menjabat?",0,2025-10-29T07:38:12Z
eEMz6w_ZGmg,@rians1967,"10 tahun terakhir berarti jaman nya mulyono,memang perusak negara tuh org",0,2025-10-29T07:37:52Z
eEMz6w_ZGmg,@Tcang964,"Sangat mendukung kerja bapak Purbaya, semoga bisa  mengatasi rintangan2.dalambingkar mafia..",0,2025-10-29T07:26:41Z
eEMz6w_ZGmg,@yunadewanti7844,Pak PUR RI2 2029,0,2025-10-29T07:26:37Z
eEMz6w_ZGmg,@didikpurwanto1125,Tuh ngeri nya negri ini pak Ichsanudin aja bukan ancaman lagi tapi kekerasan fisik di terima dari preman berdasi...,0,2025-10-29T07:22:52Z
eEMz6w_ZGmg,@adiburizal5958,"Pak Ihsan tegas, keliru katakan keliru.",0,2025-10-29T07:20:23Z
eEMz6w_ZGmg,@bekasiblis9540,"Menteri keuangan lagi sibuk benahi keuangan negara, menteri pertanian lagi sibuk pastikan rakyat tersedia berasnya. Menteri yg lain sibuk memperkaya diri tanpa bekerja dan cari alasan kalo ketahuan",1,2025-10-29T07:10:07Z
eEMz6w_ZGmg,@triagoengsoebijantoro4664,Rakyat mendukungmu pak Purbaya❤,0,2025-10-29T07:09:29Z
eEMz6w_ZGmg,@NengsihNengsih-p8r,Parah jaman banteng,0,2025-10-29T07:04:52Z
eEMz6w_ZGmg,@wong9629,"Para Mafia merugikan negara Ribuan Triliun per tahun, tidak akan terjadi kalau tidak dibantu Oknum Kementrian yg Kotor.",1,2025-10-29T06:58:21Z
eEMz6w_ZGmg,@carelindwinaf6777,"10 th, kita dipimpin  tukan mebel, hancur negara ini. Negara kaya raya, rakyatnya terdampar di luar negeri sebagai pekerja migran, jd korban perdagangan orang, akibat negara salah urus.",0,2025-10-29T06:48:40Z
eEMz6w_ZGmg,@carelindwinaf6777,"Betul2 keparat , ibarat kita dirampok dilaut, didarat, diudara. Sempurna penderitaan rakyat indonesia.",0,2025-10-29T06:46:15Z
eEMz6w_ZGmg,@eongucu,"Astagfirullah alzhim .innalillahi wainnalilahi rojiun. Semoga cepat terbongkar semuanya .Negara ini banyak uang .Tapi di rampok oleh MAFIA2 .tolong vidio ini di viralkan supaya rakyat cerdas dan tau .Gasak PK.prabowo ,jg takut dg MAFIA2 yg ada di negara kita ini.",0,2025-10-29T06:45:44Z
eEMz6w_ZGmg,@suherman8600,"Setuju 👍, msh byk usaha""ilegal,lapak""pengepul,penimbunan d'daerah""yg bnr""merugikan negara,salah satunya penyalahgunaan BBM bersubsidi jenis solar dn gas.tlg basmi krn uangnya /upetinya msk k'oknum""aparat bawah sampai atas.💪❤🇮🇩🔥🙏",0,2025-10-29T06:41:40Z
eEMz6w_ZGmg,@PidaOk-e2i,Maju terus pak purbaya rakyat mendukungmu❤❤,0,2025-10-29T06:40:52Z
eEMz6w_ZGmg,@fajrinsyaiful8231,"Pak prabowo gk usah mikirin program2 pas kampanye pak, ckup beresin aja ini sampah2 trias politika dan koruptor2 ini pak, bisa jadi pehlawan pemberantas korupsi dan auto 2 periode minus gibran tapinya pak",0,2025-10-29T06:36:57Z
eEMz6w_ZGmg,@EdiRahmadi-i4d,"Gila ya..praktek pungli,korupsi,permainan sistem perbankan dan banyak lg.Pantesan negara sekaya indonesia 80 thn merdeka rakyat nya semakin merana.yg kaya makin kaya yg miskin tambah hancur.",0,2025-10-29T06:36:36Z
eEMz6w_ZGmg,@ThemustBakso,Hhhhhh lanjut kan p. Pur.... Jangan kwatir TNI yg di dukung seluruh rakyat indonesia siap mengawal bapak purbaya. Laksanakan apa yg  di amanahkan p. Presiden.,0,2025-10-29T06:36:29Z
eEMz6w_ZGmg,@heryteros8155,"Baru kelihatan sekarang kalau inpor pakaian bekas menguntungkan para pelakunya , giliran TKI sebagi salah satu sumber devisa Negara ,mengirim  barang untuk sanak keluarganya sangat ketat , biadad sekali kalian.",0,2025-10-29T06:31:38Z
eEMz6w_ZGmg,@suwantosuwanto1116,"Mafia bisa dilenyapkan kuncinya penegak hukumnya orang orang yang nasionalis bukan ternak oligarki yang tugasnya menjadi penjajah bangsa sendiri,Terus libas mafia dari berbagai sektor rakyat sangat bangga kepada Pak Presiden Prabowo,Pak Purbaya,gerakkan kejaksaan Agung, rakyat sudah tidak percaya lagi kepada KPK 👍👍👍🙏",0,2025-10-29T06:27:46Z
eEMz6w_ZGmg,@yasmintri3981,"Artinya sejak 10 tahun pempretah jokoweeee....
Orang orang jokowee",0,2025-10-29T06:18:42Z
eEMz6w_ZGmg,@rizkione9918,Joss,0,2025-10-29T06:17:47Z
eEMz6w_ZGmg,@defriwansyah6610,"Maju terus pantang mundur pak menkeu
Rakyat bersama anda",0,2025-10-29T06:16:23Z
eEMz6w_ZGmg,@Im_r3allyG00fy,"SAYA PRIBADI TERLALU YAKIN: JIKA PRESIDENT, MENKEU, JAKSA AGUNG, KAPOLRI SERTA JAJARANNYA RAJIN BLUSUKAN DAN MENINDAK TEGAS SETIAP PELANGGAR HUKUM, MAKA KONSEP "" MAKMUR BERSAMA"" AKAN SEGERA MENJADI KENYATAAN DI NKRI, BRAVO KABINET MERAH PUTIH NKRI MAJU",0,2025-10-29T06:16:19Z
eEMz6w_ZGmg,@yasmintri3981,Sri molyono tuh,0,2025-10-29T06:12:34Z
eEMz6w_ZGmg,@yasmintri3981,Jokowe kluarganya tuh harus tangkap,0,2025-10-29T06:10:20Z
eEMz6w_ZGmg,@bangdodot315,pantes rakyat masih pada miskin,0,2025-10-29T06:08:20Z
eEMz6w_ZGmg,@FunkyMonkey-v3j,"Perkuat struktur organisasi KPK & tingkatkan kuantitas, kapasitas & kapabilitas personil KPK. Gencarkan operasi pemberantasan korupsi disetiap lini pada seluruh KL. Tindak tegas setiap pelaku pelanggaran yg merugikan negara (moriil & materiil).",0,2025-10-29T06:05:14Z
eEMz6w_ZGmg,@romsimasudi1360,10000T masih kalah ama yg ada di kantong pakdhe 11000T,0,2025-10-29T05:59:53Z
eEMz6w_ZGmg,@doddymarantha7747,Busyet lebih gede dari jumlah utang konoha,0,2025-10-29T05:59:38Z
eEMz6w_ZGmg,@suryantoidung8211,seharusnya di sahkan dulu uud perampasan aset dan hukumman mati/potong tangan agar negri ini terbebas dari para penjahat  maling duit rakyat dan para koruptor di hukum mati biar ada efek jera buat para pejabat yang lain nya.,5,2025-10-29T05:57:29Z
eEMz6w_ZGmg,@cahyadi-cg2jt,kami kuatir yg teriak2 brantas korusi karena belum punya kesempatan untuk melakukan korupsi😅😅 😅😅,0,2025-10-29T05:55:48Z
eEMz6w_ZGmg,@alamasribatik1650,Ayo dukung purbaya merampas uang maling2 ayo  sdr2 rakyat kt dukung spy bisa diambil negara utk byr hutang dan kesejahteraan rakyat indonesia,0,2025-10-29T05:44:36Z
eEMz6w_ZGmg,@koncomlaku71,"Ada polisi, KPK, menteri ESDM, Perdaganan, Industri, KKP,  Ekonomi dll, pada ngapaian... Seakan2 yang suruh kerja dan seluruh beban diserahkan ke Menteri Keuangan... Apa ga malu pejabat2 yang lain itu.....",0,2025-10-29T05:40:59Z
eEMz6w_ZGmg,@fufufafabelumtobat,Yang selama ini memberikan mereka kemudahan dalam rampok Negara harusnya diangkut juga dong. Indikasi ya si jokowi,0,2025-10-29T05:39:31Z
eEMz6w_ZGmg,@LopaHasibuan,Ya Alloh lindungi mentri kami pa purbaya ' beriksn kekuatan ' sehatkan selalu,0,2025-10-29T05:35:35Z
eEMz6w_ZGmg,@jimmyyustianus5705,Good 4 the 1st Impression,0,2025-10-29T05:32:09Z
eEMz6w_ZGmg,@herrysucahyo2201,Senantiasa Bpk Presiden PRABOWO SUBIYANTO dan MENKEU PURBAYA dalam memperbaiki bangsa dan negara Indonesia.....ALLOH SWT melindunginya dan memberikan sehat.....AMIIN YRA....HAYOO FAKYAT INDONESIA KITA DUKUNG DAN BELA  ...,1,2025-10-29T05:24:04Z
eEMz6w_ZGmg,@RosmaWati-to3en,Larang aja yg tegas mafia pakaian jadi baru dan brkas stop masuk....industri kita hancur ga bisa bayar pajak.,0,2025-10-29T05:23:19Z
eEMz6w_ZGmg,@ArdiYansyah-r2w,Ternya para pejabat2 sendiri yang ternyata merugigikan negara ini.,0,2025-10-29T05:21:28Z
eEMz6w_ZGmg,@aremania4189,Stop jual minyak mentah dan beli pertalite.. bangun kilang minyak sendiri saja,0,2025-10-29T05:17:52Z
eEMz6w_ZGmg,@kaji3457,Gue seneng acara ini karena narsumnya semua berkualitas.,0,2025-10-29T05:17:17Z
eEMz6w_ZGmg,@SityNurjanah-w7d,"Mulyono raja solo 
Yang mengorkestrasi para maling untuk memiskinkan rakyat Indonesia
Dia lagi bangun rumah 12.000 meter persegi",0,2025-10-29T05:14:27Z
eEMz6w_ZGmg,@alberttasidjawa5478,Buat Tim INDEPENTEN Telusuri utk Pembenahan spy di Betulin,0,2025-10-29T05:13:04Z
eEMz6w_ZGmg,@luqmanhakim-yv7dt,Insyaallah bisa.....,0,2025-10-29T05:11:35Z
eEMz6w_ZGmg,@MarsianusSitanggang,Tambah 10  Orang lagi seperti Pak Purbaya Indonesia Makmur & Jaya.,2,2025-10-29T05:11:11Z
eEMz6w_ZGmg,@aremania4189,Semoga saja Bisa krn sudah mendarah daging...,0,2025-10-29T05:10:57Z
eEMz6w_ZGmg,@nakatanakamoto,beacukai sudah dari zaman orba,0,2025-10-29T05:10:02Z
eEMz6w_ZGmg,@DheVaz76,"Berarti apa yg di katakan pak mahfud benar, soal over invoiceing atau pemalsuan invoice, baik d lebihkan maupun yg d kurangi atau under invoice",0,2025-10-29T05:08:33Z
eEMz6w_ZGmg,@senlombok,Semoga pak Purbaya Yudhi Sadewa selalu dlm lindungan Allah ❤♥️🤲🤲,5,2025-10-29T04:57:16Z
eEMz6w_ZGmg,@Budakpaulus,TERNYATA KEHANCURANNYA MULAI 2014 SAMPAI 2023...BELUM SEKTOR YG LAINNYA .PARAH² MASA MULYONO INI..,0,2025-10-29T04:52:40Z
eEMz6w_ZGmg,@Budakpaulus,itu bea cukai lintas internasional...blm bea cukai nasonal...negara ini terlalu banyak bajingannya...dari penerimaan di korup bangkan lebih aman² saja di banding yg menjalankan pengeluaran yg banyk di tangkap korupnya,0,2025-10-29T04:50:52Z
eEMz6w_ZGmg,@luqmanhakim-yv7dt,Jeruji besi,0,2025-10-29T04:50:30Z
eEMz6w_ZGmg,@izamtuban2683,"Uang yang beredar ke masyarakat seluruh Indonesia:9000 T
Yang beredar ke sebagian mafia:10000 T
Betapa sakit nya negara ku😢",0,2025-10-29T04:48:15Z
eEMz6w_ZGmg,@AhmadPerdian-u9e,Tangkap pak semua yg terlibat,0,2025-10-29T04:44:36Z
eEMz6w_ZGmg,@Budakpaulus,ITU SEMUA JUGA MELIBATKAN BAWAHAN MENKEU...BEA CUKAI  DAN PERPAJAKAN TERLIBAT SEMUA ITU,0,2025-10-29T04:43:34Z
eEMz6w_ZGmg,@AlifahAlifah-lu7sd,Bongkar terus semua yang terlibat,0,2025-10-29T04:38:17Z
eEMz6w_ZGmg,@Itsmeputriesh,SMI kmaren ngapain aja? Mingkem 10thn 😂,0,2025-10-29T04:19:54Z
eEMz6w_ZGmg,@SuprinTurim,Cukup prabowo saja. Gak usah di sebut. prabowo Gibran,0,2025-10-29T04:11:11Z
eEMz6w_ZGmg,@akmalzainuddin9925,"Lunas utang kalau emang ndak Omon Omon... Buktikan Pak Prabowo, Pak Purbaya...",0,2025-10-29T04:06:01Z
eEMz6w_ZGmg,@Azzamkitl,"Gilaaa,,klo itu duit bs dibalikin ke negara,makmur sudah indonesia❤",0,2025-10-29T04:05:33Z
eEMz6w_ZGmg,@susahbener9698,"Bener banget pak noorsy
Data realtime harga di desentralisasi kalo perlu dicatat transaksi secara onchain seperti crypto
Maka semua akan jadi transparan.",0,2025-10-29T04:04:12Z
eEMz6w_ZGmg,@aaannisaasdnbhd,"Jangan salah ya.. para koruptor mulai kecium baunya sejak pemerintahannya pak jokowi.. makanya pak jokowi mendukung pak prabowo sbg president krn beliaulah yg sesuai utk menangkap para perampok negara.. krn pak prabowo backingannya adalah TNI.. 
pak jokowi udah berkali-kali ngasih sinyal kpd para koruptor… “hati2 ya…” 
Para koruptor ini udah lama berakar dr jamannya pak sby atau mungkin sebelum itu…
Mari bersama-sama kita doakan utk lemabaga pemerintah kita supaya dpt mengubah negara ini mjd negara yg bebas dr para mafia koruptor.. dan menjadikan negara ini mjd negara yg bangkit dan negara yg maju jaya… Aamiin",0,2025-10-29T04:03:56Z
eEMz6w_ZGmg,@aadus5726,Indonesia negri kaya cuma abis sama orang orang serakah.,0,2025-10-29T04:01:48Z
eEMz6w_ZGmg,@heruraharjo-r3c,Pak Prabowo sdh ok tinggal diikuti Panglima Kapolri Kehakiman dan kejaksaan dan yg Pasti Rakyat dukung . Mantap,0,2025-10-29T03:59:32Z
eEMz6w_ZGmg,@tomi-b4u1d,"Di mana menteri perdagangan ,,perpajajan,beacukai",0,2025-10-29T03:55:52Z
eEMz6w_ZGmg,@dityacool,10.000 T buat bayar hutang Negara 9.900 T masi dapat kembalian itu :D,0,2025-10-29T03:52:18Z
eEMz6w_ZGmg,@ahmadSaufi-f7i,Mafia itu orang2 pinter tapi jahanam.,0,2025-10-29T03:44:28Z
eEMz6w_ZGmg,@paksaudi6782,Optimis hutang negara NKRI bisa lunas oleh presiden RI BPK Prabowo Subianto dan menkeu bpk Purbaya hebat utk rakyat.,0,2025-10-29T03:39:50Z
eEMz6w_ZGmg,@pendekarbayangan8816,KPK kemana ?? Kok mentri keuangan yang harus bongkar aksi koruptor ??!,0,2025-10-29T03:39:31Z
eEMz6w_ZGmg,@ZainalAbidin-p4b8e,"Bapak prabowo seharusnya mengadakan  rapat internal dan memanggil para menteri, perdagangan, mentri perindustrian, dan mentri keuangan dan KPK. ini harus di selesaikan agar negri ini menjadi negri bersih dari MAFIA.",0,2025-10-29T03:35:53Z
eEMz6w_ZGmg,@IrfanArfani-d5u,"Jelas melibatkan orang dalam di dirjen bea cukai, hampir semua terlibat",0,2025-10-29T03:32:36Z
eEMz6w_ZGmg,@musriadi2729,Apabila ini terungkap maka Indonesia bisa membayar hutang luar negeri secara cash dari pengungkapan korupsi ini saya berharap mudah mudahan terjadi penangkapan besar-besaran dari mafia mafia ini yang sangat merugikan masyarakat Indonesia,0,2025-10-29T03:23:20Z
eEMz6w_ZGmg,@YonSahroni1965,Pemerintahan yg lalu terlalu cuek dgn Korupsi bukan tidak Terditeksi,0,2025-10-29T03:14:52Z
eEMz6w_ZGmg,@Abdulrohman402-n1e,"Tenaaang... dikantong saya ada 11.000.T
😂❤❤😂",0,2025-10-29T03:12:51Z
eEMz6w_ZGmg,@supriatikno6244,Jadi selama ini aparat bea cukai dan kepolisian serta perdagangan apa aja kerjanya kok ekspor/import illegal diloloskan payah sdh akhlak nya,0,2025-10-29T03:11:20Z
eEMz6w_ZGmg,@MarbunBanjarnahor-v2l,"Indonesia aneh 
Pengawasan BPK pintar yg ribut apa BPK yg bodoh karna tak sekolah 
Karna sanggup bilang fotocopy Identik, contoh ijasah Jokowi kata bareskriem Wak.",0,2025-10-29T03:11:17Z
eEMz6w_ZGmg,@MarbunBanjarnahor-v2l,"Takap pak Tampa 
Proses pak masukan  kelumbung buaya pak jikalau iya ada hukum , baru ada efek jeranya pak buat apa fikir berlebihan malah makin byk yg korupsi  karna jaman Mulyono luar biasa masuk dari depan keluar belakang karna pengawasan tidur 
Modus Wak 
Contoh 
Gayus Tambunan ....?",0,2025-10-29T03:08:26Z
eEMz6w_ZGmg,@welcomeNevadaMusk,Cuma dari FAKTUR IMPOR UTANG INDONESIA BISA LUNASSSSSSSS.....bayangkan jika semua industri besar jujur brapa JUTA TRILIUN UANG YG negara ini punya katanya negara kaya...nyatanya hanya buat makan masih banyak yg susah,0,2025-10-29T03:07:14Z
eEMz6w_ZGmg,@arifsulartosularto,"Bangsa ini kl dikelola dgn baik , penegakan hukum tegas di semua sisi...ngga perlu utang, rakyatnya sekolah gratis sampe kuliah, kesehatan gratis...saya YAKIN SEYAKIN YAKINNYA.",0,2025-10-29T03:06:32Z
eEMz6w_ZGmg,@AsmiranMs,"Semoga pak Purbaya terap komet, jgn cuma omon omon seperti Perabowo",0,2025-10-29T03:06:06Z
eEMz6w_ZGmg,@rendisetiawan2631,typo ih thumbnailnya,0,2025-10-29T03:04:54Z
eEMz6w_ZGmg,@miaucat-81,10.000 triliun ????    Innalilahi..,0,2025-10-29T03:03:54Z
eEMz6w_ZGmg,@MarbunBanjarnahor-v2l,"Yg di gaji pemerintah yg namanya  ( PENGAWASAN )
Pada pigi kemana ..pak...? 
Capek cuma terima gaji jikalau tidur pak....? 
Apa ini yg terbaik apa ngak ada yg lebih baik lagi ....
Lidah tak bertulang ujung nya yg salah itu anak yg baru lahir .",0,2025-10-29T03:03:37Z
eEMz6w_ZGmg,@arifsulartosularto,"arti dari ""di saku saya ada 11.000T ternyata duit mafia...Tuhan Maha Pemberi Tahu.",0,2025-10-29T03:02:43Z
eEMz6w_ZGmg,@EfraProditus,"Selama ini kerja apa Suryani semasa jabat Menkeu? Makan gaji buta, tak pernah sidak lapangan. Mantap PK. Purbaya, lanjutkan tugas mulia, jangan SPT pejabat2 sblmnya, makan gaji buta",0,2025-10-29T02:59:57Z
eEMz6w_ZGmg,@arifsulartosularto,inilah hasil kebobrokan 10thn kemarin,0,2025-10-29T02:59:32Z
eEMz6w_ZGmg,@rayenroyin5492,"Mudah-mudahan SRI MULYANI DAN JOKOWI nonton ini, biar tahu kalian hasil kerja kalian selama 10 tahun ini",0,2025-10-29T02:55:17Z
eEMz6w_ZGmg,@imronsyafeichenel264,Prabowo juga tanpa purbaya pincang. Mentri yg bnar2 berani itu cuma purbaya. Pertama dalam Sejarah indonesia se org mentri membela rakyat habis habisan membrantas korupsi,0,2025-10-29T02:53:28Z
eEMz6w_ZGmg,@radiono7180,"Jangan panik,Uang hampir 11.000 T tidak hilang,...ada di saku baju ku.....",0,2025-10-29T02:46:44Z
eEMz6w_ZGmg,@italyshopmarosthrift9845,MADIA BEA CUKAI TUH YANG MAU DI BERANTAS BUKAN IMPORTIRNY MEREKA KAN BAYAR PAJAK ORANG BEA CULAINY YANG BERMAIN,0,2025-10-29T02:43:42Z
eEMz6w_ZGmg,@AbdulQorib-d3e,"Menkeu ini 👍🏼👍🏼👍🏼kalau mau ngomong ya ngomong aja.ceplas ceplos tanpa beban,karna beliau punya data yg falit.💪🏼💪🏼💪🏼🙏🏼🙏🏼🙏🏼",0,2025-10-29T02:42:36Z
eEMz6w_ZGmg,@JosuaPiere,"Tolong KPK dan kejaksaan mengusut semua pemain yg mengakibatkan kerugian negara yg sangat besar ini, dgn tanpa pandang bulu. Sudah cukup para mafia negri ini membuat rakyat NKRI sengsara.",0,2025-10-29T02:40:04Z
eEMz6w_ZGmg,@SABUANA-iq2zx,Skalian sidak dong WNA ilegal  yg berkeliaran di kampung2,0,2025-10-29T02:33:14Z
eEMz6w_ZGmg,@RimisnarBa,"Ya Allah Lindungilah Pak Purbaya, Pak Amran , Pak Prabowo , Pak ST Burhanuddin yg sedang Kerja Keras Untuk melawan Ketidakadilan Adilan dan Meningkatkan Kesejahteraan Rakyat Indonesia, Aamiin Yaa Robbal Aalamiin 🤲🤲🤲",1,2025-10-29T02:30:37Z
eEMz6w_ZGmg,@achmadardiansyah1721,"Ini menjadi pertanyaan besar kinerja Sri Mulyani. Mengapa selama ini beliau  melakukan pembiaran? Jika uang sebesar itu masuk ke kas negara, Sri Mulyani tidak perlu menaikkan pajak dan membebankan masyarakat...",0,2025-10-29T02:29:17Z
eEMz6w_ZGmg,@suduq63,"birokrat bea cukai, birokrat pajak dari dulu kerjanya begitu",0,2025-10-29T02:29:05Z
eEMz6w_ZGmg,@TitiMaelah,Good job.very good action pak Purbaya,0,2025-10-29T02:27:27Z
eEMz6w_ZGmg,@imaszulaiha7061,"Di beking rakyat indonesia....hayo kita ptotect menkeu n presiden kita dari garong2 di negeri kita baik yg berdasi maupun barbar.  Dah saatnya kitz bersih2 dr para tikus berbaju bunglon n kita harus satu suara n satu gerak karena orang2 jahat gini jika terusik tidak akan segan mengacak2 kondusifitas negeri kita atau dibikin ricuh,ingat kira tdk boleh terprovokasi saat mafia ini bekerja utk kekacauan karena pst dibekingi negara2 yg dirugikan.",0,2025-10-29T02:27:03Z
eEMz6w_ZGmg,@Abdulrohman402-n1e,Waspada pak Presiden...ganti juga kalapas2 yg korup dan jahat,0,2025-10-29T02:26:06Z
eEMz6w_ZGmg,@eviaya5994,"Sehat  sehat PK Prabowo PK Purbaya  ketulusan mu akan di lindungi allaah SWT amiin 🤲🤲🤲🤲hancur kn para pejabat tikuus ,, br dasi",0,2025-10-29T02:25:04Z
eEMz6w_ZGmg,@bambangmroeslan5003,Petakan sj siapa2 orangnya...jika skrg tdk bs diselesaikan krn pak Pur di Cut.....smg rakyat semesta yg akan meneruskanya,0,2025-10-29T02:20:22Z
eEMz6w_ZGmg,@NingSih-b1w4e,"Gak takut dosa blas,opo arep urep terus to para mafia ini,ya ampuun....",0,2025-10-29T02:19:45Z
eEMz6w_ZGmg,@andalusia477,Ngeri sekali ternyata negeri ini...rakyat harus segera bangkit bantu pak Prabowo..,3,2025-10-29T02:18:13Z
eEMz6w_ZGmg,@sarifahyunita1252,apa ini yg maksudnya 11 ribu di kantong?,0,2025-10-29T02:17:29Z
eEMz6w_ZGmg,@NingSih-b1w4e,"Wong kok ora duwe dosa blas....opo besok klo meninggal g mempertanggung jawabkan kpd Tuhan,ya ampuun....kasihan keturunannya akn mikul dosanya juga....ya Allah.... bukalah hati pikiran orang"" yg salah jln itu utk bertobat,mmbuat rakyat kecil sengsara",0,2025-10-29T02:17:06Z
eEMz6w_ZGmg,@hisarsitompul3194,"Biang kerok kerusakan ini adalah Presiden yg lalu. Dimulai dari meritokrasi penempatan pejabat berdasarkan suka suka yg penting amankan ""Saya"".... mulai dr ASN TNI POLRI dan bahkan APH ....kembalikan semua prosedur meritokrasi ke asalnya SEGERA",0,2025-10-29T02:15:16Z
eEMz6w_ZGmg,@ElifazDarmawanRum,"...tidak hanya tekstil, otomotif,,,, alat berat merk-merk Jepang, China Korea  berlindung diisitu....",0,2025-10-29T02:12:40Z
eEMz6w_ZGmg,@azmanaz1007,Mantap pak lanjutkn,0,2025-10-29T02:12:33Z
eEMz6w_ZGmg,@sulastrisulastri9945,"Astaghfirullah..benar2 sakit parah negara kita ini,oleh kelakuan para pejabat yg khianat/korup.butuh pejabat yg punya nurani bersih utk membenahi nasip rakyat yg terhimpit.transparansi  telah membuka bgmna kinerja wakil2 kita disinggasana..rakyat bisa menilai",0,2025-10-29T02:06:10Z
eEMz6w_ZGmg,@brijonesstibies4915,Sikat semua para mafia dan koruptor baik diDPR maupun di kementrian. Kamu rakyat dukung Pak Prabowo dan menteri keuangan Prabowo.,1,2025-10-29T01:56:27Z
eEMz6w_ZGmg,@PasyaPasya-e4y,"Ayo dukung pak prabowo dan pak purbaya unt membasmi mafia didalam pemerintah dan dpr. Semuanya berasal dari partai yg bobrok, seperti pdip",0,2025-10-29T01:56:13Z
eEMz6w_ZGmg,@RaiskaQonitatuislami,Wih keren menkeu pys versus 10 ribu triliun milik maria top gebrakan nya,0,2025-10-29T01:55:59Z
eEMz6w_ZGmg,@MuhammadFaris-we9bk,Allah mulai menurunkan mahluknya untuk memperbaiki kerusakan di muka bumi lewat pa pur... dan pa de wo... mudah2an mereka selalu dilindungi.. dan khusnul khatimah.. aamiin,0,2025-10-29T01:55:51Z
eEMz6w_ZGmg,@Solihin-i2k8x,Tugas kpk apa.kok sekarang tidak dengar taringnya.mending dibubarkan saja.,0,2025-10-29T01:53:55Z
eEMz6w_ZGmg,@PasyaPasya-e4y,"Munculkqn efek jera, maka pasti berubah. Terutama pada  pengusaha mafia besar, jangan pada rakyat kecil. Rakyat kecil hanya korban mafia ini.",0,2025-10-29T01:51:25Z
eEMz6w_ZGmg,@awchannel7524,"Orang yang ingin memperbaiki sistem keuangan Indonesia, justru para Pejabat seperti Luhut, politisi dan DPR malah menjadi gerah.",0,2025-10-29T01:47:53Z
eEMz6w_ZGmg,@MancingdanMendaki,"Begini PaK Purbaya kasus trip dan rok*ok itu mirip2 banyak menciptakan lapangan pekerjaan, bahkan trip jauh lebih banyak UMKM yg terlibat, jika dulu departeman lain menaikkan cukai lalu Anda sentil bisa gak menciptakan lapangan kerja baru jika pabrik r*kok tutup? maka hati2 Pak jangan sampai menelan ludah sendiri di per-trip-an, jangan sampai sekelas pedagang eceran yg kena yg  akan meciptakan pengangguran baru.",1,2025-10-29T01:41:52Z
eEMz6w_ZGmg,@awchannel7524,"Purbaya ilmunya bermanfaat bagi kemaslahatan rakyat Indonesia, sedangkan Termul ilmunya bermanfaat untuk melindungi kebohongan Jokowi dan geng SPO.",0,2025-10-29T01:40:34Z
eEMz6w_ZGmg,@ElifazDarmawanRum,sbesar itu harusnya buat Independent Team dalam Penangkapan Mafia.... (maaf jgn tunjuk Polisi.lagi)..harus gabungan dari Berbagai Angkatan..,0,2025-10-29T01:40:28Z
eEMz6w_ZGmg,@awchannel7524,Mari rakyat Indonesia kita dukung pak Prabowo dan Purbaya berantas mafia di Indonesia yg merugikan ribuan triliun.,2,2025-10-29T01:35:34Z
eEMz6w_ZGmg,@awchannel7524,"Zaman Jokowi banyak ulama yg diborgol dan ditangkap dizaman Prabowo para Koruptor Pertamina, CPO, Importir, Tambang illegal banyak ditangkap.",0,2025-10-29T01:30:24Z
eEMz6w_ZGmg,@israkha1,"bisa dong di lenyapkan , jika Birokrat dan aparat korupt nya di lenyapkan dulu",0,2025-10-29T01:29:54Z
eEMz6w_ZGmg,@Fahriramadan-dc5uf,Siapkan dana untuk buat pembangunan penjara di tengah laut khusus untuk para koruptor di tempat yg banyak hiunya dan buaya juga piranha,0,2025-10-29T01:29:23Z
eEMz6w_ZGmg,@bunyonyaas6451,"Prabowo harusnya mengangakat p mahfud.untuk kementrian di bidang hukum,sudirman said di pertamina ,said didu di bumn,dan banyak lagi orang orang pinter dan jujur untuk bekerja sama dan saling mendukung langkah p purbaya agar negri ini benar benar bersih dari praktek kolusi,korupsi ,nepotisme,dan lebih penting ngejar tikus tikus berdasi dan tikus liar yg besar besar yg selalu mencuri dan menggerogoti negri ini",0,2025-10-29T01:23:44Z
eEMz6w_ZGmg,@adet.a8154,"kalau bisa dikembalikan, utang whoosh bisa sangat amat terbantu utk dilunasi",0,2025-10-29T01:21:02Z
eEMz6w_ZGmg,@listinara1274,"Hanya satu Mentri berani obrak abrik buruk nya pemerintah di era pak Prabowo ini.sunguh kalian 10th yg lalu begitu bengis dan tega kepada bangsa mu dan rakyat mu salah apa rakyak mu sehingga kalian tega berhianat kepada negara mu kalian makan dan minum yg sama di bumi Indonesia kenapa kalian diem aja,sungguh kalian bukan patriot atau pejuang Indonesia kalian ini sudah tersusupi ahklak yg kotor berkaca lah pada diri mu sendiri dan tuhan mu sungguh balasan itu akan datang pada dirimu kalian yg tega kepada negara dan rskyat.salam waras sehat selalu pak purbaya dan presiden pak Prabowo jaya Indonesia",0,2025-10-29T01:20:15Z
eEMz6w_ZGmg,@kapten_strike,1500km di arab menjadi 150 km di konoha,0,2025-10-29T01:15:31Z
eEMz6w_ZGmg,@Icad-or2xs,"Ini Singapore, Malaysia, Cina, ternyata sudah banyak makan keuntungan dari Indonesia...
Dari minyak, CPO, ekspor impor, Retail, dll

Boleh jadi Ekonomi Rakyat Indonesia blangsak, ternyata mereka para penikmat kekayaan alam Indonesia...

Biadab, Para Koruptor memang wajib di hukum mati di Indonesia",0,2025-10-29T01:11:11Z
eEMz6w_ZGmg,@miramiramirapesek7527,Selama iNi Sri kemana...,0,2025-10-29T01:09:02Z
eEMz6w_ZGmg,@sikultv1594,Narasumber ini mantan Menkeu ....ngomongnya enak banget tapi zaman dia menjabat babak belur ekonomi Indonesia....kocak ini orang....pake peci pula .....wahhh parahhh,1,2025-10-29T01:03:08Z
eEMz6w_ZGmg,@boedinopian2423,"10 000 TRILYUNN 
Mulai 2014 - 2023 ..

Start kardus suara ghoib yg digembok tengah malam 2014 dan  KPU diam membisu kayak robot ...
+ Cebongers2 + ternak2 mafia olie gardan ...

Sejak itu ..
Indonesia kelam..
Bnyk garong  ...
Bnyk perampok 
Dan begundal2 yg mengambil uang rakyat dan mencuri sumber daya Alam ..",0,2025-10-29T00:57:48Z
eEMz6w_ZGmg,@YulleYulle,Pantasan raya semakin miski karna di bodoin memeras raya,0,2025-10-29T00:54:12Z
eEMz6w_ZGmg,@mustikatika726,Maju trus pak purbaya kami rakyat miskin berharap banyak ada anda semoga NKRI ini lebih makmur,0,2025-10-29T00:50:57Z
eEMz6w_ZGmg,@Uciha_sishui,"*JOKOWI : JANGAN HITUNG UNTUNG RUGI NYA, TAMBANG BIARIN ORMAS AGAMA PENDUKUNG SAYA YG NGURUS TAMBANG, PULAU² PROSPEK DESTINASI BIARIN TEMAN² SAYA YG KELOLA, FOOD ESTATE BIARIN AJA GAGAL TRILIUNAN, JABATAN² ELIT BIARIAN GENG SAYA NGISI POSISI, KPK , BPK, PPATK BIARKAN AJA ITU ANAK BUAH DADI GENG SAYA, KEPOANKAN² DARI ISTRI SAYA BIARKAN DI PERUSAHAAN² BUMN MENJABATI JABATAN, IPAR SAYA BIARIAN TETEP DI MK, MENANTU SAYA SUDAH NYAMAN GUBERNUR, APALAGI ANAK² SAYA*
KALIAN HARAP MAKLUM, GAK USAH IRI, KONOHA MILIK SAYA N GENG, BIAR BISA KASI MAKAN PELIHARAAN SAYA SI PARA TERMUL 🤣🤣🤣🤣",0,2025-10-29T00:49:59Z
eEMz6w_ZGmg,@jokowidiarso7734,"Begitu kompleknya masalah di pajak dan bea cukai, susah kayaknya, yg penting targetkan uang 10,000 T dapat diambil negara",0,2025-10-29T00:49:51Z
eEMz6w_ZGmg,@NurBaiti-k6q,Pejabat birokrasi di negara konoha sangat mencintai uang jadi mudah di suap,0,2025-10-29T00:49:20Z
eEMz6w_ZGmg,@muhammadyusuf-rc2re,Dukung bersih2 jaga pak purbaya dlm menghadapi mafia di dlm penyelenggara negara…,0,2025-10-29T00:49:17Z
eEMz6w_ZGmg,@mustikatika726,Pak prabowo rangkul narasumber yng 1 ini buat dampingi pak purbaya pak bliyau tau persis seluk beluk impor exspor pak,0,2025-10-29T00:47:34Z
eEMz6w_ZGmg,@alfianputrajaya4830,"Pantas negara ini sarang penyamun, saya sudah berumur hampir 60th, saya merasa hidup di Indonesia, semakin lama bukan nya tambah baik malah semakin susah, mencari nafkah semakin susah, pengeluaran tambah banyak, tambah mahal, sedang kan pendapatan semakin kecil, malah kadang2, nol pendapatan, harus nya seperti Mahfud MD katakan harus nya pendapatan rakyat Indonesia mendapat kan 20juta/ bulan, dan kata prof Mahfud baru dari satu produk tambang belum yg lain produk Indonesia, karena Indonesia sangat kaya 😢",0,2025-10-29T00:45:48Z
eEMz6w_ZGmg,@saptonomaman5063,Ini talk show dg narasumber berbobot. Ada ilmu di situ. Jgn diisi narasumber KARBITAN.,0,2025-10-29T00:45:41Z
eEMz6w_ZGmg,@doeljiro,Ktnya negara kaya tp apa2 import.. terlalu banyak kutu busul,0,2025-10-29T00:40:45Z
eEMz6w_ZGmg,@Mr.RaymooKaphooren,MENGERIKAAAANNN 😮,0,2025-10-29T00:36:58Z
eEMz6w_ZGmg,@alizarhasan3653,Sepuluh ribu T kalau tidak bocor ya Allah sdh sejahtera rakyat Indonesia terutama dalam segi kesehatan dan pendidikan,0,2025-10-29T00:31:57Z
eEMz6w_ZGmg,@mawarmawar6617,Ya klw Dan ga ada ya mau kems mereka dipikirksn dong,0,2025-10-29T00:31:16Z
eEMz6w_ZGmg,@jokowidiarso7734,Menteri perdagangan warisan Zulkifli Hasan yg korup ketika menjadi menteri,0,2025-10-29T00:31:15Z
eEMz6w_ZGmg,@MunardiMunardi-mk1uw,Dan mafia selalu di dekengi oleh petinggi2 negara.makanya susah di brantas.semoga saja ini bisa si Brantas🙏,1,2025-10-29T00:30:03Z
eEMz6w_ZGmg,@melaniimel4500,Gila bisa bayar lunas utang negara 😂,0,2025-10-29T00:28:40Z
eEMz6w_ZGmg,@enisapamajuhi4563,"Yg diekspor Amerika 100 tapi di cacatan impor di Indonesia 50, supaya bea masuk dibayar importir hanya yg dari 50. Pantesan orang bea cukai pada kaya kaya.",0,2025-10-29T00:22:06Z
eEMz6w_ZGmg,@ulpaharifin9587,Klu bisa. .Bpk Ihsan Noorsy dan bkp fuadbawazier bersatu bantu Bapak Mentri keuangan utk membangun bangsa ini..,0,2025-10-29T00:13:07Z
eEMz6w_ZGmg,@IndosatIm3-j3d,27 : 11 langsung ke 27 : 13 wkwk,0,2025-10-29T00:11:49Z
eEMz6w_ZGmg,@YokiLiandri-z5h,Ayo pa Prabowo duit bertumpuk rakyat buat makan aja susah,0,2025-10-29T00:11:40Z
eEMz6w_ZGmg,@Bonsai_Pharmacy,Kirain 10 rb rupiah,0,2025-10-29T00:10:38Z
eEMz6w_ZGmg,@MunardiMunardi-mk1uw,Ya Alloh lingdungilah  Persiden dan mentri2nya.buat membasmi koroftor.ahar rakyat bisa sejahtera...🙏,0,2025-10-29T00:09:44Z
eEMz6w_ZGmg,@titingnurhayati9906,"Ayo dukung rakyat indonesia, penyelenggara negara yg jujur srperti pak prabowo dan pak purbaya,",19,2025-10-29T00:07:55Z
eEMz6w_ZGmg,@MunardiMunardi-mk1uw,"Akan kah semua itu akan bisa trtangkaf,pelaku2 koroftor itu.kalau sebelumnya udah di beritakan.yg ada nanti bisa pelaku akan kabur dan menghilangkan barang bukti.",0,2025-10-29T00:06:17Z
eEMz6w_ZGmg,@IbnusinaSina-o6k,"Semoga pak Purbaya, pak Presiden Prabowo tetap menyala bersama rakyat .... Jadikanlah keadilan sosial bagi seluruh rakyat Indonesia ..",15,2025-10-29T00:06:01Z
eEMz6w_ZGmg,@UbaiAzzam,"SRI dulu kelamaan minggat tuku trasi, jadinya lupa nggak ngurusin negara 😢",0,2025-10-29T00:04:52Z
eEMz6w_ZGmg,@JejakaTua-b4g,"Dulu LBP bilang makan dikit-dikit ngak 
Apa-apalah ya namanya juga manusia saya masih ingat betul ucapan lbp",0,2025-10-29T00:04:02Z
eEMz6w_ZGmg,@salfaandini8867,"mau makmur dan sejahtera kapan rakyat ? 
garongnya rakus banget tanpa takut dosa dan neraka.😮",0,2025-10-29T00:01:04Z
eEMz6w_ZGmg,@zaherdicrs4740,Kita baru sadar ternyataa mafia ada dan punya kuasa di nkri...,0,2025-10-29T00:00:38Z
eEMz6w_ZGmg,@AmikSolikhin,"Ya Allah lindungilah Bapak Prabowo, Bapak Purbaya dan Bapak,Ibu penjabat yg sejalan dengan Bapak Prabowo,Bapak Purbaya, dari orang"" jahat para koroptor dan hancurkanllah para koroptor itu. Aamiin 🇵🇼",2,2025-10-28T23:59:19Z
eEMz6w_ZGmg,@Zahiyahmumtazaharno,Maju terus pk..,0,2025-10-28T23:55:20Z
eEMz6w_ZGmg,@haryoketro4102,"Ini barulah presiden rakyat Indonesia, yang dulu kan petugas Partai.😂😂😂",0,2025-10-28T23:54:53Z
eEMz6w_ZGmg,@sutarsutardi1736,Waaow mantaab,1,2025-10-28T23:51:09Z
eEMz6w_ZGmg,@starnospl5956,"Akar masalahnya dari STAN, institusi pendidikan yang pembentukan mental mhs nya berbasis hedonisme.",1,2025-10-28T23:38:13Z
eEMz6w_ZGmg,@yahyaputra7257,BAPAK PRESIDEN PRANOWO HARUS DIBANTU OLEH WAKIL PREDIDEN YANG BAGUS JUGA. NEGARA INI AKAN MAJU BILA PEMIMPIN NYA SANGAT KUAT.,1,2025-10-28T23:36:07Z
eEMz6w_ZGmg,@ererepp,😅😅bukti kerja nyata 10thn dikelolah mafia,34,2025-10-28T23:33:28Z
eEMz6w_ZGmg,@ayupfaizal4610,mantap pak presiden,4,2025-10-28T23:29:15Z
eEMz6w_ZGmg,@maizierbarid,"dari tiongkok kok dipotong , mmg masalah tiongkok selalu ditutup2 i . mbelgedez",1,2025-10-28T23:29:07Z
eEMz6w_ZGmg,@achmadyani8842,"keren bang Ichsan, gaskeun ...",3,2025-10-28T23:28:34Z
eEMz6w_ZGmg,@KasidoWijaya,Astaghforloh halazim...segitu banyaknya ...maling menjarah...semoga pak menkeu dilindungi alloh subhanahu wara ala...,1,2025-10-28T23:26:56Z
eEMz6w_ZGmg,@hasyimasharihasyim7735,SEMOGÀ ALLAH TUHAN YG MAHA ÉSA MELINDUNGI PAK PURBAYA DAN PAK PRABOWO. INSYA ALLAH RAKYAT MAKMUR KL SEGALA MAFIA DI BASMI,22,2025-10-28T23:25:33Z
eEMz6w_ZGmg,@firmanmunggarans.pd.gr.1602,"Mdh2n segera d tuntaskan UU Perampasan Aset, Pembuktian terbalik untuk bisa mengambil seluruh hasil SDA spy bisa tecapapai keadilan sosial bagi seluruh rakyat Indonesia gaskeun 🎉😢😢",4,2025-10-28T23:24:46Z
eEMz6w_ZGmg,@munzirsiddik1784,Beda memang kalau menteri bukan dari partai,73,2025-10-28T23:22:51Z
eEMz6w_ZGmg,@isaansyori8749,"Rusaak.. Rusaakk.. Rusaakkkkk...10 tahun jokowe presiden pelihara mafia faktur Impor yg merajalela.. transaksi dg jumlah fantastis dr Impor dg penipuan harga dan dipakai untuk pencucian uang ..
 ilegal tambang dan lain2.. termasuk pakaian bekas yang merugikan pabrikan2 di Indonesia.. 😭😭😭",12,2025-10-28T23:19:42Z
eEMz6w_ZGmg,@Juharisilaen,Mana media masa yg Kain yg Katanga senantiasa menyampaikan impormasi yg AKurat Dari sumber  yg terpercaya dibidangnya ayo bongkar Sama Sama agar secepatnya piral supaya secepatnya ditindak lanjuti Oleh para penegak Hukum . sebab mereka tidak tau situasi Dan kondisi. Didalam pencegahan maupun penindakan .,4,2025-10-28T23:19:02Z
eEMz6w_ZGmg,@achmadyani8842,"jokowi kalau memang bersalah, penjarakan .. harus konsisten, jangan di maafkan.",1,2025-10-28T23:18:15Z
eEMz6w_ZGmg,@HermantoRabaini,"🙏🙏 lihat tu pak purbaya bekerja dengan keras dan tulus untuk negri ini, para mentri yang lain kemana!! Bantu lah pak prabowo dan bekerjalah dengan bersungguh sungguh untuk negri kita ini, agar kedepan nya apa yang kita cita cita kan mau menjadi indonesia emas terwujud, para mentri harus bersungguh sungguh bekerja untuk negri dan membantu pak prabowo menjalan kan pemerintahan yang baik dan berkompoten.",38,2025-10-28T23:13:52Z
eEMz6w_ZGmg,@Pariah109,Lindungilah PK Purbaya  ya allaah sejahterahkn la rakyat Indonesia ya Allaah,87,2025-10-28T23:06:55Z
eEMz6w_ZGmg,@budisantoso-kt4yg,"Ya Allah mudah2an segala usaha yg dilakukan Pak Prabowo dan Pak Purbaya bener2 terwujud sehingga negara kita Indonesia gk utang2 lagi ke negara lain, rakyat gk usah bayar pajak ini itu, kesehatan terjamin, semua rakyatnya sejah tera.",66,2025-10-28T22:55:40Z
eEMz6w_ZGmg,@MadaGaskar-t6h,"Ex Menteri_ Menteri ini Cuma Jadi Kasir . Dibsetir para Pelaku.
Buktinya Terus twrjadi mangkin Parah.!
Tauh tapi tdk bisa berbuat apa2
Bahkan bisa jadi Pejabat terkait semua kerja sama.",1,2025-10-28T22:54:33Z
eEMz6w_ZGmg,@achmadyani8842,"mari kita dukung pemberantas korupsi, PURBAYA , Insa Allah ...",80,2025-10-28T22:49:37Z
eEMz6w_ZGmg,@kardiyonokardiyono8173,Jawaban mantan: gak tau saya kok tanya saya...,1,2025-10-28T22:49:19Z
eEMz6w_ZGmg,@canelku771,Selidiki Sri Mulyani,2,2025-10-28T22:44:44Z
eEMz6w_ZGmg,@AgusLatief-b1y,Daya rusak Mulyono dan kroni kroninya  memang luar biasa....dan  membuat rakyat mlarat....kurang ajar banget ya ..dan termul termul harus diadili...karna membuat rakyat miskin.....mlarat...lindungi pak Purbaya....,1,2025-10-28T22:41:00Z
eEMz6w_ZGmg,@Dii86,Singapur jadi surga org2 kaya Indonesia parkir kekayaan nya di sana. Harta dan uang mereka dilindungi sama bank dan pemerintah sana.,27,2025-10-28T22:32:16Z
eEMz6w_ZGmg,@agussumaryadi,Begini jadinya kalo presidennya planga plongo. Selama 10 tahun cuma sibuk gimana caranya 3 periode,1,2025-10-28T22:31:48Z
eEMz6w_ZGmg,@agussumaryadi,"10 tahun kemarin, presiden nya ngapain?",2,2025-10-28T22:25:24Z
eEMz6w_ZGmg,@KajiRofiq,Ayoo metro beritakan optisme ekonomi indo,6,2025-10-28T22:22:57Z
eEMz6w_ZGmg,@ahmadn7576,"Srimul etik Luhut Bahlil srimul mkel Mulyono,Tito, Sigit geng solo siap2x ya,anda SDH TDK tenang",1,2025-10-28T22:14:40Z
